date,open,high,low,close,amount,volume
2011-01-04,100.21,100.21,100.21,100.21,0.0,0.0
2011-01-05,100.61,100.61,100.61,100.61,380.0,0.0
2011-01-06,100.53,100.53,100.53,100.53,0.0,0.0
2011-01-07,100.62,100.62,100.62,100.62,170.0,0.0
2011-01-10,100.53,100.53,100.53,100.53,180.0,0.0
2011-01-11,100.33,100.33,100.33,100.33,0.0,0.0
2011-01-12,100.46,100.46,100.46,100.46,0.0,0.0
2011-01-13,100.37,100.37,100.37,100.37,80.0,0.0
2011-01-14,100.09,100.09,100.09,100.09,0.0,0.0
2011-01-17,99.88,99.88,99.88,99.88,0.0,0.0
2011-01-18,99.65,99.65,99.65,99.65,0.0,0.0
2011-01-19,99.79,99.79,99.79,99.79,0.0,0.0
2011-01-20,99.81,99.81,99.81,99.81,0.0,0.0
2011-01-21,99.62,99.62,99.62,99.62,400.0,0.0
2011-01-24,99.59,99.59,99.59,99.59,0.0,0.0
2011-01-25,99.46,99.46,99.46,99.46,550.0,0.0
2011-01-26,99.54,99.54,99.54,99.54,800.0,0.0
2011-01-27,99.51,99.51,99.51,99.51,800.0,0.0
2011-01-28,99.54,99.54,99.54,99.54,800.0,0.0
2011-01-30,99.56,99.56,99.56,99.56,800.0,0.0
2011-01-31,99.5,99.5,99.5,99.5,800.0,0.0
2011-02-01,99.5,99.5,99.5,99.5,800.0,0.0
2011-02-09,99.04,99.04,99.04,99.04,550.0,0.0
2011-02-10,98.9,98.9,98.9,98.9,0.0,0.0
2011-02-11,98.98,98.98,98.98,98.98,0.0,0.0
2011-02-12,98.98,98.98,98.98,98.98,0.0,0.0
2011-02-14,99.39,99.39,99.39,99.39,0.0,0.0
2011-02-15,99.53,99.53,99.53,99.53,0.0,0.0
2011-02-16,99.54,99.54,99.54,99.54,0.0,0.0
2011-02-17,99.55,99.55,99.55,99.55,0.0,0.0
2011-02-18,99.56,99.56,99.56,99.56,0.0,0.0
2011-02-21,99.39,99.39,99.39,99.39,200.0,0.0
2011-02-22,99.61,99.61,99.61,99.61,200.0,0.0
2011-02-23,100.07,100.07,100.07,100.07,0.0,0.0
2011-02-24,100.65,100.65,100.65,100.65,0.0,0.0
2011-02-25,100.33,100.33,100.33,100.33,0.0,0.0
2011-02-28,100.47,100.47,100.47,100.47,0.0,0.0
2011-03-01,100.49,100.49,100.49,100.49,0.0,0.0
2011-03-02,100.56,100.56,100.56,100.56,0.0,0.0
2011-03-03,100.53,100.53,100.53,100.53,0.0,0.0
2011-03-04,100.46,100.46,100.46,100.46,0.0,0.0
2011-03-07,100.53,100.53,100.53,100.53,0.0,0.0
2011-03-08,100.78,100.78,100.78,100.78,0.0,0.0
2011-03-09,100.76,100.76,100.76,100.76,0.0,0.0
2011-03-10,100.48,100.48,100.48,100.48,0.0,0.0
2011-03-11,100.48,100.48,100.48,100.48,0.0,0.0
2011-03-14,100.73,100.73,100.73,100.73,0.0,0.0
2011-03-15,101.09,101.09,101.09,101.09,0.0,0.0
2011-03-16,100.85,100.85,100.85,100.85,0.0,0.0
2011-03-17,101.08,101.08,101.08,101.08,0.0,0.0
2011-03-18,100.71,100.71,100.71,100.71,0.0,0.0
2011-03-21,100.54,100.54,100.54,100.54,100.0,0.0
2011-03-22,100.66,100.66,100.66,100.66,0.0,0.0
2011-03-23,100.66,100.66,100.66,100.66,0.0,0.0
2011-03-24,100.73,100.73,100.73,100.73,400.0,0.0
2011-03-25,100.76,100.76,100.76,100.76,0.0,0.0
2011-03-28,100.64,100.64,100.64,100.64,0.0,0.0
2011-03-29,100.79,100.79,100.79,100.79,0.0,0.0
2011-03-30,101.13,101.13,101.13,101.13,0.0,0.0
2011-03-31,101.09,101.09,101.09,101.09,10.0,0.0
2011-04-01,101.16,101.16,101.16,101.16,720.0,0.0
2011-04-02,101.21,101.21,101.21,101.21,720.0,0.0
2011-04-06,101.04,101.04,101.04,101.04,860.0,0.0
2011-04-07,101.11,101.11,101.11,101.11,1640.0,0.0
2011-04-08,101.2,101.2,101.2,101.2,1120.0,0.0
2011-04-11,100.98,100.98,100.98,100.98,980.0,0.0
2011-04-12,101.18,101.18,101.18,101.18,1370.0,0.0
2011-04-13,100.93,100.93,100.93,100.93,0.0,0.0
2011-04-14,101.02,101.02,101.02,101.02,430.0,0.0
2011-04-15,101.03,101.03,101.03,101.03,300.0,0.0
2011-04-18,100.95,100.95,100.95,100.95,320.0,0.0
2011-04-19,101.07,101.07,101.07,101.07,1180.0,0.0
2011-04-20,101.09,101.09,101.09,101.09,500.0,0.0
2011-04-21,101.1,101.1,101.1,101.1,0.0,0.0
2011-04-22,101.07,101.07,101.07,101.07,0.0,0.0
2011-04-25,101.07,101.07,101.07,101.07,620.0,0.0
2011-04-26,101.16,101.16,101.16,101.16,400.0,0.0
2011-04-27,101.4,101.4,101.4,101.4,1000.0,0.0
2011-04-28,101.49,101.49,101.49,101.49,800.0,0.0
2011-04-29,101.41,101.41,101.41,101.41,800.0,0.0
2011-05-03,101.43,101.43,101.43,101.43,1220.0,0.0
2011-05-04,101.47,101.47,101.47,101.47,1120.0,0.0
2011-05-05,101.52,101.52,101.52,101.52,1120.0,0.0
2011-05-06,101.84,101.84,101.84,101.84,1120.0,0.0
2011-05-09,101.83,101.83,101.83,101.83,800.0,0.0
2011-05-10,101.9,101.9,101.9,101.9,800.0,0.0
2011-05-11,101.94,101.94,101.94,101.94,940.0,0.0
2011-05-12,102.03,102.03,102.03,102.03,1150.0,0.0
2011-05-13,101.92,101.92,101.92,101.92,1230.0,0.0
2011-05-16,101.76,101.76,101.76,101.76,940.0,0.0
2011-05-17,101.74,101.74,101.74,101.74,1490.0,0.0
2011-05-18,101.68,101.68,101.68,101.68,2080.0,0.0
2011-05-19,101.69,101.69,101.69,101.69,1720.0,0.0
2011-05-20,101.62,101.62,101.62,101.62,2120.0,0.0
2011-05-23,101.62,101.62,101.62,101.62,1720.0,0.0
2011-05-24,101.62,101.62,101.62,101.62,2330.0,0.0
2011-05-25,101.42,101.42,101.42,101.42,1720.0,0.0
2011-05-26,101.43,101.43,101.43,101.43,1720.0,0.0
2011-05-27,101.51,101.51,101.51,101.51,1720.0,0.0
2011-05-30,101.49,101.49,101.49,101.49,1720.0,0.0
2011-05-31,101.32,101.32,101.32,101.32,1720.0,0.0
2011-06-01,101.39,101.39,101.39,101.39,1930.0,0.0
2011-06-02,101.36,101.36,101.36,101.36,2320.0,0.0
2011-06-03,101.37,101.37,101.37,101.37,2320.0,0.0
2011-06-07,101.42,101.42,101.42,101.42,2320.0,0.0
2011-06-08,101.22,101.22,101.22,101.22,2250.0,0.0
2011-06-09,101.1,101.1,101.1,101.1,2660.0,0.0
2011-06-10,100.88,100.88,100.88,100.88,1860.0,0.0
2011-06-13,100.82,100.82,100.82,100.82,1860.0,0.0
2011-06-14,100.56,100.56,100.56,100.56,2040.0,0.0
2011-06-15,100.07,100.07,100.07,100.07,2220.0,0.0
2011-06-16,100.23,100.23,100.23,100.23,2080.0,0.0
2011-06-17,100.23,100.23,100.23,100.23,2080.0,0.0
2011-06-20,100.46,100.46,100.46,100.46,2140.0,0.0
2011-06-21,100.51,100.51,100.51,100.51,2080.0,0.0
2011-06-22,99.58,99.58,99.58,99.58,4820.0,0.0
2011-06-23,98.65,98.65,98.65,98.65,2080.0,0.0
2011-06-24,98.87,98.87,98.87,98.87,2080.0,0.0
2011-06-27,98.89,98.89,98.89,98.89,2480.0,0.0
2011-06-28,98.77,98.77,98.77,98.77,2180.0,0.0
2011-06-29,98.77,98.77,98.77,98.77,1710.0,0.0
2011-06-30,98.78,98.78,98.78,98.78,1140.0,0.0
2011-07-01,98.85,98.85,98.85,98.85,1670.0,0.0
2011-07-04,98.83,98.83,98.83,98.83,3760.0,0.0
2011-07-05,98.87,98.87,98.87,98.87,840.0,0.0
2011-07-06,99.01,99.01,99.01,99.01,990.0,0.0
2011-07-07,99.03,99.03,99.03,99.03,720.0,0.0
2011-07-08,99.17,99.17,99.17,99.17,700.0,0.0
2011-07-11,99.13,99.13,99.13,99.13,1540.0,0.0
2011-07-12,99.21,99.21,99.21,99.21,860.0,0.0
2011-07-13,99.37,99.37,99.37,99.37,1170.0,0.0
2011-07-14,99.14,99.14,99.14,99.14,960.0,0.0
2011-07-15,99.31,99.31,99.31,99.31,670.0,0.0
2011-07-18,99.1,99.1,99.1,99.1,1130.0,0.0
2011-07-19,98.74,98.74,98.74,98.74,520.0,0.0
2011-07-20,98.41,98.41,98.41,98.41,560.0,0.0
2011-07-21,98.24,98.24,98.24,98.24,520.0,0.0
2011-07-22,98.41,98.41,98.41,98.41,370.0,0.0
2011-07-25,98.45,98.45,98.45,98.45,920.0,0.0
2011-07-26,98.38,98.38,98.38,98.38,220.0,0.0
2011-07-27,98.1,98.1,98.1,98.1,220.0,0.0
2011-07-28,97.73,97.73,97.73,97.73,220.0,0.0
2011-07-29,97.75,97.75,97.75,97.75,220.0,0.0
2011-08-01,97.93,97.93,97.93,97.93,220.0,0.0
2011-08-02,97.67,97.67,97.67,97.67,260.0,0.0
2011-08-03,97.36,97.36,97.36,97.36,220.0,0.0
2011-08-04,97.52,97.52,97.52,97.52,220.0,0.0
2011-08-05,97.77,97.77,97.77,97.77,220.0,0.0
2011-08-08,97.88,97.88,97.88,97.88,220.0,0.0
2011-08-09,97.98,97.98,97.98,97.98,220.0,0.0
2011-08-10,98.56,98.56,98.56,98.56,3220.0,0.0
2011-08-11,98.67,98.67,98.67,98.67,220.0,0.0
2011-08-12,98.73,98.73,98.73,98.73,280.0,0.0
2011-08-15,99.02,99.02,99.02,99.02,3320.0,0.0
2011-08-16,99.08,99.08,99.08,99.08,3300.0,0.0
2011-08-17,99.15,99.15,99.15,99.15,12225.0,0.0
2011-08-18,98.98,98.98,98.98,98.98,5960.0,0.0
2011-08-19,99.1,99.1,99.1,99.1,4180.0,0.0
2011-08-22,99.15,99.15,99.15,99.15,1130.0,0.0
2011-08-23,99.15,99.15,99.15,99.15,690.0,0.0
2011-08-24,99.36,99.36,99.36,99.36,570.0,0.0
2011-08-25,99.18,99.18,99.18,99.18,450.0,0.0
2011-08-26,99.5,99.5,99.5,99.5,490.0,0.0
2011-08-29,98.97,98.97,98.97,98.97,2970.0,0.0
2011-08-30,98.69,98.69,98.69,98.69,320.0,0.0
2011-08-31,98.86,98.86,98.86,98.86,1120.0,0.0
2011-09-01,99.11,99.11,99.11,99.11,460.0,0.0
2011-09-02,99.13,99.13,99.13,99.13,220.0,0.0
2011-09-05,99.32,99.32,99.32,99.32,220.0,0.0
2011-09-06,99.41,99.41,99.41,99.41,280.0,0.0
2011-09-07,99.39,99.39,99.39,99.39,280.0,0.0
2011-09-08,99.57,99.57,99.57,99.57,220.0,0.0
2011-09-09,99.74,99.74,99.74,99.74,260.0,0.0
2011-09-13,100.04,100.04,100.04,100.04,220.0,0.0
2011-09-14,100.05,100.05,100.05,100.05,220.0,0.0
2011-09-15,99.83,99.83,99.83,99.83,220.0,0.0
2011-09-16,99.64,99.64,99.64,99.64,220.0,0.0
2011-09-19,99.64,99.64,99.64,99.64,220.0,0.0
2011-09-20,99.65,99.65,99.65,99.65,220.0,0.0
2011-09-21,99.67,99.67,99.67,99.67,220.0,0.0
2011-09-22,99.84,99.84,99.84,99.84,370.0,0.0
2011-09-23,100.47,100.47,100.47,100.47,360.0,0.0
2011-09-26,100.81,100.81,100.81,100.81,1270.0,0.0
2011-09-27,100.87,100.87,100.87,100.87,1270.0,0.0
2011-09-28,100.68,100.68,100.68,100.68,700.0,0.0
2011-09-29,100.79,100.79,100.79,100.79,800.0,0.0
2011-09-30,101.03,101.03,101.03,101.03,220.0,0.0
2011-10-08,101.12,101.12,101.12,101.12,1450.0,0.0
2011-10-09,101.49,101.49,101.49,101.49,220.0,0.0
2011-10-10,101.86,101.86,101.86,101.86,590.0,0.0
2011-10-11,102.2,102.2,102.2,102.2,1300.0,0.0
2011-10-12,102.3,102.3,102.3,102.3,1590.0,0.0
2011-10-13,102.34,102.34,102.34,102.34,1370.0,0.0
2011-10-14,102.75,102.75,102.75,102.75,1130.0,0.0
2011-10-17,102.69,102.69,102.69,102.69,1110.0,0.0
2011-10-18,103.34,103.34,103.34,103.34,1470.0,0.0
2011-10-19,103.56,103.56,103.56,103.56,1310.0,0.0
2011-10-20,103.79,103.79,103.79,103.79,1150.0,0.0
2011-10-21,103.85,103.85,103.85,103.85,870.0,0.0
2011-10-24,104.0,104.0,104.0,104.0,880.0,0.0
2011-10-25,103.94,103.94,103.94,103.94,1430.0,0.0
2011-10-26,104.22,104.22,104.22,104.22,1160.0,0.0
2011-10-27,104.19,104.19,104.19,104.19,1110.0,0.0
2011-10-28,104.34,104.34,104.34,104.34,370.0,0.0
2011-10-31,104.51,104.51,104.51,104.51,300.0,0.0
2011-11-01,105.23,105.23,105.23,105.23,280.0,0.0
2011-11-02,105.39,105.39,105.39,105.39,480.0,0.0
2011-11-03,105.46,105.46,105.46,105.46,820.0,0.0
2011-11-04,105.53,105.53,105.53,105.53,820.0,0.0
2011-11-07,105.44,105.44,105.44,105.44,730.0,0.0
2011-11-08,105.81,105.81,105.81,105.81,700.0,0.0
2011-11-09,106.09,106.09,106.09,106.09,680.0,0.0
2011-11-10,106.5,106.5,106.5,106.5,1090.0,0.0
2011-11-11,106.4,106.4,106.4,106.4,1300.0,0.0
2011-11-14,106.55,106.55,106.55,106.55,520.0,0.0
2011-11-15,106.22,106.22,106.22,106.22,520.0,0.0
2011-11-16,106.47,106.47,106.47,106.47,800.0,0.0
2011-11-17,106.37,106.37,106.37,106.37,720.0,0.0
2011-11-18,106.33,106.33,106.33,106.33,520.0,0.0
2011-11-21,106.17,106.17,106.17,106.17,520.0,0.0
2011-11-22,106.08,106.08,106.08,106.08,370.0,0.0
2011-11-23,106.43,106.43,106.43,106.43,900.0,0.0
2011-11-24,106.23,106.23,106.23,106.23,670.0,0.0
2011-11-25,106.24,106.24,106.24,106.24,790.0,0.0
2011-11-28,106.2,106.2,106.2,106.2,500.0,0.0
2011-11-29,106.13,106.13,106.13,106.13,620.0,0.0
2011-11-30,106.24,106.24,106.24,106.24,620.0,0.0
2011-12-01,107.49,107.49,107.49,107.49,240.0,0.0
2011-12-02,108.07,108.07,108.07,108.07,250.0,0.0
2011-12-05,107.92,107.92,107.92,107.92,420.0,0.0
2011-12-06,107.82,107.82,107.82,107.82,480.0,0.0
2011-12-07,107.93,107.93,107.93,107.93,410.0,0.0
2011-12-08,107.98,107.98,107.98,107.98,340.0,0.0
2011-12-09,107.87,107.87,107.87,107.87,320.0,0.0
2011-12-12,107.81,107.81,107.81,107.81,470.0,0.0
2011-12-13,107.75,107.75,107.75,107.75,1100.0,0.0
2011-12-14,107.87,107.87,107.87,107.87,370.0,0.0
2011-12-15,107.8,107.8,107.8,107.8,220.0,0.0
2011-12-16,108.11,108.11,108.11,108.11,720.0,0.0
2011-12-19,108.03,108.03,108.03,108.03,400.0,0.0
2011-12-20,108.06,108.06,108.06,108.06,1510.0,0.0
2011-12-21,108.02,108.02,108.02,108.02,850.0,0.0
2011-12-22,108.08,108.08,108.08,108.08,680.0,0.0
2011-12-23,108.01,108.01,108.01,108.01,220.0,0.0
2011-12-26,108.26,108.26,108.26,108.26,610.0,0.0
2011-12-27,108.15,108.15,108.15,108.15,0.0,0.0
2011-12-28,108.2,108.2,108.2,108.2,520.0,0.0
2011-12-29,108.25,108.25,108.25,108.25,600.0,0.0
2011-12-30,108.19,108.19,108.19,108.19,740.0,0.0
2011-12-31,108.19,108.19,108.19,108.19,520.0,0.0
2012-01-04,108.08,108.08,108.08,108.08,260.0,0.0
2012-01-05,108.24,108.24,108.24,108.24,40.0,0.0
2012-01-06,108.47,108.47,108.47,108.47,100.0,0.0
2012-01-09,108.29,108.29,108.29,108.29,100.0,0.0
2012-01-10,108.87,108.87,108.87,108.87,180.0,0.0
2012-01-11,108.69,108.69,108.69,108.69,260.0,0.0
2012-01-12,108.74,108.74,108.74,108.74,200.0,0.0
2012-01-13,108.66,108.66,108.66,108.66,220.0,0.0
2012-01-16,108.54,108.54,108.54,108.54,295.0,0.0
2012-01-17,108.64,108.64,108.64,108.64,495.0,0.0
2012-01-18,108.43,108.43,108.43,108.43,440.0,0.0
2012-01-19,108.62,108.62,108.62,108.62,80.0,0.0
2012-01-20,108.58,108.58,108.58,108.58,0.0,0.0
2012-01-21,108.6,108.6,108.6,108.6,0.0,0.0
2012-01-29,108.7,108.7,108.7,108.7,0.0,0.0
2012-01-30,108.62,108.62,108.62,108.62,0.0,0.0
2012-01-31,108.75,108.75,108.75,108.75,140.0,0.0
2012-02-01,108.47,108.47,108.47,108.47,40.0,0.0
2012-02-02,108.4,108.4,108.4,108.4,0.0,0.0
2012-02-03,108.51,108.51,108.51,108.51,310.0,0.0
2012-02-06,108.09,108.09,108.09,108.09,100.0,0.0
2012-02-07,108.07,108.07,108.07,108.07,100.0,0.0
2012-02-08,107.92,107.92,107.92,107.92,120.0,0.0
2012-02-09,107.93,107.93,107.93,107.93,270.0,0.0
2012-02-10,108.07,108.07,108.07,108.07,0.0,0.0
2012-02-13,108.29,108.29,108.29,108.29,0.0,0.0
2012-02-14,108.24,108.24,108.24,108.24,380.0,0.0
2012-02-15,108.08,108.08,108.08,108.08,0.0,0.0
2012-02-16,108.09,108.09,108.09,108.09,0.0,0.0
2012-02-17,107.96,107.96,107.96,107.96,700.0,0.0
2012-02-20,108.2,108.2,108.2,108.2,1040.0,0.0
2012-02-21,108.06,108.06,108.06,108.06,700.0,0.0
2012-02-22,108.06,108.06,108.06,108.06,60.0,0.0
2012-02-23,108.1,108.1,108.1,108.1,680.0,0.0
2012-02-24,108.17,108.17,108.17,108.17,50.0,0.0
2012-02-27,107.77,107.77,107.77,107.77,0.0,0.0
2012-02-28,107.93,107.93,107.93,107.93,0.0,0.0
2012-02-29,107.81,107.81,107.81,107.81,60.0,0.0
2012-03-01,107.75,107.75,107.75,107.75,0.0,0.0
2012-03-02,107.65,107.65,107.65,107.65,430.0,0.0
2012-03-05,107.68,107.68,107.68,107.68,160.0,0.0
2012-03-06,107.81,107.81,107.81,107.81,680.0,0.0
2012-03-07,107.96,107.96,107.96,107.96,80.0,0.0
2012-03-08,108.0,108.0,108.0,108.0,160.0,0.0
2012-03-09,107.77,107.77,107.77,107.77,240.0,0.0
2012-03-12,107.85,107.85,107.85,107.85,200.0,0.0
2012-03-13,107.78,107.78,107.78,107.78,160.0,0.0
2012-03-14,107.78,107.78,107.78,107.78,160.0,0.0
2012-03-15,107.64,107.64,107.64,107.64,160.0,0.0
2012-03-16,108.09,108.09,108.09,108.09,190.0,0.0
2012-03-19,107.86,107.86,107.86,107.86,580.0,0.0
2012-03-20,107.89,107.89,107.89,107.89,160.0,0.0
2012-03-21,107.7,107.7,107.7,107.7,160.0,0.0
2012-03-22,107.71,107.71,107.71,107.71,350.0,0.0
2012-03-23,107.76,107.76,107.76,107.76,220.0,0.0
2012-03-26,107.79,107.79,107.79,107.79,160.0,0.0
2012-03-27,107.79,107.79,107.79,107.79,160.0,0.0
2012-03-28,107.86,107.86,107.86,107.86,160.0,0.0
2012-03-29,107.92,107.92,107.92,107.92,160.0,0.0
2012-03-30,108.0,108.0,108.0,108.0,180.0,0.0
2012-03-31,108.04,108.04,108.04,108.04,80.0,0.0
2012-04-01,107.89,107.89,107.89,107.89,80.0,0.0
2012-04-05,107.96,107.96,107.96,107.96,80.0,0.0
2012-04-06,107.94,107.94,107.94,107.94,0.0,0.0
2012-04-09,107.67,107.67,107.67,107.67,0.0,0.0
2012-04-10,107.64,107.64,107.64,107.64,160.0,0.0
2012-04-11,107.66,107.66,107.66,107.66,0.0,0.0
2012-04-12,107.4,107.4,107.4,107.4,200.0,0.0
2012-04-13,107.11,107.11,107.11,107.11,900.0,0.0
2012-04-16,107.12,107.12,107.12,107.12,870.0,0.0
2012-04-17,107.11,107.11,107.11,107.11,580.0,0.0
2012-04-18,107.16,107.16,107.16,107.16,760.0,0.0
2012-04-19,107.11,107.11,107.11,107.11,880.0,0.0
2012-04-20,107.21,107.21,107.21,107.21,960.0,0.0
2012-04-23,107.26,107.26,107.26,107.26,940.0,0.0
2012-04-24,107.32,107.32,107.32,107.32,710.0,0.0
2012-04-25,107.32,107.32,107.32,107.32,830.0,0.0
2012-04-26,107.33,107.33,107.33,107.33,400.0,0.0
2012-04-27,107.34,107.34,107.34,107.34,400.0,0.0
2012-04-28,107.35,107.35,107.35,107.35,660.0,0.0
2012-05-02,107.37,107.37,107.37,107.37,400.0,0.0
2012-05-03,107.47,107.47,107.47,107.47,600.0,0.0
2012-05-04,107.51,107.51,107.51,107.51,600.0,0.0
2012-05-07,107.47,107.47,107.47,107.47,700.0,0.0
2012-05-08,107.49,107.49,107.49,107.49,600.0,0.0
2012-05-09,107.55,107.55,107.55,107.55,950.0,0.0
2012-05-10,107.56,107.56,107.56,107.56,500.0,0.0
2012-05-11,107.87,107.87,107.87,107.87,760.0,0.0
2012-05-14,108.3,108.3,108.3,108.3,600.0,0.0
2012-05-15,108.95,108.95,108.95,108.95,600.0,0.0
2012-05-16,109.28,109.28,109.28,109.28,600.0,0.0
2012-05-17,108.87,108.87,108.87,108.87,500.0,0.0
2012-05-18,109.14,109.14,109.14,109.14,520.0,0.0
2012-05-21,108.9,108.9,108.9,108.9,400.0,0.0
2012-05-22,108.89,108.89,108.89,108.89,400.0,0.0
2012-05-23,108.99,108.99,108.99,108.99,400.0,0.0
2012-05-24,109.16,109.16,109.16,109.16,400.0,0.0
2012-05-25,109.7,109.7,109.7,109.7,400.0,0.0
2012-05-28,109.38,109.38,109.38,109.38,400.0,0.0
2012-05-29,109.14,109.14,109.14,109.14,420.0,0.0
2012-05-30,109.32,109.32,109.32,109.32,400.0,0.0
2012-05-31,109.44,109.44,109.44,109.44,860.0,0.0
2012-06-01,109.48,109.48,109.48,109.48,340.0,0.0
2012-06-04,109.59,109.59,109.59,109.59,200.0,0.0
2012-06-05,109.58,109.58,109.58,109.58,560.0,0.0
2012-06-06,109.59,109.59,109.59,109.59,0.0,0.0
2012-06-07,109.47,109.47,109.47,109.47,0.0,0.0
2012-06-08,110.11,110.11,110.11,110.11,503.0,0.0
2012-06-11,109.77,109.77,109.77,109.77,540.0,0.0
2012-06-12,109.72,109.72,109.72,109.72,600.0,0.0
2012-06-13,109.6,109.6,109.6,109.6,1100.0,0.0
2012-06-14,109.54,109.54,109.54,109.54,740.0,0.0
2012-06-15,109.67,109.67,109.67,109.67,700.0,0.0
2012-06-18,109.55,109.55,109.55,109.55,800.0,0.0
2012-06-19,109.6,109.6,109.6,109.6,1000.0,0.0
2012-06-20,109.58,109.58,109.58,109.58,1020.0,0.0
2012-06-21,109.68,109.68,109.68,109.68,960.0,0.0
2012-06-25,109.91,109.91,109.91,109.91,700.0,0.0
2012-06-26,109.79,109.79,109.79,109.79,300.0,0.0
2012-06-27,110.16,110.16,110.16,110.16,780.0,0.0
2012-06-28,110.16,110.16,110.16,110.16,770.0,0.0
2012-06-29,110.23,110.23,110.23,110.23,40.0,0.0
2012-07-02,110.17,110.17,110.17,110.17,90.0,0.0
2012-07-03,110.2,110.2,110.2,110.2,50.0,0.0
2012-07-04,110.27,110.27,110.27,110.27,0.0,0.0
2012-07-05,110.26,110.26,110.26,110.26,100.0,0.0
2012-07-06,110.37,110.37,110.37,110.37,0.0,0.0
2012-07-09,110.48,110.48,110.48,110.48,0.0,0.0
2012-07-10,110.67,110.67,110.67,110.67,500.0,0.0
2012-07-11,110.47,110.47,110.47,110.47,800.0,0.0
2012-07-12,110.35,110.35,110.35,110.35,1000.0,0.0
2012-07-13,110.33,110.33,110.33,110.33,800.0,0.0
2012-07-16,110.12,110.12,110.12,110.12,960.0,0.0
2012-07-17,110.18,110.18,110.18,110.18,880.0,0.0
2012-07-18,110.19,110.19,110.19,110.19,800.0,0.0
2012-07-19,110.2,110.2,110.2,110.2,800.0,0.0
2012-07-20,110.36,110.36,110.36,110.36,1100.0,0.0
2012-07-23,110.37,110.37,110.37,110.37,900.0,0.0
2012-07-24,110.32,110.32,110.32,110.32,930.0,0.0
2012-07-25,110.33,110.33,110.33,110.33,860.0,0.0
2012-07-26,110.14,110.14,110.14,110.14,40.0,0.0
2012-07-27,110.16,110.16,110.16,110.16,450.0,0.0
2012-07-30,110.21,110.21,110.21,110.21,800.0,0.0
2012-07-31,110.08,110.08,110.08,110.08,800.0,0.0
2012-08-01,110.08,110.08,110.08,110.08,800.0,0.0
2012-08-02,110.13,110.13,110.13,110.13,800.0,0.0
2012-08-03,110.11,110.11,110.11,110.11,800.0,0.0
2012-08-06,109.97,109.97,109.97,109.97,800.0,0.0
2012-08-07,109.79,109.79,109.79,109.79,800.0,0.0
2012-08-08,109.55,109.55,109.55,109.55,400.0,0.0
2012-08-09,109.99,109.99,109.99,109.99,400.0,0.0
2012-08-10,109.74,109.74,109.74,109.74,400.0,0.0
2012-08-13,109.78,109.78,109.78,109.78,30.0,0.0
2012-08-14,109.86,109.86,109.86,109.86,110.0,0.0
2012-08-15,109.8,109.8,109.8,109.8,0.0,0.0
2012-08-16,109.8,109.8,109.8,109.8,0.0,0.0
2012-08-17,109.85,109.85,109.85,109.85,0.0,0.0
2012-08-20,109.79,109.79,109.79,109.79,0.0,0.0
2012-08-21,109.72,109.72,109.72,109.72,0.0,0.0
2012-08-22,109.56,109.56,109.56,109.56,0.0,0.0
2012-08-23,109.61,109.61,109.61,109.61,160.0,0.0
2012-08-24,109.68,109.68,109.68,109.68,0.0,0.0
2012-08-27,109.72,109.72,109.72,109.72,60.0,0.0
2012-08-28,109.69,109.69,109.69,109.69,400.0,0.0
2012-08-29,109.54,109.54,109.54,109.54,460.0,0.0
2012-08-30,109.58,109.58,109.58,109.58,300.0,0.0
2012-08-31,109.69,109.69,109.69,109.69,430.0,0.0
2012-09-03,109.74,109.74,109.74,109.74,60.0,0.0
2012-09-04,109.73,109.73,109.73,109.73,0.0,0.0
2012-09-05,109.8,109.8,109.8,109.8,0.0,0.0
2012-09-06,109.93,109.93,109.93,109.93,90.0,0.0
2012-09-07,109.69,109.69,109.69,109.69,170.0,0.0
2012-09-10,109.71,109.71,109.71,109.71,50.0,0.0
2012-09-11,109.64,109.64,109.64,109.64,0.0,0.0
2012-09-12,109.61,109.61,109.61,109.61,100.0,0.0
2012-09-13,109.77,109.77,109.77,109.77,200.0,0.0
2012-09-14,109.64,109.64,109.64,109.64,246.2,0.0
2012-09-17,109.66,109.66,109.66,109.66,150.0,0.0
2012-09-18,109.77,109.77,109.77,109.77,150.0,0.0
2012-09-19,109.76,109.76,109.76,109.76,1490.0,0.0
2012-09-20,109.8,109.8,109.8,109.8,150.0,0.0
2012-09-21,109.99,109.99,109.99,109.99,0.0,0.0
2012-09-24,110.07,110.07,110.07,110.07,1000.0,0.0
2012-09-25,110.14,110.14,110.14,110.14,330.0,0.0
2012-09-26,109.9,109.9,109.9,109.9,710.0,0.0
2012-09-27,109.55,109.55,109.55,109.55,660.0,0.0
2012-09-28,109.48,109.48,109.48,109.48,470.0,0.0
2012-09-29,109.49,109.49,109.49,109.49,0.0,0.0
2012-10-08,109.35,109.35,109.35,109.35,0.0,0.0
2012-10-09,109.19,109.19,109.19,109.19,0.0,0.0
2012-10-10,109.08,109.08,109.08,109.08,0.0,0.0
2012-10-11,109.15,109.15,109.15,109.15,0.0,0.0
2012-10-12,109.27,109.27,109.27,109.27,70.0,0.0
2012-10-15,109.54,109.54,109.54,109.54,0.0,0.0
2012-10-16,109.37,109.37,109.37,109.37,160.0,0.0
2012-10-17,109.33,109.33,109.33,109.33,0.0,0.0
2012-10-18,109.27,109.27,109.27,109.27,60.0,0.0
2012-10-19,109.27,109.27,109.27,109.27,30.0,0.0
2012-10-22,109.32,109.32,109.32,109.32,0.0,0.0
2012-10-23,109.32,109.32,109.32,109.32,0.0,0.0
2012-10-24,109.32,109.32,109.32,109.32,60.0,0.0
2012-10-25,109.26,109.26,109.26,109.26,400.0,0.0
2012-10-26,109.25,109.25,109.25,109.25,400.0,0.0
2012-10-29,109.3,109.3,109.3,109.3,0.0,0.0
2012-10-30,109.49,109.49,109.49,109.49,350.0,0.0
2012-10-31,109.43,109.43,109.43,109.43,450.0,0.0
2012-11-01,109.42,109.42,109.42,109.42,2900.0,0.0
2012-11-02,109.48,109.48,109.48,109.48,2760.0,0.0
2012-11-05,109.7,109.7,109.7,109.7,3340.0,0.0
2012-11-06,109.77,109.77,109.77,109.77,1500.0,0.0
2012-11-07,109.89,109.89,109.89,109.89,3240.0,0.0
2012-11-08,109.84,109.84,109.84,109.84,2900.0,0.0
2012-11-09,109.84,109.84,109.84,109.84,2930.0,0.0
2012-11-12,109.9,109.9,109.9,109.9,2700.0,0.0
2012-11-13,109.97,109.97,109.97,109.97,2790.0,0.0
2012-11-14,110.01,110.01,110.01,110.01,2700.0,0.0
2012-11-15,109.94,109.94,109.94,109.94,2700.0,0.0
2012-11-16,109.99,109.99,109.99,109.99,40.0,0.0
2012-11-19,110.04,110.04,110.04,110.04,0.0,0.0
2012-11-20,110.03,110.03,110.03,110.03,3070.0,0.0
2012-11-21,110.02,110.02,110.02,110.02,2700.0,0.0
2012-11-22,109.99,109.99,109.99,109.99,0.0,0.0
2012-11-23,109.99,109.99,109.99,109.99,0.0,0.0
2012-11-26,109.97,109.97,109.97,109.97,0.0,0.0
2012-11-27,110.05,110.05,110.05,110.05,0.0,0.0
2012-11-28,110.07,110.07,110.07,110.07,136.2,0.0
2012-11-29,110.07,110.07,110.07,110.07,0.0,0.0
2012-11-30,110.05,110.05,110.05,110.05,2700.0,0.0
2012-12-03,110.08,110.08,110.08,110.08,2700.0,0.0
2012-12-04,110.01,110.01,110.01,110.01,280.0,0.0
2012-12-05,109.99,109.99,109.99,109.99,2700.0,0.0
2012-12-06,110.02,110.02,110.02,110.02,2700.0,0.0
2012-12-07,110.03,110.03,110.03,110.03,2700.0,0.0
2012-12-10,110.04,110.04,110.04,110.04,2700.0,0.0
2012-12-11,110.1,110.1,110.1,110.1,0.0,0.0
2012-12-12,110.1,110.1,110.1,110.1,2700.0,0.0
2012-12-13,110.11,110.11,110.11,110.11,2990.0,0.0
2012-12-14,110.06,110.06,110.06,110.06,4520.0,0.0
2012-12-17,110.09,110.09,110.09,110.09,4500.0,0.0
2012-12-18,110.16,110.16,110.16,110.16,4500.0,0.0
2012-12-19,110.12,110.12,110.12,110.12,4500.0,0.0
2012-12-20,110.13,110.13,110.13,110.13,4810.0,0.0
2012-12-21,110.14,110.14,110.14,110.14,4810.0,0.0
2012-12-24,110.2,110.2,110.2,110.2,4500.0,0.0
2012-12-25,110.24,110.24,110.24,110.24,4500.0,0.0
2012-12-26,110.27,110.27,110.27,110.27,4500.0,0.0
2012-12-27,110.29,110.29,110.29,110.29,4560.0,0.0
2012-12-28,110.33,110.33,110.33,110.33,4500.0,0.0
2012-12-31,110.37,110.37,110.37,110.37,500.0,0.0
2013-01-04,110.34,110.34,110.34,110.34,0.0,0.0
2013-01-05,110.37,110.37,110.37,110.37,0.0,0.0
2013-01-06,110.4,110.4,110.4,110.4,0.0,0.0
2013-01-07,110.4,110.4,110.4,110.4,0.0,0.0
2013-01-08,110.42,110.42,110.42,110.42,770.0,0.0
2013-01-09,110.44,110.44,110.44,110.44,90.0,0.0
2013-01-10,110.41,110.41,110.41,110.41,170.0,0.0
2013-01-11,110.42,110.42,110.42,110.42,60.0,0.0
2013-01-14,110.45,110.45,110.45,110.45,100.0,0.0
2013-01-15,110.46,110.46,110.46,110.46,220.0,0.0
2013-01-16,110.47,110.47,110.47,110.47,0.0,0.0
2013-01-17,110.5,110.5,110.5,110.5,0.0,0.0
2013-01-18,110.55,110.55,110.55,110.55,0.0,0.0
2013-01-21,110.61,110.61,110.61,110.61,3900.0,0.0
2013-01-22,110.63,110.63,110.63,110.63,3900.0,0.0
2013-01-23,110.65,110.65,110.65,110.65,4140.0,0.0
2013-01-24,110.56,110.56,110.56,110.56,4580.0,0.0
2013-01-25,110.56,110.56,110.56,110.56,3900.0,0.0
2013-01-28,110.5,110.5,110.5,110.5,4950.0,0.0
2013-01-29,110.45,110.45,110.45,110.45,0.0,0.0
2013-01-30,110.55,110.55,110.55,110.55,0.0,0.0
2013-01-31,110.56,110.56,110.56,110.56,180.0,0.0
2013-02-01,110.63,110.63,110.63,110.63,0.0,0.0
2013-02-04,110.66,110.66,110.66,110.66,0.0,0.0
2013-02-05,110.78,110.78,110.78,110.78,10.0,0.0
2013-02-06,110.79,110.79,110.79,110.79,10.0,0.0
2013-02-07,110.79,110.79,110.79,110.79,0.0,0.0
2013-02-08,110.87,110.87,110.87,110.87,0.0,0.0
2013-02-16,110.91,110.91,110.91,110.91,0.0,0.0
2013-02-17,110.99,110.99,110.99,110.99,0.0,0.0
2013-02-18,110.93,110.93,110.93,110.93,0.0,0.0
2013-02-19,110.9,110.9,110.9,110.9,0.0,0.0
2013-02-20,111.07,111.07,111.07,111.07,30.0,0.0
2013-02-21,111.17,111.17,111.17,111.17,0.0,0.0
2013-02-22,111.14,111.14,111.14,111.14,20.0,0.0
2013-02-25,111.12,111.12,111.12,111.12,0.0,0.0
2013-02-26,111.08,111.08,111.08,111.08,150.0,0.0
2013-02-27,111.11,111.11,111.11,111.11,60.0,0.0
2013-02-28,111.1,111.1,111.1,111.1,40.0,0.0
2013-03-01,111.15,111.15,111.15,111.15,0.0,0.0
2013-03-04,111.24,111.24,111.24,111.24,0.0,0.0
2013-03-05,111.26,111.26,111.26,111.26,0.0,0.0
2013-03-06,111.25,111.25,111.25,111.25,0.0,0.0
2013-03-07,111.26,111.26,111.26,111.26,0.0,0.0
2013-03-08,111.27,111.27,111.27,111.27,0.0,0.0
2013-03-11,111.25,111.25,111.25,111.25,30.0,0.0
2013-03-12,111.23,111.23,111.23,111.23,50.0,0.0
2013-03-13,111.19,111.19,111.19,111.19,0.0,0.0
2013-03-14,111.19,111.19,111.19,111.19,0.0,0.0
2013-03-15,111.2,111.2,111.2,111.2,0.0,0.0
2013-03-18,111.22,111.22,111.22,111.22,0.0,0.0
2013-03-19,111.23,111.23,111.23,111.23,0.0,0.0
2013-03-20,111.35,111.35,111.35,111.35,190.0,0.0
2013-03-21,111.32,111.32,111.32,111.32,0.0,0.0
2013-03-22,111.33,111.33,111.33,111.33,0.0,0.0
2013-03-25,111.4,111.4,111.4,111.4,30.0,0.0
2013-03-26,111.43,111.43,111.43,111.43,0.0,0.0
2013-03-27,111.5,111.5,111.5,111.5,0.0,0.0
2013-03-28,111.59,111.59,111.59,111.59,60.0,0.0
2013-03-29,111.66,111.66,111.66,111.66,60.0,0.0
2013-04-01,111.75,111.75,111.75,111.75,0.0,0.0
2013-04-02,111.87,111.87,111.87,111.87,400.0,0.0
2013-04-03,111.94,111.94,111.94,111.94,440.0,0.0
2013-04-07,112.04,112.04,112.04,112.04,0.0,0.0
2013-04-08,112.06,112.06,112.06,112.06,0.0,0.0
2013-04-09,112.18,112.18,112.18,112.18,0.0,0.0
2013-04-10,112.25,112.25,112.25,112.25,2700.0,0.0
2013-04-11,112.22,112.22,112.22,112.22,2700.0,0.0
2013-04-12,112.26,112.26,112.26,112.26,2700.0,0.0
2013-04-15,112.29,112.29,112.29,112.29,2700.0,0.0
2013-04-16,112.52,112.52,112.52,112.52,0.0,0.0
2013-04-17,112.47,112.47,112.47,112.47,0.0,0.0
2013-04-18,112.32,112.32,112.32,112.32,0.0,0.0
2013-04-19,112.39,112.39,112.39,112.39,0.0,0.0
2013-04-22,112.38,112.38,112.38,112.38,0.0,0.0
2013-04-23,112.43,112.43,112.43,112.43,0.0,0.0
2013-04-24,112.49,112.49,112.49,112.49,0.0,0.0
2013-04-25,112.58,112.58,112.58,112.58,0.0,0.0
2013-04-26,112.52,112.52,112.52,112.52,0.0,0.0
2013-04-27,112.53,112.53,112.53,112.53,20.0,0.0
2013-04-28,112.55,112.55,112.55,112.55,0.0,0.0
2013-05-02,112.65,112.65,112.65,112.65,0.0,0.0
2013-05-03,112.77,112.77,112.77,112.77,0.0,0.0
2013-05-06,112.77,112.77,112.77,112.77,0.0,0.0
2013-05-07,112.79,112.79,112.79,112.79,0.0,0.0
2013-05-08,112.77,112.77,112.77,112.77,0.0,0.0
2013-05-09,112.79,112.79,112.79,112.79,0.0,0.0
2013-05-10,112.83,112.83,112.83,112.83,0.0,0.0
2013-05-13,112.86,112.86,112.86,112.86,0.0,0.0
2013-05-14,112.87,112.87,112.87,112.87,20.0,0.0
2013-05-15,112.88,112.88,112.88,112.88,0.0,0.0
2013-05-16,112.9,112.9,112.9,112.9,0.0,0.0
2013-05-17,113.26,113.26,113.26,113.26,0.0,0.0
2013-05-20,113.48,113.48,113.48,113.48,0.0,0.0
2013-05-21,113.66,113.66,113.66,113.66,0.0,0.0
2013-05-22,113.86,113.86,113.86,113.86,0.0,0.0
2013-05-23,113.87,113.87,113.87,113.87,0.0,0.0
2013-05-24,113.88,113.88,113.88,113.88,0.0,0.0
2013-05-27,113.93,113.93,113.93,113.93,80.0,0.0
2013-05-28,113.94,113.94,113.94,113.94,0.0,0.0
2013-05-29,113.93,113.93,113.93,113.93,60.0,0.0
2013-05-30,113.94,113.94,113.94,113.94,0.0,0.0
2013-05-31,113.94,113.94,113.94,113.94,0.0,0.0
2013-06-03,113.96,113.96,113.96,113.96,0.0,0.0
2013-06-04,113.95,113.95,113.95,113.95,0.0,0.0
2013-06-05,113.96,113.96,113.96,113.96,0.0,0.0
2013-06-06,113.96,113.96,113.96,113.96,0.0,0.0
2013-06-07,113.94,113.94,113.94,113.94,0.0,0.0
2013-06-08,113.96,113.96,113.96,113.96,0.0,0.0
2013-06-09,114.03,114.03,114.03,114.03,0.0,0.0
2013-06-13,114.05,114.05,114.05,114.05,0.0,0.0
2013-06-14,114.06,114.06,114.06,114.06,0.0,0.0
2013-06-17,114.07,114.07,114.07,114.07,0.0,0.0
2013-06-18,114.08,114.08,114.08,114.08,100.0,0.0
2013-06-19,113.92,113.92,113.92,113.92,0.0,0.0
2013-06-20,113.55,113.55,113.55,113.55,0.0,0.0
2013-06-21,113.82,113.82,113.82,113.82,0.0,0.0
2013-06-24,113.86,113.86,113.86,113.86,0.0,0.0
2013-06-25,113.87,113.87,113.87,113.87,0.0,0.0
2013-06-26,114.01,114.01,114.01,114.01,0.0,0.0
2013-06-27,114.1,114.1,114.1,114.1,0.0,0.0
2013-06-28,114.13,114.13,114.13,114.13,100.0,0.0
2013-07-01,114.14,114.14,114.14,114.14,0.0,0.0
2013-07-02,114.15,114.15,114.15,114.15,0.0,0.0
2013-07-03,114.15,114.15,114.15,114.15,0.0,0.0
2013-07-04,114.22,114.22,114.22,114.22,0.0,0.0
2013-07-05,114.22,114.22,114.22,114.22,0.0,0.0
2013-07-08,114.25,114.25,114.25,114.25,0.0,0.0
2013-07-09,114.26,114.26,114.26,114.26,500.0,0.0
2013-07-10,114.12,114.12,114.12,114.12,800.0,0.0
2013-07-11,114.1,114.1,114.1,114.1,0.0,0.0
2013-07-12,114.09,114.09,114.09,114.09,0.0,0.0
2013-07-15,114.1,114.1,114.1,114.1,0.0,0.0
2013-07-16,114.09,114.09,114.09,114.09,0.0,0.0
2013-07-17,113.97,113.97,113.97,113.97,0.0,0.0
2013-07-18,113.9,113.9,113.9,113.9,60.0,0.0
2013-07-19,113.86,113.86,113.86,113.86,0.0,0.0
2013-07-22,113.81,113.81,113.81,113.81,0.0,0.0
2013-07-23,113.78,113.78,113.78,113.78,0.0,0.0
2013-07-24,113.7,113.7,113.7,113.7,0.0,0.0
2013-07-25,113.93,113.93,113.93,113.93,0.0,0.0
2013-07-26,113.93,113.93,113.93,113.93,0.0,0.0
2013-07-29,113.83,113.83,113.83,113.83,80.0,0.0
2013-07-30,113.85,113.85,113.85,113.85,100.0,0.0
2013-07-31,113.86,113.86,113.86,113.86,100.0,0.0
2013-08-01,113.91,113.91,113.91,113.91,0.0,0.0
2013-08-02,113.94,113.94,113.94,113.94,0.0,0.0
2013-08-05,113.96,113.96,113.96,113.96,0.0,0.0
2013-08-06,113.96,113.96,113.96,113.96,0.0,0.0
2013-08-07,113.85,113.85,113.85,113.85,0.0,0.0
2013-08-08,113.67,113.67,113.67,113.67,0.0,0.0
2013-08-09,113.1,113.1,113.1,113.1,0.0,0.0
2013-08-12,112.6,112.6,112.6,112.6,0.0,0.0
2013-08-13,112.12,112.12,112.12,112.12,0.0,0.0
2013-08-14,111.69,111.69,111.69,111.69,0.0,0.0
2013-08-15,111.55,111.55,111.55,111.55,400.0,0.0
2013-08-16,111.21,111.21,111.21,111.21,0.0,0.0
2013-08-19,110.82,110.82,110.82,110.82,0.0,0.0
2013-08-20,110.39,110.39,110.39,110.39,0.0,0.0
2013-08-21,110.52,110.52,110.52,110.52,0.0,0.0
2013-08-22,110.49,110.49,110.49,110.49,0.0,0.0
2013-08-23,110.6,110.6,110.6,110.6,0.0,0.0
2013-08-26,110.71,110.71,110.71,110.71,0.0,0.0
2013-08-27,110.67,110.67,110.67,110.67,0.0,0.0
2013-08-28,110.62,110.62,110.62,110.62,0.0,0.0
2013-08-29,110.6,110.6,110.6,110.6,0.0,0.0
2013-08-30,110.6,110.6,110.6,110.6,0.0,0.0
2013-09-02,110.57,110.57,110.57,110.57,0.0,0.0
2013-09-03,110.56,110.56,110.56,110.56,30.0,0.0
2013-09-04,110.5,110.5,110.5,110.5,0.0,0.0
2013-09-05,110.52,110.52,110.52,110.52,0.0,0.0
2013-09-06,110.57,110.57,110.57,110.57,0.0,0.0
2013-09-09,110.51,110.51,110.51,110.51,0.0,0.0
2013-09-10,110.35,110.35,110.35,110.35,50.0,0.0
2013-09-11,110.04,110.04,110.04,110.04,0.0,0.0
2013-09-12,109.9,109.9,109.9,109.9,0.0,0.0
2013-09-13,108.88,108.88,108.88,108.88,0.0,0.0
2013-09-16,107.92,107.92,107.92,107.92,0.0,0.0
2013-09-17,106.94,106.94,106.94,106.94,0.0,0.0
2013-09-18,106.19,106.19,106.19,106.19,0.0,0.0
2013-09-22,106.32,106.32,106.32,106.32,0.0,0.0
2013-09-23,105.73,105.73,105.73,105.73,0.0,0.0
2013-09-24,105.33,105.33,105.33,105.33,0.0,0.0
2013-09-25,105.39,105.39,105.39,105.39,40.0,0.0
2013-09-26,105.67,105.67,105.67,105.67,0.0,0.0
2013-09-27,105.52,105.52,105.52,105.52,0.0,0.0
2013-09-29,105.58,105.58,105.58,105.58,0.0,0.0
2013-09-30,105.62,105.62,105.62,105.62,0.0,0.0
2013-10-08,105.84,105.84,105.84,105.84,0.0,0.0
2013-10-09,105.55,105.55,105.55,105.55,0.0,0.0
2013-10-10,105.87,105.87,105.87,105.87,0.0,0.0
2013-10-11,105.85,105.85,105.85,105.85,0.0,0.0
2013-10-12,105.86,105.86,105.86,105.86,0.0,0.0
2013-10-14,105.53,105.53,105.53,105.53,60.0,0.0
2013-10-15,105.31,105.31,105.31,105.31,0.0,0.0
2013-10-16,105.29,105.29,105.29,105.29,0.0,0.0
2013-10-17,105.3,105.3,105.3,105.3,10.0,0.0
2013-10-18,105.31,105.31,105.31,105.31,0.0,0.0
2013-10-21,105.27,105.27,105.27,105.27,0.0,0.0
2013-10-22,104.91,104.91,104.91,104.91,0.0,0.0
2013-10-23,104.89,104.89,104.89,104.89,150.0,0.0
2013-10-24,104.66,104.66,104.66,104.66,210.0,0.0
2013-10-25,104.51,104.51,104.51,104.51,130.0,0.0
2013-10-28,104.75,104.75,104.75,104.75,0.0,0.0
2013-10-29,104.59,104.59,104.59,104.59,100.0,0.0
2013-10-30,104.6,104.6,104.6,104.6,120.0,0.0
2013-10-31,105.19,105.19,105.19,105.19,0.0,0.0
2013-11-01,105.62,105.62,105.62,105.62,100.0,0.0
2013-11-04,105.41,105.41,105.41,105.41,0.0,0.0
2013-11-05,105.02,105.02,105.02,105.02,0.0,0.0
2013-11-06,105.0,105.0,105.0,105.0,0.0,0.0
2013-11-07,104.33,104.33,104.33,104.33,80.0,0.0
2013-11-08,104.38,104.38,104.38,104.38,50.0,0.0
2013-11-11,103.47,103.47,103.47,103.47,0.0,0.0
2013-11-12,103.58,103.58,103.58,103.58,100.0,0.0
2013-11-13,102.96,102.96,102.96,102.96,150.0,0.0
2013-11-14,102.42,102.42,102.42,102.42,0.0,0.0
2013-11-15,100.89,100.89,100.89,100.89,0.0,0.0
2013-11-18,99.72,99.72,99.72,99.72,260.0,0.0
2013-11-19,98.99,98.99,98.99,98.99,100.0,0.0
2013-11-20,99.0,99.0,99.0,99.0,160.0,0.0
2013-11-21,99.34,99.34,99.34,99.34,0.0,0.0
2013-11-22,99.33,99.33,99.33,99.33,0.0,0.0
2013-11-25,99.38,99.38,99.38,99.38,0.0,0.0
2013-11-26,99.54,99.54,99.54,99.54,0.0,0.0
2013-11-27,100.3,100.3,100.3,100.3,0.0,0.0
2013-11-28,101.53,101.53,101.53,101.53,0.0,0.0
2013-11-29,102.63,102.63,102.63,102.63,0.0,0.0
2013-12-02,101.44,101.44,101.44,101.44,0.0,0.0
2013-12-03,102.07,102.07,102.07,102.07,0.0,0.0
2013-12-04,102.23,102.23,102.23,102.23,0.0,0.0
2013-12-05,101.17,101.17,101.17,101.17,0.0,0.0
2013-12-06,100.61,100.61,100.61,100.61,100.0,0.0
2013-12-09,100.28,100.28,100.28,100.28,100.0,0.0
2013-12-10,99.39,99.39,99.39,99.39,0.0,0.0
2013-12-11,99.11,99.11,99.11,99.11,100.0,0.0
2013-12-12,99.57,99.57,99.57,99.57,0.0,0.0
2013-12-13,100.33,100.33,100.33,100.33,100.0,0.0
2013-12-16,100.19,100.19,100.19,100.19,100.0,0.0
2013-12-17,100.06,100.06,100.06,100.06,100.0,0.0
2013-12-18,99.83,99.83,99.83,99.83,200.0,0.0
2013-12-19,99.55,99.55,99.55,99.55,200.0,0.0
2013-12-20,99.56,99.56,99.56,99.56,100.0,0.0
2013-12-23,99.58,99.58,99.58,99.58,100.0,0.0
2013-12-24,99.94,99.94,99.94,99.94,200.0,0.0
2013-12-25,99.82,99.82,99.82,99.82,200.0,0.0
2013-12-26,99.96,99.96,99.96,99.96,200.0,0.0
2013-12-27,100.17,100.17,100.17,100.17,200.0,0.0
2013-12-30,100.22,100.22,100.22,100.22,600.0,0.0
2013-12-31,100.13,100.13,100.13,100.13,500.0,0.0
2014-01-02,99.71,99.71,99.71,99.71,0.0,0.0
2014-01-03,99.12,99.12,99.12,99.12,0.0,0.0
2014-01-06,98.94,98.94,98.94,98.94,0.0,0.0
2014-01-07,99.18,99.18,99.18,99.18,0.0,0.0
2014-01-08,99.94,99.94,99.94,99.94,0.0,0.0
2014-01-09,99.88,99.88,99.88,99.88,0.0,0.0
2014-01-10,99.82,99.82,99.82,99.82,0.0,0.0
2014-01-13,99.87,99.87,99.87,99.87,0.0,0.0
2014-01-14,99.81,99.81,99.81,99.81,0.0,0.0
2014-01-15,100.27,100.27,100.27,100.27,0.0,0.0
2014-01-16,100.13,100.13,100.13,100.13,0.0,0.0
2014-01-17,100.0,100.0,100.0,100.0,0.0,0.0
2014-01-20,100.04,100.04,100.04,100.04,0.0,0.0
2014-01-21,100.81,100.81,100.81,100.81,0.0,0.0
2014-01-22,101.43,101.43,101.43,101.43,100.0,0.0
2014-01-23,101.6,101.6,101.6,101.6,0.0,0.0
2014-01-24,101.16,101.16,101.16,101.16,100.0,0.0
2014-01-26,101.47,101.47,101.47,101.47,500.0,0.0
2014-01-27,101.49,101.49,101.49,101.49,500.0,0.0
2014-01-28,101.18,101.18,101.18,101.18,0.0,0.0
2014-01-29,101.08,101.08,101.08,101.08,0.0,0.0
2014-01-30,101.22,101.22,101.22,101.22,0.0,0.0
2014-02-07,101.7,101.7,101.7,101.7,0.0,0.0
2014-02-08,101.87,101.87,101.87,101.87,0.0,0.0
2014-02-10,101.71,101.71,101.71,101.71,0.0,0.0
2014-02-11,101.81,101.81,101.81,101.81,40.0,0.0
2014-02-12,101.79,101.79,101.79,101.79,0.0,0.0
2014-02-13,101.8,101.8,101.8,101.8,400.0,0.0
2014-02-14,101.82,101.82,101.82,101.82,0.0,0.0
2014-02-17,101.33,101.33,101.33,101.33,0.0,0.0
2014-02-18,100.96,100.96,100.96,100.96,0.0,0.0
2014-02-19,100.75,100.75,100.75,100.75,0.0,0.0
2014-02-20,101.07,101.07,101.07,101.07,0.0,0.0
2014-02-21,101.11,101.11,101.11,101.11,10.0,0.0
2014-02-24,101.75,101.75,101.75,101.75,0.0,0.0
2014-02-25,102.53,102.53,102.53,102.53,10.0,0.0
2014-02-26,102.39,102.39,102.39,102.39,0.0,0.0
2014-02-27,103.28,103.28,103.28,103.28,70.0,0.0
2014-02-28,102.66,102.66,102.66,102.66,20.0,0.0
2014-03-03,102.25,102.25,102.25,102.25,0.0,0.0
2014-03-04,101.57,101.57,101.57,101.57,0.0,0.0
2014-03-05,101.36,101.36,101.36,101.36,0.0,0.0
2014-03-06,101.42,101.42,101.42,101.42,0.0,0.0
2014-03-07,101.43,101.43,101.43,101.43,0.0,0.0
2014-03-10,101.62,101.62,101.62,101.62,0.0,0.0
2014-03-11,101.49,101.49,101.49,101.49,0.0,0.0
2014-03-12,101.79,101.79,101.79,101.79,700.0,0.0
2014-03-13,101.82,101.82,101.82,101.82,20.0,0.0
2014-03-14,101.99,101.99,101.99,101.99,0.0,0.0
2014-03-17,102.03,102.03,102.03,102.03,0.0,0.0
2014-03-18,101.72,101.72,101.72,101.72,10.0,0.0
2014-03-19,101.73,101.73,101.73,101.73,10.0,0.0
2014-03-20,101.69,101.69,101.69,101.69,0.0,0.0
2014-03-21,101.94,101.94,101.94,101.94,0.0,0.0
2014-03-24,101.95,101.95,101.95,101.95,30.0,0.0
2014-03-25,101.89,101.89,101.89,101.89,0.0,0.0
2014-03-26,101.93,101.93,101.93,101.93,100.0,0.0
2014-03-27,101.95,101.95,101.95,101.95,200.0,0.0
2014-03-28,101.97,101.97,101.97,101.97,100.0,0.0
2014-03-31,102.17,102.17,102.17,102.17,0.0,0.0
2014-04-01,102.25,102.25,102.25,102.25,360.0,0.0
2014-04-02,102.34,102.34,102.34,102.34,360.0,0.0
2014-04-03,102.49,102.49,102.49,102.49,0.0,0.0
2014-04-04,102.5,102.5,102.5,102.5,200.0,0.0
2014-04-08,103.05,103.05,103.05,103.05,0.0,0.0
2014-04-09,102.58,102.58,102.58,102.58,0.0,0.0
2014-04-10,102.9,102.9,102.9,102.9,0.0,0.0
2014-04-11,102.99,102.99,102.99,102.99,0.0,0.0
2014-04-14,103.46,103.46,103.46,103.46,0.0,0.0
2014-04-15,103.86,103.86,103.86,103.86,0.0,0.0
2014-04-16,104.5,104.5,104.5,104.5,0.0,0.0
2014-04-17,105.88,105.88,105.88,105.88,0.0,0.0
2014-04-18,105.49,105.49,105.49,105.49,0.0,0.0
2014-04-21,105.53,105.53,105.53,105.53,0.0,0.0
2014-04-22,105.55,105.55,105.55,105.55,0.0,0.0
2014-04-23,105.08,105.08,105.08,105.08,0.0,0.0
2014-04-24,104.94,104.94,104.94,104.94,0.0,0.0
2014-04-25,105.2,105.2,105.2,105.2,0.0,0.0
2014-04-28,105.24,105.24,105.24,105.24,500.0,0.0
2014-04-29,105.42,105.42,105.42,105.42,500.0,0.0
2014-04-30,105.75,105.75,105.75,105.75,0.0,0.0
2014-05-04,105.97,105.97,105.97,105.97,0.0,0.0
2014-05-05,105.98,105.98,105.98,105.98,0.0,0.0
2014-05-06,106.19,106.19,106.19,106.19,100.0,0.0
2014-05-07,106.22,106.22,106.22,106.22,100.0,0.0
2014-05-08,107.06,107.06,107.06,107.06,0.0,0.0
2014-05-09,108.88,108.88,108.88,108.88,0.0,0.0
2014-05-12,108.93,108.93,108.93,108.93,0.0,0.0
2014-05-13,108.61,108.61,108.61,108.61,0.0,0.0
2014-05-14,108.28,108.28,108.28,108.28,0.0,0.0
2014-05-15,107.96,107.96,107.96,107.96,0.0,0.0
2014-05-16,107.97,107.97,107.97,107.97,0.0,0.0
2014-05-19,108.35,108.35,108.35,108.35,0.0,0.0
2014-05-20,108.28,108.28,108.28,108.28,0.0,0.0
2014-05-21,108.29,108.29,108.29,108.29,0.0,0.0
2014-05-22,108.31,108.31,108.31,108.31,0.0,0.0
2014-05-23,109.93,109.93,109.93,109.93,0.0,0.0
2014-05-26,110.22,110.22,110.22,110.22,440.0,0.0
2014-05-27,110.35,110.35,110.35,110.35,280.0,0.0
2014-05-28,110.42,110.42,110.42,110.42,60.0,0.0
2014-05-29,110.4,110.4,110.4,110.4,0.0,0.0
2014-05-30,111.18,111.18,111.18,111.18,50.0,0.0
2014-06-03,112.1,112.1,112.1,112.1,0.0,0.0
2014-06-04,112.17,112.17,112.17,112.17,0.0,0.0
2014-06-05,111.88,111.88,111.88,111.88,230.0,0.0
2014-06-06,111.33,111.33,111.33,111.33,750.0,0.0
2014-06-09,111.2,111.2,111.2,111.2,960.0,0.0
2014-06-10,111.38,111.38,111.38,111.38,180.0,0.0
2014-06-11,111.4,111.4,111.4,111.4,0.0,0.0
2014-06-12,111.37,111.37,111.37,111.37,100.0,0.0
2014-06-13,111.08,111.08,111.08,111.08,0.0,0.0
2014-06-16,111.47,111.47,111.47,111.47,0.0,0.0
2014-06-17,111.48,111.48,111.48,111.48,0.0,0.0
2014-06-18,111.49,111.49,111.49,111.49,0.0,0.0
2014-06-19,111.73,111.73,111.73,111.73,0.0,0.0
2014-06-20,111.66,111.66,111.66,111.66,0.0,0.0
2014-06-23,111.7,111.7,111.7,111.7,0.0,0.0
2014-06-24,111.72,111.72,111.72,111.72,0.0,0.0
2014-06-25,111.58,111.58,111.58,111.58,0.0,0.0
2014-06-26,111.74,111.74,111.74,111.74,0.0,0.0
2014-06-27,111.73,111.73,111.73,111.73,0.0,0.0
2014-06-30,111.55,111.55,111.55,111.55,0.0,0.0
2014-07-01,111.22,111.22,111.22,111.22,0.0,0.0
2014-07-02,110.55,110.55,110.55,110.55,0.0,0.0
2014-07-03,110.07,110.07,110.07,110.07,0.0,0.0
2014-07-04,109.67,109.67,109.67,109.67,0.0,0.0
2014-07-07,110.62,110.62,110.62,110.62,0.0,0.0
2014-07-08,110.73,110.73,110.73,110.73,0.0,0.0
2014-07-09,110.56,110.56,110.56,110.56,0.0,0.0
2014-07-10,110.54,110.54,110.54,110.54,0.0,0.0
2014-07-11,110.73,110.73,110.73,110.73,0.0,0.0
2014-07-14,110.77,110.77,110.77,110.77,1500.0,0.0
2014-07-15,110.31,110.31,110.31,110.31,0.0,0.0
2014-07-16,109.32,109.32,109.32,109.32,0.0,0.0
2014-07-17,108.5,108.5,108.5,108.5,0.0,0.0
2014-07-18,107.93,107.93,107.93,107.93,0.0,0.0
2014-07-21,107.98,107.98,107.98,107.98,0.0,0.0
2014-07-22,108.49,108.49,108.49,108.49,0.0,0.0
2014-07-23,108.36,108.36,108.36,108.36,0.0,0.0
2014-07-24,108.37,108.37,108.37,108.37,20.0,0.0
2014-07-25,108.79,108.79,108.79,108.79,0.0,0.0
2014-07-28,108.83,108.83,108.83,108.83,0.0,0.0
2014-07-29,108.69,108.69,108.69,108.69,0.0,0.0
2014-07-30,108.66,108.66,108.66,108.66,0.0,0.0
2014-07-31,108.81,108.81,108.81,108.81,0.0,0.0
2014-08-01,108.87,108.87,108.87,108.87,50.0,0.0
2014-08-04,108.97,108.97,108.97,108.97,50.0,0.0
2014-08-05,108.92,108.92,108.92,108.92,0.0,0.0
2014-08-06,108.96,108.96,108.96,108.96,210.0,0.0
2014-08-07,108.83,108.83,108.83,108.83,0.0,0.0
2014-08-08,108.56,108.56,108.56,108.56,200.0,0.0
2014-08-11,108.69,108.69,108.69,108.69,200.0,0.0
2014-08-12,108.71,108.71,108.71,108.71,0.0,0.0
2014-08-13,108.98,108.98,108.98,108.98,200.0,0.0
2014-08-14,109.39,109.39,109.39,109.39,50.0,0.0
2014-08-15,109.55,109.55,109.55,109.55,150.0,0.0
2014-08-18,109.42,109.42,109.42,109.42,0.0,0.0
2014-08-19,109.28,109.28,109.28,109.28,0.0,0.0
2014-08-20,109.19,109.19,109.19,109.19,0.0,0.0
2014-08-21,109.21,109.21,109.21,109.21,0.0,0.0
2014-08-22,109.13,109.13,109.13,109.13,0.0,0.0
2014-08-25,109.26,109.26,109.26,109.26,0.0,0.0
2014-08-26,109.31,109.31,109.31,109.31,0.0,0.0
2014-08-27,109.52,109.52,109.52,109.52,0.0,0.0
2014-08-28,109.54,109.54,109.54,109.54,0.0,0.0
2014-08-29,109.38,109.38,109.38,109.38,0.0,0.0
2014-09-01,109.36,109.36,109.36,109.36,0.0,0.0
2014-09-02,109.25,109.25,109.25,109.25,0.0,0.0
2014-09-03,109.0,109.0,109.0,109.0,0.0,0.0
2014-09-04,108.72,108.72,108.72,108.72,0.0,0.0
2014-09-05,108.68,108.68,108.68,108.68,0.0,0.0
2014-09-09,108.83,108.83,108.83,108.83,0.0,0.0
2014-09-10,108.81,108.81,108.81,108.81,149.97,0.0
2014-09-11,108.82,108.82,108.82,108.82,0.0,0.0
2014-09-12,109.13,109.13,109.13,109.13,0.0,0.0
2014-09-15,109.5,109.5,109.5,109.5,0.0,0.0
2014-09-16,109.44,109.44,109.44,109.44,0.0,0.0
2014-09-17,110.34,110.34,110.34,110.34,0.0,0.0
2014-09-18,110.98,110.98,110.98,110.98,0.0,0.0
2014-09-19,112.23,112.23,112.23,112.23,0.0,0.0
2014-09-22,112.8,112.8,112.8,112.8,0.0,0.0
2014-09-23,112.94,112.94,112.94,112.94,0.0,0.0
2014-09-24,112.09,112.09,112.09,112.09,0.0,0.0
2014-09-25,112.73,112.73,112.73,112.73,0.0,0.0
2014-09-26,112.56,112.56,112.56,112.56,0.0,0.0
2014-09-28,112.41,112.41,112.41,112.41,0.0,0.0
2014-09-29,112.73,112.73,112.73,112.73,0.0,0.0
2014-09-30,112.8,112.8,112.8,112.8,0.0,0.0
2014-10-08,112.74,112.74,112.74,112.74,0.0,0.0
2014-10-09,112.58,112.58,112.58,112.58,0.0,0.0
2014-10-10,112.39,112.39,112.39,112.39,0.0,0.0
2014-10-11,112.48,112.48,112.48,112.48,0.0,0.0
2014-10-13,112.52,112.52,112.52,112.52,0.0,0.0
2014-10-14,114.22,114.22,114.22,114.22,0.0,0.0
2014-10-15,115.66,115.66,115.66,115.66,0.0,0.0
2014-10-16,115.85,115.85,115.85,115.85,0.0,0.0
2014-10-17,115.88,115.88,115.88,115.88,0.0,0.0
2014-10-20,117.14,117.14,117.14,117.14,0.0,0.0
2014-10-21,117.37,117.37,117.37,117.37,0.0,0.0
2014-10-22,116.13,116.13,116.13,116.13,0.0,0.0
2014-10-23,116.07,116.07,116.07,116.07,0.0,0.0
2014-10-24,117.92,117.92,117.92,117.92,0.0,0.0
2014-10-27,118.43,118.43,118.43,118.43,199.96,0.0
2014-10-28,119.06,119.06,119.06,119.06,0.0,0.0
2014-10-29,119.55,119.55,119.55,119.55,0.0,0.0
2014-10-30,118.71,118.71,118.71,118.71,0.0,0.0
2014-10-31,118.86,118.86,118.86,118.86,90.0,0.0
2014-11-03,119.99,119.99,119.99,119.99,20.0,0.0
2014-11-04,121.14,121.14,121.14,121.14,40.0,0.0
2014-11-05,121.73,121.73,121.73,121.73,0.0,0.0
2014-11-06,121.53,121.53,121.53,121.53,0.0,0.0
2014-11-07,122.7,122.7,122.7,122.7,0.0,0.0
2014-11-10,123.73,123.73,123.73,123.73,500.0,0.0
2014-11-11,124.04,124.04,124.04,124.04,0.0,0.0
2014-11-12,122.9,122.9,122.9,122.9,0.0,0.0
2014-11-13,122.23,122.23,122.23,122.23,120.0,0.0
2014-11-14,121.14,121.14,121.14,121.14,120.0,0.0
2014-11-17,120.95,120.95,120.95,120.95,0.0,0.0
2014-11-18,122.0,122.0,122.0,122.0,0.0,0.0
2014-11-19,121.85,121.85,121.85,121.85,0.0,0.0
2014-11-20,121.17,121.17,121.17,121.17,30.0,0.0
2014-11-21,121.2,121.2,121.2,121.2,30.0,0.0
2014-11-24,124.66,124.66,124.66,124.66,100.0,0.0
2014-11-25,123.78,123.78,123.78,123.78,200.0,0.0
2014-11-26,123.77,123.77,123.77,123.77,100.0,0.0
2014-11-27,123.76,123.76,123.76,123.76,0.0,0.0
2014-11-28,123.76,123.76,123.76,123.76,0.0,0.0
2014-12-01,124.01,124.01,124.01,124.01,0.0,0.0
2014-12-02,123.23,123.23,123.23,123.23,0.0,0.0
2014-12-03,121.91,121.91,121.91,121.91,100.0,0.0
2014-12-04,121.17,121.17,121.17,121.17,100.0,0.0
2014-12-05,119.05,119.05,119.05,119.05,350.0,0.0
2014-12-08,118.8,118.8,118.8,118.8,0.0,0.0
2014-12-09,119.52,119.52,119.52,119.52,0.0,0.0
2014-12-10,120.31,120.31,120.31,120.31,20.0,0.0
2014-12-11,120.07,120.07,120.07,120.07,70.0,0.0
2014-12-12,119.6,119.6,119.6,119.6,0.0,0.0
2014-12-15,119.08,119.08,119.08,119.08,0.0,0.0
2014-12-16,119.64,119.64,119.64,119.64,0.0,0.0
2014-12-17,119.98,119.98,119.98,119.98,100.0,0.0
2014-12-18,119.49,119.49,119.49,119.49,0.0,0.0
2014-12-19,120.45,120.45,120.45,120.45,0.0,0.0
2014-12-22,120.63,120.63,120.63,120.63,120.0,0.0
2014-12-23,121.5,121.5,121.5,121.5,120.0,0.0
2014-12-24,122.68,122.68,122.68,122.68,0.0,0.0
2014-12-25,122.06,122.06,122.06,122.06,0.0,0.0
2014-12-26,122.01,122.01,122.01,122.01,180.0,0.0
2014-12-29,122.29,122.29,122.29,122.29,100.0,0.0
2014-12-30,122.3,122.3,122.3,122.3,100.0,0.0
2014-12-31,122.31,122.31,122.31,122.31,100.0,0.0
2015-01-04,122.24,122.24,122.24,122.24,0.0,0.0
2015-01-05,122.32,122.32,122.32,122.32,200.0,0.0
2015-01-06,122.13,122.13,122.13,122.13,0.0,0.0
2015-01-07,122.04,122.04,122.04,122.04,50.0,0.0
2015-01-08,122.04,122.04,122.04,122.04,100.0,0.0
2015-01-09,122.18,122.18,122.18,122.18,0.0,0.0
2015-01-12,122.03,122.03,122.03,122.03,0.0,0.0
2015-01-13,123.09,123.09,123.09,123.09,0.0,0.0
2015-01-14,123.93,123.93,123.93,123.93,0.0,0.0
2015-01-15,123.54,123.54,123.54,123.54,0.0,0.0
2015-01-16,124.44,124.44,124.44,124.44,120.0,0.0
2015-01-19,125.01,125.01,125.01,125.01,0.0,0.0
2015-01-20,125.1,125.1,125.1,125.1,0.0,0.0
2015-01-21,125.19,125.19,125.19,125.19,0.0,0.0
2015-01-22,125.51,125.51,125.51,125.51,0.0,0.0
2015-01-23,125.53,125.53,125.53,125.53,0.0,0.0
2015-01-26,125.93,125.93,125.93,125.93,0.0,0.0
2015-01-27,126.01,126.01,126.01,126.01,0.0,0.0
2015-01-28,125.9,125.9,125.9,125.9,0.0,0.0
2015-01-29,125.46,125.46,125.46,125.46,80.0,0.0
2015-01-30,125.33,125.33,125.33,125.33,150.0,0.0
2015-02-02,125.96,125.96,125.96,125.96,0.0,0.0
2015-02-03,126.37,126.37,126.37,126.37,0.0,0.0
2015-02-04,126.27,126.27,126.27,126.27,0.0,0.0
2015-02-05,127.45,127.45,127.45,127.45,0.0,0.0
2015-02-06,126.85,126.85,126.85,126.85,0.0,0.0
2015-02-09,127.07,127.07,127.07,127.07,0.0,0.0
2015-02-10,126.95,126.95,126.95,126.95,0.0,0.0
2015-02-11,127.67,127.67,127.67,127.67,0.0,0.0
2015-02-12,127.74,127.74,127.74,127.74,0.0,0.0
2015-02-13,127.63,127.63,127.63,127.63,45.0,0.0
2015-02-15,127.6,127.6,127.6,127.6,0.0,0.0
2015-02-16,128.13,128.13,128.13,128.13,0.0,0.0
2015-02-17,128.14,128.14,128.14,128.14,0.0,0.0
2015-02-25,128.01,128.01,128.01,128.01,0.0,0.0
2015-02-26,127.9,127.9,127.9,127.9,0.0,0.0
2015-02-27,127.62,127.62,127.62,127.62,130.0,0.0
2015-02-28,127.88,127.88,127.88,127.88,0.0,0.0
2015-03-02,127.34,127.34,127.34,127.34,0.0,0.0
2015-03-03,127.06,127.06,127.06,127.06,0.0,0.0
2015-03-04,127.39,127.39,127.39,127.39,0.0,0.0
2015-03-05,126.36,126.36,126.36,126.36,350.0,0.0
2015-03-06,125.62,125.62,125.62,125.62,0.0,0.0
2015-03-09,125.33,125.33,125.33,125.33,50.0,0.0
2015-03-10,124.73,124.73,124.73,124.73,0.0,0.0
2015-03-11,126.26,126.26,126.26,126.26,0.0,0.0
2015-03-12,126.38,126.38,126.38,126.38,0.0,0.0
2015-03-13,125.47,125.47,125.47,125.47,0.0,0.0
2015-03-16,124.68,124.68,124.68,124.68,0.0,0.0
2015-03-17,124.43,124.43,124.43,124.43,0.0,0.0
2015-03-18,124.27,124.27,124.27,124.27,0.0,0.0
2015-03-19,123.54,123.54,123.54,123.54,0.0,0.0
2015-03-20,124.0,124.0,124.0,124.0,110.0,0.0
2015-03-23,124.06,124.06,124.06,124.06,70.0,0.0
2015-03-24,123.87,123.87,123.87,123.87,0.0,0.0
2015-03-25,123.5,123.5,123.5,123.5,0.0,0.0
2015-03-26,122.76,122.76,122.76,122.76,0.0,0.0
2015-03-27,122.18,122.18,122.18,122.18,0.0,0.0
2015-03-30,121.85,121.85,121.85,121.85,50.0,0.0
2015-03-31,121.5,121.5,121.5,121.5,0.0,0.0
2015-04-01,122.45,122.45,122.45,122.45,0.0,0.0
2015-04-02,123.54,123.54,123.54,123.54,0.0,0.0
2015-04-03,123.0,123.0,123.0,123.0,0.0,0.0
2015-04-07,122.54,122.54,122.54,122.54,0.0,0.0
2015-04-08,120.74,120.74,120.74,120.74,0.0,0.0
2015-04-09,120.44,120.44,120.44,120.44,0.0,0.0
2015-04-10,120.46,120.46,120.46,120.46,190.0,0.0
2015-04-13,120.47,120.47,120.47,120.47,380.0,0.0
2015-04-14,121.29,121.29,121.29,121.29,0.0,0.0
2015-04-15,121.7,121.7,121.7,121.7,100.0,0.0
2015-04-16,122.43,122.43,122.43,122.43,0.0,0.0
2015-04-17,122.39,122.39,122.39,122.39,100.0,0.0
2015-04-20,124.52,124.52,124.52,124.52,0.0,0.0
2015-04-21,124.84,124.84,124.84,124.84,0.0,0.0
2015-04-22,124.74,124.74,124.74,124.74,200.0,0.0
2015-04-23,124.68,124.68,124.68,124.68,0.0,0.0
2015-04-24,122.94,122.94,122.94,122.94,0.0,0.0
2015-04-27,122.95,122.95,122.95,122.95,0.0,0.0
2015-04-28,123.25,123.25,123.25,123.25,0.0,0.0
2015-04-29,123.34,123.34,123.34,123.34,0.0,0.0
2015-04-30,124.17,124.17,124.17,124.17,300.0,0.0
2015-05-04,123.6,123.6,123.6,123.6,0.0,0.0
2015-05-05,123.22,123.22,123.22,123.22,0.0,0.0
2015-05-06,122.32,122.32,122.32,122.32,0.0,0.0
2015-05-07,122.5,122.5,122.5,122.5,0.0,0.0
2015-05-08,123.87,123.87,123.87,123.87,0.0,0.0
2015-05-11,123.82,123.82,123.82,123.82,0.0,0.0
2015-05-12,123.7,123.7,123.7,123.7,0.0,0.0
2015-05-13,123.57,123.57,123.57,123.57,80.0,0.0
2015-05-14,123.92,123.92,123.92,123.92,0.0,0.0
2015-05-15,124.02,124.02,124.02,124.02,0.0,0.0
2015-05-18,124.16,124.16,124.16,124.16,340.0,0.0
2015-05-19,124.21,124.21,124.21,124.21,200.0,0.0
2015-05-20,124.2,124.2,124.2,124.2,430.0,0.0
2015-05-21,124.54,124.54,124.54,124.54,0.0,0.0
2015-05-22,125.18,125.18,125.18,125.18,30.0,0.0
2015-05-25,126.14,126.14,126.14,126.14,0.0,0.0
2015-05-26,126.58,126.58,126.58,126.58,0.0,0.0
2015-05-27,126.25,126.25,126.25,126.25,500.0,0.0
2015-05-28,126.53,126.53,126.53,126.53,500.0,0.0
2015-05-29,126.38,126.38,126.38,126.38,0.0,0.0
2015-06-01,126.08,126.08,126.08,126.08,620.0,0.0
2015-06-02,126.04,126.04,126.04,126.04,0.0,0.0
2015-06-03,126.37,126.37,126.37,126.37,0.0,0.0
2015-06-04,126.71,126.71,126.71,126.71,0.0,0.0
2015-06-05,126.92,126.92,126.92,126.92,0.0,0.0
2015-06-08,126.67,126.67,126.67,126.67,0.0,0.0
2015-06-09,126.69,126.69,126.69,126.69,0.0,0.0
2015-06-10,125.96,125.96,125.96,125.96,200.0,0.0
2015-06-11,125.42,125.42,125.42,125.42,460.0,0.0
2015-06-12,125.48,125.48,125.48,125.48,2160.0,0.0
2015-06-15,124.58,124.58,124.58,124.58,0.0,0.0
2015-06-16,125.74,125.74,125.74,125.74,0.0,0.0
2015-06-17,126.02,126.02,126.02,126.02,0.0,0.0
2015-06-18,126.68,126.68,126.68,126.68,100.0,0.0
2015-06-19,126.5,126.5,126.5,126.5,0.0,0.0
2015-06-23,126.1,126.1,126.1,126.1,0.0,0.0
2015-06-24,126.06,126.06,126.06,126.06,0.0,0.0
2015-06-25,126.2,126.2,126.2,126.2,200.0,0.0
2015-06-26,126.11,126.11,126.11,126.11,400.0,0.0
2015-06-29,126.25,126.25,126.25,126.25,400.0,0.0
2015-06-30,126.51,126.51,126.51,126.51,600.0,0.0
2015-07-01,126.03,126.03,126.03,126.03,500.0,0.0
2015-07-02,126.15,126.15,126.15,126.15,400.0,0.0
2015-07-03,126.17,126.17,126.17,126.17,450.0,0.0
2015-07-06,127.75,127.75,127.75,127.75,500.0,0.0
2015-07-07,128.89,128.89,128.89,128.89,400.0,0.0
2015-07-08,129.02,129.02,129.02,129.02,200.0,0.0
2015-07-09,128.93,128.93,128.93,128.93,0.0,0.0
2015-07-10,127.86,127.86,127.86,127.86,100.0,0.0
2015-07-13,128.47,128.47,128.47,128.47,0.0,0.0
2015-07-14,128.47,128.47,128.47,128.47,0.0,0.0
2015-07-15,128.56,128.56,128.56,128.56,0.0,0.0
2015-07-16,129.04,129.04,129.04,129.04,0.0,0.0
2015-07-17,129.66,129.66,129.66,129.66,0.0,0.0
2015-07-20,129.32,129.32,129.32,129.32,0.0,0.0
2015-07-21,128.91,128.91,128.91,128.91,0.0,0.0
2015-07-22,129.07,129.07,129.07,129.07,0.0,0.0
2015-07-23,129.08,129.08,129.08,129.08,0.0,0.0
2015-07-24,129.69,129.69,129.69,129.69,0.0,0.0
2015-07-27,129.73,129.73,129.73,129.73,120.0,0.0
2015-07-28,130.14,130.14,130.14,130.14,120.0,0.0
2015-07-29,130.38,130.38,130.38,130.38,0.0,0.0
2015-07-30,130.19,130.19,130.19,130.19,50.0,0.0
2015-07-31,129.47,129.47,129.47,129.47,0.0,0.0
2015-08-03,129.61,129.61,129.61,129.61,2110.0,0.0
2015-08-04,129.48,129.48,129.48,129.48,0.0,0.0
2015-08-05,129.06,129.06,129.06,129.06,950.0,0.0
2015-08-06,129.28,129.28,129.28,129.28,0.0,0.0
2015-08-07,129.4,129.4,129.4,129.4,0.0,0.0
2015-08-10,129.01,129.01,129.01,129.01,0.0,0.0
2015-08-11,128.87,128.87,128.87,128.87,0.0,0.0
2015-08-12,128.61,128.61,128.61,128.61,200.0,0.0
2015-08-13,129.11,129.11,129.11,129.11,0.0,0.0
2015-08-14,129.33,129.33,129.33,129.33,0.0,0.0
2015-08-17,129.12,129.12,129.12,129.12,0.0,0.0
2015-08-18,129.22,129.22,129.22,129.22,0.0,0.0
2015-08-19,129.09,129.09,129.09,129.09,0.0,0.0
2015-08-20,128.81,128.81,128.81,128.81,20.0,0.0
2015-08-21,129.03,129.03,129.03,129.03,0.0,0.0
2015-08-24,129.59,129.59,129.59,129.59,0.0,0.0
2015-08-25,129.86,129.86,129.86,129.86,0.0,0.0
2015-08-26,130.29,130.29,130.29,130.29,50.0,0.0
2015-08-27,131.12,131.12,131.12,131.12,130.0,0.0
2015-08-28,131.34,131.34,131.34,131.34,100.0,0.0
2015-08-31,132.57,132.57,132.57,132.57,50.0,0.0
2015-09-01,132.64,132.64,132.64,132.64,10.0,0.0
2015-09-02,132.58,132.58,132.58,132.58,0.0,0.0
2015-09-06,132.22,132.22,132.22,132.22,0.0,0.0
2015-09-07,131.7,131.7,131.7,131.7,0.0,0.0
2015-09-08,131.86,131.86,131.86,131.86,160.0,0.0
2015-09-09,132.12,132.12,132.12,132.12,40.0,0.0
2015-09-10,132.2,132.2,132.2,132.2,80.0,0.0
2015-09-11,132.35,132.35,132.35,132.35,80.0,0.0
2015-09-14,132.59,132.59,132.59,132.59,80.0,0.0
2015-09-15,133.01,133.01,133.01,133.01,80.0,0.0
2015-09-16,132.59,132.59,132.59,132.59,80.0,0.0
2015-09-17,132.72,132.72,132.72,132.72,120.0,0.0
2015-09-18,133.04,133.04,133.04,133.04,60.0,0.0
2015-09-21,132.32,132.32,132.32,132.32,0.0,0.0
2015-09-22,131.65,131.65,131.65,131.65,0.0,0.0
2015-09-23,131.41,131.41,131.41,131.41,0.0,0.0
2015-09-24,131.29,131.29,131.29,131.29,130.0,0.0
2015-09-25,131.25,131.25,131.25,131.25,280.0,0.0
2015-09-28,131.69,131.69,131.69,131.69,0.0,0.0
2015-09-29,131.18,131.18,131.18,131.18,0.0,0.0
2015-09-30,131.4,131.4,131.4,131.4,0.0,0.0
2015-10-08,131.41,131.41,131.41,131.41,0.0,0.0
2015-10-09,132.5,132.5,132.5,132.5,0.0,0.0
2015-10-10,132.23,132.23,132.23,132.23,0.0,0.0
2015-10-12,131.84,131.84,131.84,131.84,0.0,0.0
2015-10-13,131.54,131.54,131.54,131.54,0.0,0.0
2015-10-14,132.82,132.82,132.82,132.82,0.0,0.0
2015-10-15,132.93,132.93,132.93,132.93,0.0,0.0
2015-10-16,131.89,131.89,131.89,131.89,100.0,0.0
2015-10-19,132.91,132.91,132.91,132.91,0.0,0.0
2015-10-20,133.86,133.86,133.86,133.86,30.0,0.0
2015-10-21,133.87,133.87,133.87,133.87,0.0,0.0
2015-10-22,133.88,133.88,133.88,133.88,0.0,0.0
2015-10-23,133.43,133.43,133.43,133.43,0.0,0.0
2015-10-26,133.91,133.91,133.91,133.91,0.0,0.0
2015-10-27,134.79,134.79,134.79,134.79,0.0,0.0
2015-10-28,134.65,134.65,134.65,134.65,0.0,0.0
2015-10-29,134.17,134.17,134.17,134.17,0.0,0.0
2015-10-30,133.98,133.98,133.98,133.98,3000.0,0.0
2015-11-02,134.17,134.17,134.17,134.17,3000.0,0.0
2015-11-03,133.57,133.57,133.57,133.57,0.0,0.0
2015-11-04,132.39,132.39,132.39,132.39,0.0,0.0
2015-11-05,132.83,132.83,132.83,132.83,0.0,0.0
2015-11-06,133.37,133.37,133.37,133.37,0.0,0.0
2015-11-09,131.58,131.58,131.58,131.58,0.0,0.0
2015-11-10,131.8,131.8,131.8,131.8,0.0,0.0
2015-11-11,132.88,132.88,132.88,132.88,0.0,0.0
2015-11-12,132.63,132.63,132.63,132.63,200.0,0.0
2015-11-13,132.86,132.86,132.86,132.86,0.0,0.0
2015-11-16,132.69,132.69,132.69,132.69,0.0,0.0
2015-11-17,132.92,132.92,132.92,132.92,0.0,0.0
2015-11-18,132.61,132.61,132.61,132.61,0.0,0.0
2015-11-19,132.62,132.62,132.62,132.62,200.0,0.0
2015-11-20,132.51,132.51,132.51,132.51,200.0,0.0
2015-11-23,132.47,132.47,132.47,132.47,0.0,0.0
2015-11-24,132.96,132.96,132.96,132.96,0.0,0.0
2015-11-25,133.47,133.47,133.47,133.47,0.0,0.0
2015-11-26,132.99,132.99,132.99,132.99,200.0,0.0
2015-11-27,132.79,132.79,132.79,132.79,400.0,0.0
2015-11-30,133.28,133.28,133.28,133.28,0.0,0.0
2015-12-01,133.08,133.08,133.08,133.08,0.0,0.0
2015-12-02,133.23,133.23,133.23,133.23,0.0,0.0
2015-12-03,133.56,133.56,133.56,133.56,100.0,0.0
2015-12-04,133.66,133.66,133.66,133.66,0.0,0.0
2015-12-07,133.68,133.68,133.68,133.68,100.0,0.0
2015-12-08,134.26,134.26,134.26,134.26,0.0,0.0
2015-12-09,134.35,134.35,134.35,134.35,50.0,0.0
2015-12-10,134.25,134.25,134.25,134.25,0.0,0.0
2015-12-11,134.45,134.45,134.45,134.45,0.0,0.0
2015-12-14,133.67,133.67,133.67,133.67,0.0,0.0
2015-12-15,134.02,134.02,134.02,134.02,0.0,0.0
2015-12-16,134.35,134.35,134.35,134.35,0.0,0.0
2015-12-17,134.69,134.69,134.69,134.69,0.0,0.0
2015-12-18,135.37,135.37,135.37,135.37,0.0,0.0
2015-12-21,136.04,136.04,136.04,136.04,0.0,0.0
2015-12-22,136.5,136.5,136.5,136.5,0.0,0.0
2015-12-23,136.84,136.84,136.84,136.84,0.0,0.0
2015-12-24,137.85,137.85,137.85,137.85,0.0,0.0
2015-12-25,137.76,137.76,137.76,137.76,0.0,0.0
2015-12-28,138.03,138.03,138.03,138.03,0.0,0.0
2015-12-29,137.82,137.82,137.82,137.82,0.0,0.0
2015-12-30,138.17,138.17,138.17,138.17,0.0,0.0
2015-12-31,138.26,138.26,138.26,138.26,0.0,0.0
2016-01-04,138.04,138.04,138.04,138.04,0.0,0.0
2016-01-05,137.61,137.61,137.61,137.61,0.0,0.0
2016-01-06,138.36,138.36,138.36,138.36,0.0,0.0
2016-01-07,139.2,139.2,139.2,139.2,450.0,0.0
2016-01-08,139.69,139.69,139.69,139.69,310.0,0.0
2016-01-11,140.11,140.11,140.11,140.11,60.0,0.0
2016-01-12,141.08,141.08,141.08,141.08,0.0,0.0
2016-01-13,142.83,142.83,142.83,142.83,0.0,0.0
2016-01-14,142.18,142.18,142.18,142.18,0.0,0.0
2016-01-15,142.31,142.31,142.31,142.31,0.0,0.0
2016-01-18,141.63,141.63,141.63,141.63,0.0,0.0
2016-01-19,141.18,141.18,141.18,141.18,0.0,0.0
2016-01-20,140.85,140.85,140.85,140.85,0.0,0.0
2016-01-21,141.33,141.33,141.33,141.33,0.0,0.0
2016-01-22,141.75,141.75,141.75,141.75,0.0,0.0
2016-01-25,139.81,139.81,139.81,139.81,0.0,0.0
2016-01-26,139.96,139.96,139.96,139.96,20.0,0.0
2016-01-27,139.05,139.05,139.05,139.05,0.0,0.0
2016-01-28,139.32,139.32,139.32,139.32,0.0,0.0
2016-01-29,140.3,140.3,140.3,140.3,0.0,0.0
2016-02-01,140.46,140.46,140.46,140.46,0.0,0.0
2016-02-02,139.45,139.45,139.45,139.45,0.0,0.0
2016-02-03,139.21,139.21,139.21,139.21,0.0,0.0
2016-02-04,140.61,140.61,140.61,140.61,0.0,0.0
2016-02-05,140.64,140.64,140.64,140.64,60.0,0.0
2016-02-06,140.64,140.64,140.64,140.64,0.0,0.0
2016-02-14,141.49,141.49,141.49,141.49,0.0,0.0
2016-02-15,141.15,141.15,141.15,141.15,0.0,0.0
2016-02-16,141.15,141.15,141.15,141.15,0.0,0.0
2016-02-17,141.4,141.4,141.4,141.4,0.0,0.0
2016-02-18,141.41,141.41,141.41,141.41,0.0,0.0
2016-02-19,141.63,141.63,141.63,141.63,0.0,0.0
2016-02-22,141.6,141.6,141.6,141.6,40.0,0.0
2016-02-23,141.56,141.56,141.56,141.56,0.0,0.0
2016-02-24,141.05,141.05,141.05,141.05,0.0,0.0
2016-02-25,140.48,140.48,140.48,140.48,60.0,0.0
2016-02-26,141.01,141.01,141.01,141.01,0.0,0.0
2016-02-29,141.4,141.4,141.4,141.4,0.0,0.0
2016-03-01,141.77,141.77,141.77,141.77,0.0,0.0
2016-03-02,142.07,142.07,142.07,142.07,40.0,0.0
2016-03-03,142.19,142.19,142.19,142.19,0.0,0.0
2016-03-04,142.33,142.33,142.33,142.33,60.0,0.0
2016-03-07,141.54,141.54,141.54,141.54,60.0,0.0
2016-03-08,141.6,141.6,141.6,141.6,80.0,0.0
2016-03-09,142.52,142.52,142.52,142.52,150.0,0.0
2016-03-10,143.28,143.28,143.28,143.28,150.0,0.0
2016-03-11,142.65,142.65,142.65,142.65,0.0,0.0
2016-03-14,142.88,142.88,142.88,142.88,180.0,0.0
2016-03-15,143.09,143.09,143.09,143.09,0.0,0.0
2016-03-16,143.95,143.95,143.95,143.95,20.0,0.0
2016-03-17,144.26,144.26,144.26,144.26,0.0,0.0
2016-03-18,144.49,144.49,144.49,144.49,350.0,0.0
2016-03-21,145.14,145.14,145.14,145.14,100.0,0.0
2016-03-22,145.02,145.02,145.02,145.02,100.0,0.0
2016-03-23,145.07,145.07,145.07,145.07,40.0,0.0
2016-03-24,145.05,145.05,145.05,145.05,0.0,0.0
2016-03-25,145.41,145.41,145.41,145.41,0.0,0.0
2016-03-28,145.63,145.63,145.63,145.63,780.0,0.0
2016-03-29,145.71,145.71,145.71,145.71,1220.0,0.0
2016-03-30,146.25,146.25,146.25,146.25,400.0,0.0
2016-03-31,146.36,146.36,146.36,146.36,900.0,0.0
2016-04-01,146.3,146.3,146.3,146.3,400.0,0.0
2016-04-05,145.77,145.77,145.77,145.77,400.0,0.0
2016-04-06,145.64,145.64,145.64,145.64,1160.0,0.0
2016-04-07,144.88,144.88,144.88,144.88,600.0,0.0
2016-04-08,144.94,144.94,144.94,144.94,400.0,0.0
2016-04-11,144.95,144.95,144.95,144.95,400.0,0.0
2016-04-12,145.23,145.23,145.23,145.23,400.0,0.0
2016-04-13,144.8,144.8,144.8,144.8,400.0,0.0
2016-04-14,144.9,144.9,144.9,144.9,400.0,0.0
2016-04-15,145.37,145.37,145.37,145.37,400.0,0.0
2016-04-18,145.64,145.64,145.64,145.64,400.0,0.0
2016-04-19,145.63,145.63,145.63,145.63,600.0,0.0
2016-04-20,145.2,145.2,145.2,145.2,600.0,0.0
2016-04-21,145.35,145.35,145.35,145.35,400.0,0.0
2016-04-22,143.74,143.74,143.74,143.74,0.0,0.0
2016-04-25,142.29,142.29,142.29,142.29,0.0,0.0
2016-04-26,142.67,142.67,142.67,142.67,0.0,0.0
2016-04-27,142.9,142.9,142.9,142.9,0.0,0.0
2016-04-28,143.28,143.28,143.28,143.28,100.0,0.0
2016-04-29,143.32,143.32,143.32,143.32,0.0,0.0
2016-05-03,143.11,143.11,143.11,143.11,260.0,0.0
2016-05-04,142.61,142.61,142.61,142.61,200.0,0.0
2016-05-05,142.5,142.5,142.5,142.5,770.0,0.0
2016-05-06,142.65,142.65,142.65,142.65,940.0,0.0
2016-05-09,143.19,143.19,143.19,143.19,0.0,0.0
2016-05-10,142.76,142.76,142.76,142.76,0.0,0.0
2016-05-11,142.73,142.73,142.73,142.73,0.0,0.0
2016-05-12,143.01,143.01,143.01,143.01,0.0,0.0
2016-05-13,142.92,142.92,142.92,142.92,0.0,0.0
2016-05-16,142.4,142.4,142.4,142.4,0.0,0.0
2016-05-17,142.34,142.34,142.34,142.34,30.0,0.0
2016-05-18,142.33,142.33,142.33,142.33,820.0,0.0
2016-05-19,142.21,142.21,142.21,142.21,210.0,0.0
2016-05-20,142.02,142.02,142.02,142.02,0.0,0.0
2016-05-23,141.69,141.69,141.69,141.69,0.0,0.0
2016-05-24,142.21,142.21,142.21,142.21,0.0,0.0
2016-05-25,142.1,142.1,142.1,142.1,200.0,0.0
2016-05-26,142.1,142.1,142.1,142.1,0.0,0.0
2016-05-27,142.08,142.08,142.08,142.08,0.0,0.0
2016-05-30,142.15,142.15,142.15,142.15,200.0,0.0
2016-05-31,141.91,141.91,141.91,141.91,200.0,0.0
2016-06-01,141.86,141.86,141.86,141.86,150.0,0.0
2016-06-02,141.71,141.71,141.71,141.71,0.0,0.0
2016-06-03,142.07,142.07,142.07,142.07,500.0,0.0
2016-06-06,142.4,142.4,142.4,142.4,0.0,0.0
2016-06-07,142.35,142.35,142.35,142.35,0.0,0.0
2016-06-08,142.35,142.35,142.35,142.35,0.0,0.0
2016-06-12,142.6,142.6,142.6,142.6,0.0,0.0
2016-06-13,142.79,142.79,142.79,142.79,0.0,0.0
2016-06-14,143.51,143.51,143.51,143.51,40.0,0.0
2016-06-15,143.66,143.66,143.66,143.66,40.0,0.0
2016-06-16,144.07,144.07,144.07,144.07,200.0,0.0
2016-06-17,144.27,144.27,144.27,144.27,0.0,0.0
2016-06-20,144.18,144.18,144.18,144.18,100.0,0.0
2016-06-21,144.23,144.23,144.23,144.23,0.0,0.0
2016-06-22,144.47,144.47,144.47,144.47,150.0,0.0
2016-06-23,144.26,144.26,144.26,144.26,150.0,0.0
2016-06-24,143.3,143.3,143.3,143.3,300.0,0.0
2016-06-27,142.99,142.99,142.99,142.99,0.0,0.0
2016-06-28,143.09,143.09,143.09,143.09,0.0,0.0
2016-06-29,142.83,142.83,142.83,142.83,8380.0,0.0
2016-06-30,143.03,143.03,143.03,143.03,1680.0,0.0
2016-07-01,143.26,143.26,143.26,143.26,1250.0,0.0
2016-07-04,143.28,143.28,143.28,143.28,910.0,0.0
2016-07-05,143.41,143.41,143.41,143.41,1080.0,0.0
2016-07-06,143.35,143.35,143.35,143.35,1670.0,0.0
2016-07-07,143.82,143.82,143.82,143.82,800.0,0.0
2016-07-08,144.02,144.02,144.02,144.02,960.0,0.0
2016-07-11,144.7,144.7,144.7,144.7,370.0,0.0
2016-07-12,144.55,144.55,144.55,144.55,650.0,0.0
2016-07-13,144.27,144.27,144.27,144.27,1230.0,0.0
2016-07-14,144.29,144.29,144.29,144.29,900.0,0.0
2016-07-15,144.42,144.42,144.42,144.42,250.0,0.0
2016-07-18,144.63,144.63,144.63,144.63,480.0,0.0
2016-07-19,144.87,144.87,144.87,144.87,530.0,0.0
2016-07-20,146.21,146.21,146.21,146.21,620.0,0.0
2016-07-21,147.97,147.97,147.97,147.97,990.0,0.0
2016-07-22,146.92,146.92,146.92,146.92,680.0,0.0
2016-07-25,146.39,146.39,146.39,146.39,1320.0,0.0
2016-07-26,146.6,146.6,146.6,146.6,580.0,0.0
2016-07-27,147.27,147.27,147.27,147.27,21780.0,0.0
2016-07-28,147.59,147.59,147.59,147.59,5610.0,0.0
2016-07-29,148.15,148.15,148.15,148.15,5130.0,0.0
2016-08-01,148.29,148.29,148.29,148.29,4560.0,0.0
2016-08-02,148.25,148.25,148.25,148.25,3180.0,0.0
2016-08-03,148.23,148.23,148.23,148.23,2840.0,0.0
2016-08-04,148.24,148.24,148.24,148.24,2370.0,0.0
2016-08-05,148.48,148.48,148.48,148.48,2070.0,0.0
2016-08-08,149.24,149.24,149.24,149.24,1790.0,0.0
2016-08-09,150.45,150.45,150.45,150.45,2730.0,0.0
2016-08-10,150.72,150.72,150.72,150.72,2910.0,0.0
2016-08-11,150.95,150.95,150.95,150.95,3550.0,0.0
2016-08-12,152.12,152.12,152.12,152.12,2830.0,0.0
2016-08-15,153.13,153.13,153.13,153.13,5050.0,0.0
2016-08-16,152.43,152.43,152.43,152.43,7870.0,0.0
2016-08-17,151.86,151.86,151.86,151.86,4460.0,0.0
2016-08-18,151.96,151.96,151.96,151.96,5550.0,0.0
2016-08-19,151.0,151.0,151.0,151.0,5920.0,0.0
2016-08-22,151.46,151.46,151.46,151.46,5700.0,0.0
2016-08-23,150.48,150.48,150.48,150.48,3640.0,0.0
2016-08-24,150.3,150.3,150.3,150.3,7180.0,0.0
2016-08-25,150.25,150.25,150.25,150.25,5140.0,0.0
2016-08-26,150.64,150.64,150.64,150.64,3890.0,0.0
2016-08-29,150.59,150.59,150.59,150.59,2430.0,0.0
2016-08-30,149.62,149.62,149.62,149.62,2550.0,0.0
2016-08-31,149.96,149.96,149.96,149.96,3020.0,0.0
2016-09-01,149.95,149.95,149.95,149.95,3720.0,0.0
2016-09-02,150.07,150.07,150.07,150.07,4500.0,0.0
2016-09-05,150.02,150.02,150.02,150.02,2980.0,0.0
2016-09-06,149.91,149.91,149.91,149.91,4760.0,0.0
2016-09-07,149.75,149.75,149.75,149.75,4430.0,0.0
2016-09-08,149.89,149.89,149.89,149.89,6380.0,0.0
2016-09-09,150.35,150.35,150.35,150.35,6670.0,0.0
2016-09-12,150.17,150.17,150.17,150.17,8090.0,0.0
2016-09-13,150.39,150.39,150.39,150.39,7030.0,0.0
2016-09-14,150.48,150.48,150.48,150.48,4180.0,0.0
2016-09-18,150.71,150.71,150.71,150.71,600.0,0.0
2016-09-19,150.85,150.85,150.85,150.85,2100.0,0.0
2016-09-20,151.13,151.13,151.13,151.13,4520.0,0.0
2016-09-21,151.09,151.09,151.09,151.09,2510.0,0.0
2016-09-22,151.39,151.39,151.39,151.39,2580.0,0.0
2016-09-23,152.59,152.59,152.59,152.59,3700.0,0.0
2016-09-26,152.62,152.62,152.62,152.62,9100.0,0.0
2016-09-27,152.6,152.6,152.6,152.6,4520.0,0.0
2016-09-28,152.56,152.56,152.56,152.56,30900.0,0.0
2016-09-29,152.71,152.71,152.71,152.71,4330.0,0.0
2016-09-30,153.04,153.04,153.04,153.04,1290.0,0.0
2016-10-08,153.62,153.62,153.62,153.62,820.0,0.0
2016-10-09,153.88,153.88,153.88,153.88,310.0,0.0
2016-10-10,154.17,154.17,154.17,154.17,3290.0,0.0
2016-10-11,153.98,153.98,153.98,153.98,4770.0,0.0
2016-10-12,153.71,153.71,153.71,153.71,5910.0,0.0
2016-10-13,153.77,153.77,153.77,153.77,4120.0,0.0
2016-10-14,154.14,154.14,154.14,154.14,1010.0,0.0
2016-10-17,154.5,154.5,154.5,154.5,2320.0,0.0
2016-10-18,154.5,154.5,154.5,154.5,1440.0,0.0
2016-10-19,154.83,154.83,154.83,154.83,3380.0,0.0
2016-10-20,155.78,155.78,155.78,155.78,2780.0,0.0
2016-10-21,156.14,156.14,156.14,156.14,3710.0,0.0
2016-10-24,155.75,155.75,155.75,155.75,5260.0,0.0
2016-10-25,155.58,155.58,155.58,155.58,5060.0,0.0
2016-10-26,155.1,155.1,155.1,155.1,4140.0,0.0
2016-10-27,155.21,155.21,155.21,155.21,6040.0,0.0
2016-10-28,155.28,155.28,155.28,155.28,1500.0,0.0
2016-10-31,154.98,154.98,154.98,154.98,4680.0,0.0
2016-11-01,154.7,154.7,154.7,154.7,2900.0,0.0
2016-11-02,154.56,154.56,154.56,154.56,12920.0,0.0
2016-11-03,154.75,154.75,154.75,154.75,4670.0,0.0
2016-11-04,154.64,154.64,154.64,154.64,1230.0,0.0
2016-11-07,154.1,154.1,154.1,154.1,1990.0,0.0
2016-11-08,153.32,153.32,153.32,153.32,3080.0,0.0
2016-11-09,153.68,153.68,153.68,153.68,4860.0,0.0
2016-11-10,152.96,152.96,152.96,152.96,5370.0,0.0
2016-11-11,152.87,152.87,152.87,152.87,9200.0,0.0
2016-11-14,151.12,151.12,151.12,151.12,4410.0,0.0
2016-11-15,150.25,150.25,150.25,150.25,5230.0,0.0
2016-11-16,150.22,150.22,150.22,150.22,12130.0,0.0
2016-11-17,148.83,148.83,148.83,148.83,5280.0,0.0
2016-11-18,149.52,149.52,149.52,149.52,6080.0,0.0
2016-11-21,149.44,149.44,149.44,149.44,3090.0,0.0
2016-11-22,149.56,149.56,149.56,149.56,1600.0,0.0
2016-11-23,150.3,150.3,150.3,150.3,6160.0,0.0
2016-11-24,151.05,151.05,151.05,151.05,8530.0,0.0
2016-11-25,151.46,151.46,151.46,151.46,7110.0,0.0
2016-11-28,152.27,152.27,152.27,152.27,7920.0,0.0
2016-11-29,151.47,151.47,151.47,151.47,7210.0,0.0
2016-11-30,150.67,150.67,150.67,150.67,12920.0,0.0
2016-12-01,148.86,148.86,148.86,148.86,7920.0,0.0
2016-12-02,148.75,148.75,148.75,148.75,4970.0,0.0
2016-12-05,148.5,148.5,148.5,148.5,5940.0,0.0
2016-12-06,146.39,146.39,146.39,146.39,5420.0,0.0
2016-12-07,146.82,146.82,146.82,146.82,3820.0,0.0
2016-12-08,146.96,146.96,146.96,146.96,2570.0,0.0
2016-12-09,146.94,146.94,146.94,146.94,2170.0,0.0
2016-12-12,145.59,145.59,145.59,145.59,1940.0,0.0
2016-12-13,143.8,143.8,143.8,143.8,1420.0,0.0
2016-12-14,142.69,142.69,142.69,142.69,1520.0,0.0
2016-12-15,138.71,138.71,138.71,138.71,1840.0,0.0
2016-12-16,138.85,138.85,138.85,138.85,2070.0,0.0
2016-12-19,137.46,137.46,137.46,137.46,890.0,0.0
2016-12-20,137.34,137.34,137.34,137.34,2440.0,0.0
2016-12-21,137.75,137.75,137.75,137.75,1740.0,0.0
2016-12-22,139.66,139.66,139.66,139.66,910.0,0.0
2016-12-23,140.19,140.19,140.19,140.19,710.0,0.0
2016-12-26,140.51,140.51,140.51,140.51,2170.0,0.0
2016-12-27,140.58,140.58,140.58,140.58,1960.0,0.0
2016-12-28,140.98,140.98,140.98,140.98,6350.0,0.0
2016-12-29,142.07,142.07,142.07,142.07,1410.0,0.0
2016-12-30,143.85,143.85,143.85,143.85,870.0,0.0
2016-12-31,143.87,143.87,143.87,143.87,0.0,0.0
2017-01-03,142.86,142.86,142.86,142.86,70.0,0.0
2017-01-04,142.7,142.7,142.7,142.7,620.0,0.0
2017-01-05,142.02,142.02,142.02,142.02,40.0,0.0
2017-01-06,142.43,142.43,142.43,142.43,760.0,0.0
2017-01-09,142.58,142.58,142.58,142.58,70.0,0.0
2017-01-10,142.73,142.73,142.73,142.73,110.0,0.0
2017-01-11,142.19,142.19,142.19,142.19,860.0,0.0
2017-01-12,142.42,142.42,142.42,142.42,970.0,0.0
2017-01-13,142.37,142.37,142.37,142.37,320.0,0.0
2017-01-16,142.2,142.2,142.2,142.2,240.0,0.0
2017-01-17,141.54,141.54,141.54,141.54,550.0,0.0
2017-01-18,141.43,141.43,141.43,141.43,900.0,0.0
2017-01-19,141.57,141.57,141.57,141.57,1110.0,0.0
2017-01-20,141.74,141.74,141.74,141.74,920.0,0.0
2017-01-22,141.72,141.72,141.72,141.72,130.0,0.0
2017-01-23,141.94,141.94,141.94,141.94,180.0,0.0
2017-01-24,141.25,141.25,141.25,141.25,40.0,0.0
2017-01-25,140.57,140.57,140.57,140.57,850.0,0.0
2017-01-26,140.58,140.58,140.58,140.58,70.0,0.0
2017-02-03,139.41,139.41,139.41,139.41,0.0,0.0
2017-02-04,139.69,139.69,139.69,139.69,0.0,0.0
2017-02-06,138.05,138.05,138.05,138.05,580.0,0.0
2017-02-07,137.92,137.92,137.92,137.92,900.0,0.0
2017-02-08,137.79,137.79,137.79,137.79,300.0,0.0
2017-02-09,138.04,138.04,138.04,138.04,240.0,0.0
2017-02-10,137.9,137.9,137.9,137.9,870.0,0.0
2017-02-13,137.71,137.71,137.71,137.71,50.0,0.0
2017-02-14,137.73,137.73,137.73,137.73,180.0,0.0
2017-02-15,137.43,137.43,137.43,137.43,10.0,0.0
2017-02-16,137.79,137.79,137.79,137.79,250.0,0.0
2017-02-17,138.4,138.4,138.4,138.4,320.0,0.0
2017-02-20,139.21,139.21,139.21,139.21,1030.0,0.0
2017-02-21,138.49,138.49,138.49,138.49,410.0,0.0
2017-02-22,139.28,139.28,139.28,139.28,490.0,0.0
2017-02-23,139.77,139.77,139.77,139.77,490.0,0.0
2017-02-24,139.57,139.57,139.57,139.57,210.0,0.0
2017-02-27,139.66,139.66,139.66,139.66,100.0,0.0
2017-02-28,139.5,139.5,139.5,139.5,420.0,0.0
2017-03-01,139.31,139.31,139.31,139.31,190.0,0.0
2017-03-02,139.66,139.66,139.66,139.66,80.0,0.0
2017-03-03,139.55,139.55,139.55,139.55,160.0,0.0
2017-03-06,138.94,138.94,138.94,138.94,140.0,0.0
2017-03-07,138.9,138.9,138.9,138.9,350.0,0.0
2017-03-08,138.67,138.67,138.67,138.67,500.0,0.0
2017-03-09,138.68,138.68,138.68,138.68,330.0,0.0
2017-03-10,138.81,138.81,138.81,138.81,110.0,0.0
2017-03-13,138.99,138.99,138.99,138.99,200.0,0.0
2017-03-14,138.98,138.98,138.98,138.98,1180.0,0.0
2017-03-15,138.95,138.95,138.95,138.95,430.0,0.0
2017-03-16,139.59,139.59,139.59,139.59,570.0,0.0
2017-03-17,139.36,139.36,139.36,139.36,720.0,0.0
2017-03-20,139.12,139.12,139.12,139.12,280.0,0.0
2017-03-21,139.01,139.01,139.01,139.01,250.0,0.0
2017-03-22,139.25,139.25,139.25,139.25,0.0,0.0
2017-03-23,139.18,139.18,139.18,139.18,90.0,0.0
2017-03-24,139.81,139.81,139.81,139.81,150.0,0.0
2017-03-27,140.21,140.21,140.21,140.21,900.0,0.0
2017-03-28,140.32,140.32,140.32,140.32,50.0,0.0
2017-03-29,140.35,140.35,140.35,140.35,600.0,0.0
2017-03-30,140.36,140.36,140.36,140.36,410.0,0.0
2017-03-31,140.38,140.38,140.38,140.38,430.0,0.0
2017-04-01,140.62,140.62,140.62,140.62,320.0,0.0
2017-04-05,140.56,140.56,140.56,140.56,0.0,0.0
2017-04-06,140.46,140.46,140.46,140.46,330.0,0.0
2017-04-07,140.59,140.59,140.59,140.59,0.0,0.0
2017-04-10,140.58,140.58,140.58,140.58,240.0,0.0
2017-04-11,140.77,140.77,140.77,140.77,250.0,0.0
2017-04-12,140.62,140.62,140.62,140.62,345.55,0.0
2017-04-13,141.06,141.06,141.06,141.06,200.0,0.0
2017-04-14,140.7,140.7,140.7,140.7,355.0,0.0
2017-04-17,140.05,140.05,140.05,140.05,390.0,0.0
2017-04-18,139.6,139.6,139.6,139.6,60.0,0.0
2017-04-19,139.5,139.5,139.5,139.5,450.0,0.0
2017-04-20,139.17,139.17,139.17,139.17,440.0,0.0
2017-04-21,138.45,138.45,138.45,138.45,440.0,0.0
2017-04-24,137.72,137.72,137.72,137.72,220.0,0.0
2017-04-25,137.83,137.83,137.83,137.83,200.0,0.0
2017-04-26,137.84,137.84,137.84,137.84,6150.0,0.0
2017-04-27,137.99,137.99,137.99,137.99,800.0,0.0
2017-04-28,137.98,137.98,137.98,137.98,400.0,0.0
2017-05-02,137.95,137.95,137.95,137.95,180.0,0.0
2017-05-03,137.49,137.49,137.49,137.49,100.0,0.0
2017-05-04,137.63,137.63,137.63,137.63,0.0,0.0
2017-05-05,137.63,137.63,137.63,137.63,940.0,0.0
2017-05-08,137.43,137.43,137.43,137.43,101.4,0.0
2017-05-09,136.99,136.99,136.99,136.99,610.0,0.0
2017-05-10,136.53,136.53,136.53,136.53,0.0,0.0
2017-05-11,137.02,137.02,137.02,137.02,120.0,0.0
2017-05-12,136.58,136.58,136.58,136.58,59.6,0.0
2017-05-15,136.48,136.48,136.48,136.48,160.0,0.0
2017-05-16,136.4,136.4,136.4,136.4,374.0,0.0
2017-05-17,135.87,135.87,135.87,135.87,1060.0,0.0
2017-05-18,135.71,135.71,135.71,135.71,90.0,0.0
2017-05-19,135.89,135.89,135.89,135.89,120.0,0.0
2017-05-22,135.58,135.58,135.58,135.58,100.0,0.0
2017-05-23,135.51,135.51,135.51,135.51,0.0,0.0
2017-05-24,135.45,135.45,135.45,135.45,170.0,0.0
2017-05-25,135.84,135.84,135.84,135.84,120.0,0.0
2017-05-26,135.63,135.63,135.63,135.63,250.0,0.0
2017-05-27,135.66,135.66,135.66,135.66,0.0,0.0
2017-05-31,135.91,135.91,135.91,135.91,0.0,0.0
2017-06-01,135.88,135.88,135.88,135.88,110.0,0.0
2017-06-02,135.89,135.89,135.89,135.89,110.0,0.0
2017-06-05,136.18,136.18,136.18,136.18,90.0,0.0
2017-06-06,135.99,135.99,135.99,135.99,0.0,0.0
2017-06-07,136.1,136.1,136.1,136.1,110.4,0.0
2017-06-08,136.08,136.08,136.08,136.08,310.0,0.0
2017-06-09,136.32,136.32,136.32,136.32,40.0,0.0
2017-06-12,137.39,137.39,137.39,137.39,243.8,0.0
2017-06-13,137.64,137.64,137.64,137.64,100.0,0.0
2017-06-14,138.34,138.34,138.34,138.34,0.0,0.0
2017-06-15,138.46,138.46,138.46,138.46,20.0,0.0
2017-06-16,137.22,137.22,137.22,137.22,0.0,0.0
2017-06-19,137.84,137.84,137.84,137.84,20.0,0.0
2017-06-20,138.07,138.07,138.07,138.07,40.0,0.0
2017-06-21,137.66,137.66,137.66,137.66,7650.0,0.0
2017-06-22,137.04,137.04,137.04,137.04,1120.0,0.0
2017-06-23,137.0,137.0,137.0,137.0,210.0,0.0
2017-06-26,137.26,137.26,137.26,137.26,910.0,0.0
2017-06-27,137.63,137.63,137.63,137.63,320.0,0.0
2017-06-28,137.65,137.65,137.65,137.65,0.0,0.0
2017-06-29,137.55,137.55,137.55,137.55,340.0,0.0
2017-06-30,137.22,137.22,137.22,137.22,30.0,0.0
2017-07-03,137.14,137.14,137.14,137.14,10.0,0.0
2017-07-04,136.81,136.81,136.81,136.81,0.0,0.0
2017-07-05,137.18,137.18,137.18,137.18,20.0,0.0
2017-07-06,137.36,137.36,137.36,137.36,90.0,0.0
2017-07-07,137.33,137.33,137.33,137.33,160.0,0.0
2017-07-10,137.37,137.37,137.37,137.37,50.0,0.0
2017-07-11,137.44,137.44,137.44,137.44,0.0,0.0
2017-07-12,137.44,137.44,137.44,137.44,30.0,0.0
2017-07-13,137.5,137.5,137.5,137.5,140.0,0.0
2017-07-14,137.78,137.78,137.78,137.78,290.0,0.0
2017-07-17,137.7,137.7,137.7,137.7,0.0,0.0
2017-07-18,137.48,137.48,137.48,137.48,210.0,0.0
2017-07-19,137.72,137.72,137.72,137.72,100.0,0.0
2017-07-20,137.67,137.67,137.67,137.67,230.0,0.0
2017-07-21,136.93,136.93,136.93,136.93,0.0,0.0
2017-07-24,136.04,136.04,136.04,136.04,55.05,0.0
2017-07-25,135.72,135.72,135.72,135.72,60.0,0.0
2017-07-26,135.18,135.18,135.18,135.18,0.0,0.0
2017-07-27,135.33,135.33,135.33,135.33,1810.0,0.0
2017-07-28,135.31,135.31,135.31,135.31,0.0,0.0
2017-07-31,135.02,135.02,135.02,135.02,60.0,0.0
2017-08-01,134.84,134.84,134.84,134.84,160.0,0.0
2017-08-02,134.89,134.89,134.89,134.89,0.0,0.0
2017-08-03,134.95,134.95,134.95,134.95,1250.0,0.0
2017-08-04,134.96,134.96,134.96,134.96,1170.0,0.0
2017-08-07,134.39,134.39,134.39,134.39,1210.0,0.0
2017-08-08,134.48,134.48,134.48,134.48,940.0,0.0
2017-08-09,134.58,134.58,134.58,134.58,640.0,0.0
2017-08-10,134.72,134.72,134.72,134.72,720.0,0.0
2017-08-11,135.13,135.13,135.13,135.13,270.0,0.0
2017-08-14,135.15,135.15,135.15,135.15,600.0,0.0
2017-08-15,135.33,135.33,135.33,135.33,300.0,0.0
2017-08-16,135.17,135.17,135.17,135.17,230.0,0.0
2017-08-17,134.63,134.63,134.63,134.63,160.0,0.0
2017-08-18,133.63,133.63,133.63,133.63,320.0,0.0
2017-08-21,133.17,133.17,133.17,133.17,330.0,0.0
2017-08-22,133.13,133.13,133.13,133.13,230.0,0.0
2017-08-23,133.15,133.15,133.15,133.15,13160.0,0.0
2017-08-24,132.95,132.95,132.95,132.95,1470.0,0.0
2017-08-25,132.68,132.68,132.68,132.68,360.0,0.0
2017-08-28,132.46,132.46,132.46,132.46,400.0,0.0
2017-08-29,132.6,132.6,132.6,132.6,490.0,0.0
2017-08-30,132.74,132.74,132.74,132.74,100.0,0.0
2017-08-31,132.83,132.83,132.83,132.83,540.0,0.0
2017-09-01,132.84,132.84,132.84,132.84,510.0,0.0
2017-09-04,132.67,132.67,132.67,132.67,400.0,0.0
2017-09-05,132.46,132.46,132.46,132.46,1620.0,0.0
2017-09-06,132.57,132.57,132.57,132.57,1130.0,0.0
2017-09-07,132.83,132.83,132.83,132.83,980.0,0.0
2017-09-08,132.88,132.88,132.88,132.88,190.0,0.0
2017-09-11,132.7,132.7,132.7,132.7,990.0,0.0
2017-09-12,132.66,132.66,132.66,132.66,2000.0,0.0
2017-09-13,132.46,132.46,132.46,132.46,1380.0,0.0
2017-09-14,132.73,132.73,132.73,132.73,1690.0,0.0
2017-09-15,132.06,132.06,132.06,132.06,760.0,0.0
2017-09-18,131.99,131.99,131.99,131.99,1930.0,0.0
2017-09-19,132.07,132.07,132.07,132.07,1740.0,0.0
2017-09-20,132.07,132.07,132.07,132.07,14770.0,0.0
2017-09-21,132.01,132.01,132.01,132.01,1500.0,0.0
2017-09-22,132.59,132.59,132.59,132.59,1540.0,0.0
2017-09-25,133.27,133.27,133.27,133.27,2270.0,0.0
2017-09-26,133.31,133.31,133.31,133.31,1860.0,0.0
2017-09-27,133.08,133.08,133.08,133.08,1170.0,0.0
2017-09-28,133.25,133.25,133.25,133.25,460.0,0.0
2017-09-29,133.26,133.26,133.26,133.26,320.0,0.0
2017-09-30,133.28,133.28,133.28,133.28,0.0,0.0
2017-10-09,133.09,133.09,133.09,133.09,190.0,0.0
2017-10-10,132.9,132.9,132.9,132.9,480.0,0.0
2017-10-11,132.92,132.92,132.92,132.92,190.0,0.0
2017-10-12,132.57,132.57,132.57,132.57,630.0,0.0
2017-10-13,132.67,132.67,132.67,132.67,1650.0,0.0
2017-10-16,132.19,132.19,132.19,132.19,540.0,0.0
2017-10-17,131.83,131.83,131.83,131.83,750.0,0.0
2017-10-18,131.86,131.86,131.86,131.86,2290.0,0.0
2017-10-19,132.12,132.12,132.12,132.12,390.0,0.0
2017-10-20,132.11,132.11,132.11,132.11,640.0,0.0
2017-10-23,132.13,132.13,132.13,132.13,1120.0,0.0
2017-10-24,132.12,132.12,132.12,132.12,10.0,0.0
2017-10-25,131.97,131.97,131.97,131.97,580.0,0.0
2017-10-26,131.89,131.89,131.89,131.89,780.0,0.0
2017-10-27,131.85,131.85,131.85,131.85,740.0,0.0
2017-10-30,130.88,130.88,130.88,130.88,390.0,0.0
2017-10-31,130.88,130.88,130.88,130.88,970.0,0.0
2017-11-01,131.55,131.55,131.55,131.55,440.0,0.0
2017-11-02,131.49,131.49,131.49,131.49,0.0,0.0
2017-11-03,131.35,131.35,131.35,131.35,500.0,0.0
2017-11-06,131.41,131.41,131.41,131.41,500.0,0.0
2017-11-07,131.19,131.19,131.19,131.19,240.0,0.0
2017-11-08,131.12,131.12,131.12,131.12,1070.0,0.0
2017-11-09,131.28,131.28,131.28,131.28,270.0,0.0
2017-11-10,131.23,131.23,131.23,131.23,80.0,0.0
2017-11-13,130.8,130.8,130.8,130.8,320.0,0.0
2017-11-14,130.61,130.61,130.61,130.61,1050.0,0.0
2017-11-15,130.67,130.67,130.67,130.67,820.0,0.0
2017-11-16,131.01,131.01,131.01,131.01,790.0,0.0
2017-11-17,131.41,131.41,131.41,131.41,990.0,0.0
2017-11-20,131.8,131.8,131.8,131.8,550.0,0.0
2017-11-21,131.7,131.7,131.7,131.7,990.0,0.0
2017-11-22,131.4,131.4,131.4,131.4,1660.0,0.0
2017-11-23,131.23,131.23,131.23,131.23,260.0,0.0
2017-11-24,131.56,131.56,131.56,131.56,540.0,0.0
2017-11-27,131.7,131.7,131.7,131.7,240.0,0.0
2017-11-28,131.4,131.4,131.4,131.4,710.0,0.0
2017-11-29,131.61,131.61,131.61,131.61,450.0,0.0
2017-11-30,131.68,131.68,131.68,131.68,360.0,0.0
2017-12-01,131.68,131.68,131.68,131.68,550.0,0.0
2017-12-04,131.73,131.73,131.73,131.73,100.0,0.0
2017-12-05,131.77,131.77,131.77,131.77,60.0,0.0
2017-12-06,131.98,131.98,131.98,131.98,80.0,0.0
2017-12-07,131.98,131.98,131.98,131.98,130.0,0.0
2017-12-08,131.86,131.86,131.86,131.86,240.0,0.0
2017-12-11,131.61,131.61,131.61,131.61,20.0,0.0
2017-12-12,131.42,131.42,131.42,131.42,220.0,0.0
2017-12-13,131.32,131.32,131.32,131.32,40.0,0.0
2017-12-14,131.26,131.26,131.26,131.26,250.0,0.0
2017-12-15,131.41,131.41,131.41,131.41,190.0,0.0
2017-12-18,131.55,131.55,131.55,131.55,650.0,0.0
2017-12-19,131.41,131.41,131.41,131.41,20.0,0.0
2017-12-20,131.29,131.29,131.29,131.29,7760.0,0.0
2017-12-21,131.14,131.14,131.14,131.14,660.0,0.0
2017-12-22,131.16,131.16,131.16,131.16,790.0,0.0
2017-12-25,131.01,131.01,131.01,131.01,30.0,0.0
2017-12-26,130.83,130.83,130.83,130.83,180.0,0.0
2017-12-27,130.58,130.58,130.58,130.58,830.0,0.0
2017-12-28,130.76,130.76,130.76,130.76,80.0,0.0
2017-12-29,130.79,130.79,130.79,130.79,140.0,0.0
2017-12-30,130.81,130.81,130.81,130.81,0.0,0.0
2017-12-31,130.82,130.82,130.82,130.82,0.0,0.0
2018-01-02,130.66,130.66,130.66,130.66,410.0,0.0
2018-01-03,130.63,130.63,130.63,130.63,290.0,0.0
2018-01-04,130.63,130.63,130.63,130.63,790.0,0.0
2018-01-05,130.86,130.86,130.86,130.86,600.0,0.0
2018-01-08,131.08,131.08,131.08,131.08,1320.0,0.0
2018-01-09,131.13,131.13,131.13,131.13,1180.0,0.0
2018-01-10,130.89,130.89,130.89,130.89,860.0,0.0
2018-01-11,130.91,130.91,130.91,130.91,310.0,0.0
2018-01-12,131.14,131.14,131.14,131.14,190.0,0.0
2018-01-15,130.76,130.76,130.76,130.76,230.0,0.0
2018-01-16,130.92,130.92,130.92,130.92,180.0,0.0
2018-01-17,130.88,130.88,130.88,130.88,530.0,0.0
2018-01-18,130.86,130.86,130.86,130.86,1140.0,0.0
2018-01-19,130.82,130.82,130.82,130.82,70.0,0.0
2018-01-22,130.85,130.85,130.85,130.85,670.0,0.0
2018-01-23,130.87,130.87,130.87,130.87,50.0,0.0
2018-01-24,130.84,130.84,130.84,130.84,130.0,0.0
2018-01-25,130.8,130.8,130.8,130.8,120.0,0.0
2018-01-26,130.92,130.92,130.92,130.92,210.0,0.0
2018-01-29,130.91,130.91,130.91,130.91,380.0,0.0
2018-01-30,130.98,130.98,130.98,130.98,470.0,0.0
2018-01-31,130.95,130.95,130.95,130.95,200.0,0.0
2018-02-01,131.01,131.01,131.01,131.01,230.0,0.0
2018-02-02,131.09,131.09,131.09,131.09,10.95,0.0
2018-02-05,131.15,131.15,131.15,131.15,240.0,0.0
2018-02-06,131.6,131.6,131.6,131.6,130.0,0.0
2018-02-07,132.08,132.08,132.08,132.08,20.0,0.0
2018-02-08,131.69,131.69,131.69,131.69,700.0,0.0
2018-02-09,132.15,132.15,132.15,132.15,570.0,0.0
2018-02-11,132.21,132.21,132.21,132.21,0.0,0.0
2018-02-12,132.11,132.11,132.11,132.11,470.0,0.0
2018-02-13,132.24,132.24,132.24,132.24,290.0,0.0
2018-02-14,132.22,132.22,132.22,132.22,4820.0,0.0
2018-02-22,132.37,132.37,132.37,132.37,490.0,0.0
2018-02-23,132.59,132.59,132.59,132.59,40.0,0.0
2018-02-24,132.72,132.72,132.72,132.72,0.0,0.0
2018-02-26,133.2,133.2,133.2,133.2,0.0,0.0
2018-02-27,133.29,133.29,133.29,133.29,460.0,0.0
2018-02-28,133.45,133.45,133.45,133.45,210.0,0.0
2018-03-01,133.53,133.53,133.53,133.53,1170.0,0.0
2018-03-02,133.39,133.39,133.39,133.39,1160.0,0.0
2018-03-05,133.24,133.24,133.24,133.24,300.0,0.0
2018-03-06,133.29,133.29,133.29,133.29,205.1,0.0
2018-03-07,133.38,133.38,133.38,133.38,890.0,0.0
2018-03-08,133.53,133.53,133.53,133.53,870.0,0.0
2018-03-09,133.58,133.58,133.58,133.58,270.0,0.0
2018-03-12,133.65,133.65,133.65,133.65,14.0,0.0
2018-03-13,133.57,133.57,133.57,133.57,0.0,0.0
2018-03-14,133.64,133.64,133.64,133.64,20.0,0.0
2018-03-15,133.77,133.77,133.77,133.77,0.0,0.0
2018-03-16,134.29,134.29,134.29,134.29,540.0,0.0
2018-03-19,134.14,134.14,134.14,134.14,335.0,0.0
2018-03-20,134.33,134.33,134.33,134.33,0.0,0.0
2018-03-21,134.75,134.75,134.75,134.75,560.0,0.0
2018-03-22,135.3,135.3,135.3,135.3,580.0,0.0
2018-03-23,136.16,136.16,136.16,136.16,510.0,0.0
2018-03-26,135.98,135.98,135.98,135.98,1450.0,0.0
2018-03-27,135.81,135.81,135.81,135.81,260.0,0.0
2018-03-28,135.99,135.99,135.99,135.99,402.0,0.0
2018-03-29,135.99,135.99,135.99,135.99,788.0,0.0
2018-03-30,135.93,135.93,135.93,135.93,730.0,0.0
2018-04-02,135.99,135.99,135.99,135.99,780.0,0.0
2018-04-03,136.29,136.29,136.29,136.29,270.0,0.0
2018-04-04,136.4,136.4,136.4,136.4,240.0,0.0
2018-04-08,136.73,136.73,136.73,136.73,30.0,0.0
2018-04-09,137.46,137.46,137.46,137.46,680.0,0.0
2018-04-10,137.55,137.55,137.55,137.55,250.0,0.0
2018-04-11,137.7,137.7,137.7,137.7,470.0,0.0
2018-04-12,137.74,137.74,137.74,137.74,170.0,0.0
2018-04-13,137.63,137.63,137.63,137.63,230.0,0.0
2018-04-16,137.78,137.78,137.78,137.78,20.0,0.0
2018-04-17,137.93,137.93,137.93,137.93,150.0,0.0
2018-04-18,141.16,141.16,141.16,141.16,600.0,0.0
2018-04-19,140.54,140.54,140.54,140.54,3710.0,0.0
2018-04-20,140.73,140.73,140.73,140.73,960.0,0.0
2018-04-23,139.73,139.73,139.73,139.73,1020.0,0.0
2018-04-24,139.78,139.78,139.78,139.78,400.0,0.0
2018-04-25,139.28,139.28,139.28,139.28,13160.0,0.0
2018-04-26,139.23,139.23,139.23,139.23,1420.0,0.0
2018-04-27,138.91,138.91,138.91,138.91,940.0,0.0
2018-04-28,138.96,138.96,138.96,138.96,0.0,0.0
2018-05-02,138.95,138.95,138.95,138.95,550.0,0.0
2018-05-03,138.56,138.56,138.56,138.56,200.0,0.0
2018-05-04,138.61,138.61,138.61,138.61,50.0,0.0
2018-05-07,138.77,138.77,138.77,138.77,350.0,0.0
2018-05-08,138.37,138.37,138.37,138.37,230.0,0.0
2018-05-09,138.24,138.24,138.24,138.24,1440.0,0.0
2018-05-10,138.27,138.27,138.27,138.27,1000.0,0.0
2018-05-11,138.39,138.39,138.39,138.39,110.0,0.0
2018-05-14,138.31,138.31,138.31,138.31,3.7,0.0
2018-05-15,137.86,137.86,137.86,137.86,0.0,0.0
2018-05-16,138.03,138.03,138.03,138.03,130.0,0.0
2018-05-17,137.96,137.96,137.96,137.96,210.0,0.0
2018-05-18,138.43,138.43,138.43,138.43,0.0,0.0
2018-05-21,138.53,138.53,138.53,138.53,40.0,0.0
2018-05-22,138.95,138.95,138.95,138.95,40.0,0.0
2018-05-23,139.43,139.43,139.43,139.43,60.0,0.0
2018-05-24,139.46,139.46,139.46,139.46,290.0,0.0
2018-05-25,140.21,140.21,140.21,140.21,23.77,0.0
2018-05-28,140.31,140.31,140.31,140.31,680.0,0.0
2018-05-29,140.25,140.25,140.25,140.25,0.0,0.0
2018-05-30,140.31,140.31,140.31,140.31,430.0,0.0
2018-05-31,140.04,140.04,140.04,140.04,100.0,0.0
2018-06-01,139.88,139.88,139.88,139.88,14.03,0.0
2018-06-04,139.23,139.23,139.23,139.23,0.0,0.0
2018-06-05,139.11,139.11,139.11,139.11,0.0,0.0
2018-06-06,138.89,138.89,138.89,138.89,150.0,0.0
2018-06-07,138.87,138.87,138.87,138.87,150.0,0.0
2018-06-08,138.71,138.71,138.71,138.71,300.0,0.0
2018-06-11,138.9,138.9,138.9,138.9,60.0,0.0
2018-06-12,138.84,138.84,138.84,138.84,300.0,0.0
2018-06-13,139.11,139.11,139.11,139.11,30.0,0.0
2018-06-14,139.27,139.27,139.27,139.27,50.0,0.0
2018-06-15,139.56,139.56,139.56,139.56,210.0,0.0
2018-06-19,140.27,140.27,140.27,140.27,320.0,0.0
2018-06-20,140.01,140.01,140.01,140.01,390.0,0.0
2018-06-21,140.21,140.21,140.21,140.21,9980.0,0.0
2018-06-22,140.34,140.34,140.34,140.34,3030.0,0.0
2018-06-25,140.35,140.35,140.35,140.35,410.0,0.0
2018-06-26,140.53,140.53,140.53,140.53,1290.0,0.0
2018-06-27,140.62,140.62,140.62,140.62,570.0,0.0
2018-06-28,141.32,141.32,141.32,141.32,1800.0,0.0
2018-06-29,142.92,142.92,142.92,142.92,1100.0,0.0
2018-07-02,143.09,143.09,143.09,143.09,1580.0,0.0
2018-07-03,143.08,143.08,143.08,143.08,2000.0,0.0
2018-07-04,142.79,142.79,142.79,142.79,1250.0,0.0
2018-07-05,143.21,143.21,143.21,143.21,480.0,0.0
2018-07-06,142.64,142.64,142.64,142.64,1650.0,0.0
2018-07-09,142.44,142.44,142.44,142.44,1605.0,0.0
2018-07-10,142.43,142.43,142.43,142.43,1515.0,0.0
2018-07-11,142.61,142.61,142.61,142.61,530.0,0.0
2018-07-12,142.61,142.61,142.61,142.61,1000.0,0.0
2018-07-13,143.13,143.13,143.13,143.13,100.0,0.0
2018-07-16,143.37,143.37,143.37,143.37,1390.0,0.0
2018-07-17,143.38,143.38,143.38,143.38,490.0,0.0
2018-07-18,143.76,143.76,143.76,143.76,250.0,0.0
2018-07-19,144.44,144.44,144.44,144.44,500.0,0.0
2018-07-20,143.84,143.84,143.84,143.84,940.0,0.0
2018-07-23,143.47,143.47,143.47,143.47,2140.0,0.0
2018-07-24,142.75,142.75,142.75,142.75,650.0,0.0
2018-07-25,142.57,142.57,142.57,142.57,370.0,0.0
2018-07-26,142.16,142.16,142.16,142.16,1030.0,0.0
2018-07-27,142.42,142.42,142.42,142.42,80.0,0.0
2018-07-30,142.66,142.66,142.66,142.66,1150.0,0.0
2018-07-31,143.28,143.28,143.28,143.28,190.0,0.0
2018-08-01,143.5,143.5,143.5,143.5,1130.0,0.0
2018-08-02,143.47,143.47,143.47,143.47,990.0,0.0
2018-08-03,143.75,143.75,143.75,143.75,1650.0,0.0
2018-08-06,143.8,143.8,143.8,143.8,1460.0,0.0
2018-08-07,143.7,143.7,143.7,143.7,990.0,0.0
2018-08-08,143.32,143.32,143.32,143.32,2480.0,0.0
2018-08-09,142.29,142.29,142.29,142.29,2610.0,0.0
2018-08-10,142.19,142.19,142.19,142.19,2010.0,0.0
2018-08-13,141.53,141.53,141.53,141.53,1760.0,0.0
2018-08-14,141.8,141.8,141.8,141.8,1280.0,0.0
2018-08-15,141.78,141.78,141.78,141.78,760.0,0.0
2018-08-16,141.42,141.42,141.42,141.42,1830.0,0.0
2018-08-17,138.29,138.29,138.29,138.29,1890.0,0.0
2018-08-20,138.61,138.61,138.61,138.61,2490.0,0.0
2018-08-21,138.61,138.61,138.61,138.61,1030.0,0.0
2018-08-22,138.9,138.9,138.9,138.9,8490.0,0.0
2018-08-23,139.13,139.13,139.13,139.13,1840.0,0.0
2018-08-24,139.13,139.13,139.13,139.13,1210.0,0.0
2018-08-27,139.08,139.08,139.08,139.08,660.0,0.0
2018-08-28,139.32,139.32,139.32,139.32,1190.0,0.0
2018-08-29,139.13,139.13,139.13,139.13,1140.0,0.0
2018-08-30,139.5,139.5,139.5,139.5,1170.0,0.0
2018-08-31,139.65,139.65,139.65,139.65,970.0,0.0
2018-09-03,139.27,139.27,139.27,139.27,540.0,0.0
2018-09-04,139.11,139.11,139.11,139.11,1310.75,0.0
2018-09-05,139.22,139.22,139.22,139.22,1670.0,0.0
2018-09-06,139.2,139.2,139.2,139.2,1670.0,0.0
2018-09-07,138.97,138.97,138.97,138.97,1160.0,0.0
2018-09-10,138.13,138.13,138.13,138.13,1350.0,0.0
2018-09-11,137.9,137.9,137.9,137.9,2520.0,0.0
2018-09-12,138.12,138.12,138.12,138.12,2730.0,0.0
2018-09-13,138.27,138.27,138.27,138.27,330.0,0.0
2018-09-14,138.71,138.71,138.71,138.71,1570.0,0.0
2018-09-17,138.91,138.91,138.91,138.91,3960.0,0.0
2018-09-18,138.92,138.92,138.92,138.92,1070.0,0.0
2018-09-19,138.8,138.8,138.8,138.8,13570.0,0.0
2018-09-20,138.79,138.79,138.79,138.79,2750.0,0.0
2018-09-21,139.13,139.13,139.13,139.13,830.0,0.0
2018-09-25,139.3,139.3,139.3,139.3,430.0,0.0
2018-09-26,139.62,139.62,139.62,139.62,1450.0,0.0
2018-09-27,139.91,139.91,139.91,139.91,500.0,0.0
2018-09-28,139.95,139.95,139.95,139.95,340.0,0.0
2018-09-29,140.13,140.13,140.13,140.13,0.72,0.0
2018-09-30,140.16,140.16,140.16,140.16,0.0,0.0
2018-10-08,140.08,140.08,140.08,140.08,0.0,0.0
2018-10-09,140.11,140.11,140.11,140.11,1910.0,0.0
2018-10-10,140.19,140.19,140.19,140.19,1820.0,0.0
2018-10-11,140.74,140.74,140.74,140.74,130.0,0.0
2018-10-12,140.75,140.75,140.75,140.75,230.0,0.0
2018-10-15,140.55,140.55,140.55,140.55,100.0,0.0
2018-10-16,140.65,140.65,140.65,140.65,3220.0,0.0
2018-10-17,140.8,140.8,140.8,140.8,1890.0,0.0
2018-10-18,141.15,141.15,141.15,141.15,2270.0,0.0
2018-10-19,141.72,141.72,141.72,141.72,2600.0,0.0
2018-10-22,141.4,141.4,141.4,141.4,2330.0,0.0
2018-10-23,141.47,141.47,141.47,141.47,2130.0,0.0
2018-10-24,142.16,142.16,142.16,142.16,2280.0,0.0
2018-10-25,142.58,142.58,142.58,142.58,3360.0,0.0
2018-10-26,142.6,142.6,142.6,142.6,2090.0,0.0
2018-10-29,142.75,142.75,142.75,142.75,1910.0,0.0
2018-10-30,143.18,143.18,143.18,143.18,2380.0,0.0
2018-10-31,143.23,143.23,143.23,143.23,3464.84,0.0
2018-11-01,143.56,143.56,143.56,143.56,2510.0,0.0
2018-11-02,142.82,142.82,142.82,142.82,3300.0,0.0
2018-11-05,143.0,143.0,143.0,143.0,1010.0,0.0
2018-11-06,143.23,143.23,143.23,143.23,2020.0,0.0
2018-11-07,143.75,143.75,143.75,143.75,3700.0,0.0
2018-11-08,143.82,143.82,143.82,143.82,3210.0,0.0
2018-11-09,143.88,143.88,143.88,143.88,539.31,0.0
2018-11-12,144.0,144.0,144.0,144.0,1170.69,0.0
2018-11-13,144.32,144.32,144.32,144.32,1530.0,0.0
2018-11-14,144.99,144.99,144.99,144.99,830.0,0.0
2018-11-15,146.12,146.12,146.12,146.12,1010.0,0.0
2018-11-16,147.71,147.71,147.71,147.71,2950.0,0.0
2018-11-19,147.91,147.91,147.91,147.91,2910.0,0.0
2018-11-20,147.34,147.34,147.34,147.34,2630.0,0.0
2018-11-21,147.72,147.72,147.72,147.72,2890.0,0.0
2018-11-22,147.46,147.46,147.46,147.46,5070.0,0.0
2018-11-23,146.84,146.84,146.84,146.84,3970.0,0.0
2018-11-26,146.57,146.57,146.57,146.57,1500.0,0.0
2018-11-27,146.67,146.67,146.67,146.67,1060.0,0.0
2018-11-28,147.09,147.09,147.09,147.09,800.0,0.0
2018-11-29,147.66,147.66,147.66,147.66,1600.0,0.0
2018-11-30,147.81,147.81,147.81,147.81,1270.0,0.0
2018-12-03,147.99,147.99,147.99,147.99,680.0,0.0
2018-12-04,149.05,149.05,149.05,149.05,1010.0,0.0
2018-12-05,149.39,149.39,149.39,149.39,630.0,0.0
2018-12-06,150.04,150.04,150.04,150.04,2420.0,0.0
2018-12-07,150.43,150.43,150.43,150.43,4060.0,0.0
2018-12-10,150.83,150.83,150.83,150.83,2225.0,0.0
2018-12-11,151.36,151.36,151.36,151.36,1580.0,0.0
2018-12-12,151.38,151.38,151.38,151.38,1130.0,0.0
2018-12-13,149.73,149.73,149.73,149.73,1110.0,0.0
2018-12-14,149.57,149.57,149.57,149.57,1060.0,0.0
2018-12-17,149.37,149.37,149.37,149.37,1020.0,0.0
2018-12-18,149.47,149.47,149.47,149.47,2030.0,0.0
2018-12-19,150.12,150.12,150.12,150.12,8600.0,0.0
2018-12-20,150.63,150.63,150.63,150.63,3180.0,0.0
2018-12-21,150.68,150.68,150.68,150.68,3000.0,0.0
2018-12-24,150.67,150.67,150.67,150.67,1680.0,0.0
2018-12-25,150.76,150.76,150.76,150.76,1690.0,0.0
2018-12-26,151.23,151.23,151.23,151.23,1840.0,0.0
2018-12-27,151.6,151.6,151.6,151.6,1590.0,0.0
2018-12-28,152.53,152.53,152.53,152.53,280.0,0.0
2018-12-29,152.72,152.72,152.72,152.72,0.0,0.0
2018-12-30,152.74,152.74,152.74,152.74,0.0,0.0
2018-12-31,152.75,152.75,152.75,152.75,0.0,0.0
2019-01-02,153.55,153.55,153.55,153.55,220.0,0.0
2019-01-03,153.51,153.51,153.51,153.51,1750.0,0.0
2019-01-04,153.04,153.04,153.04,153.04,1100.0,0.0
2019-01-07,153.03,153.03,153.03,153.03,1200.0,0.0
2019-01-08,153.59,153.59,153.59,153.59,1860.0,0.0
2019-01-09,153.18,153.18,153.18,153.18,2983.02,0.0
2019-01-10,152.8,152.8,152.8,152.8,2595.0,0.0
2019-01-11,152.91,152.91,152.91,152.91,2400.0,0.0
2019-01-14,152.68,152.68,152.68,152.68,850.0,0.0
2019-01-15,152.48,152.48,152.48,152.48,2550.0,0.0
2019-01-16,153.75,153.75,153.75,153.75,2580.0,0.0
2019-01-17,153.54,153.54,153.54,153.54,1800.74,0.0
2019-01-18,153.28,153.28,153.28,153.28,1020.0,0.0
2019-01-21,153.22,153.22,153.22,153.22,1740.0,0.0
2019-01-22,153.1,153.1,153.1,153.1,810.0,0.0
2019-01-23,153.09,153.09,153.09,153.09,970.0,0.0
2019-01-24,152.63,152.63,152.63,152.63,3030.0,0.0
2019-01-25,152.4,152.4,152.4,152.4,1270.0,0.0
2019-01-28,152.04,152.04,152.04,152.04,1640.0,0.0
2019-01-29,152.78,152.78,152.78,152.78,2430.0,0.0
2019-01-30,152.95,152.95,152.95,152.95,1270.0,0.0
2019-01-31,153.05,153.05,153.05,153.05,1140.0,0.0
2019-02-01,153.04,153.04,153.04,153.04,760.0,0.0
2019-02-02,153.3,153.3,153.3,153.3,3.24,0.0
2019-02-03,153.53,153.53,153.53,153.53,0.0,0.0
2019-02-11,153.61,153.61,153.61,153.61,0.0,0.0
2019-02-12,153.66,153.66,153.66,153.66,130.0,0.0
2019-02-13,153.82,153.82,153.82,153.82,400.0,0.0
2019-02-14,153.72,153.72,153.72,153.72,651.0,0.0
2019-02-15,153.6,153.6,153.6,153.6,630.0,0.0
2019-02-18,153.22,153.22,153.22,153.22,410.0,0.0
2019-02-19,153.33,153.33,153.33,153.33,1470.0,0.0
2019-02-20,153.26,153.26,153.26,153.26,1250.0,0.0
2019-02-21,153.36,153.36,153.36,153.36,830.0,0.0
2019-02-22,153.79,153.79,153.79,153.79,880.0,0.0
2019-02-25,152.9,152.9,152.9,152.9,1200.0,0.0
2019-02-26,152.63,152.63,152.63,152.63,1950.0,0.0
2019-02-27,153.01,153.01,153.01,153.01,4320.0,0.0
2019-02-28,152.82,152.82,152.82,152.82,570.0,0.0
2019-03-01,152.92,152.92,152.92,152.92,1720.0,0.0
2019-03-04,152.8,152.8,152.8,152.8,1620.0,0.0
2019-03-05,152.67,152.67,152.67,152.67,1260.6,0.0
2019-03-06,152.73,152.73,152.73,152.73,2020.0,0.0
2019-03-07,153.24,153.24,153.24,153.24,820.0,0.0
2019-03-08,153.76,153.76,153.76,153.76,1740.0,0.0
2019-03-11,153.94,153.94,153.94,153.94,220.0,0.0
2019-03-12,153.92,153.92,153.92,153.92,470.0,0.0
2019-03-13,153.85,153.85,153.85,153.85,1070.0,0.0
2019-03-14,153.62,153.62,153.62,153.62,510.0,0.0
2019-03-15,153.71,153.71,153.71,153.71,3840.0,0.0
2019-03-18,153.72,153.72,153.72,153.72,1620.0,0.0
2019-03-19,153.81,153.81,153.81,153.81,930.0,0.0
2019-03-20,153.61,153.61,153.61,153.61,1370.0,0.0
2019-03-21,153.82,153.82,153.82,153.82,830.0,0.0
2019-03-22,154.44,154.44,154.44,154.44,1150.0,0.0
2019-03-25,155.0,155.0,155.0,155.0,170.0,0.0
2019-03-26,154.92,154.92,154.92,154.92,320.0,0.0
2019-03-27,154.76,154.76,154.76,154.76,1970.0,0.0
2019-03-28,154.9,154.9,154.9,154.9,630.0,0.0
2019-03-29,155.29,155.29,155.29,155.29,643.75,0.0
2019-04-01,154.28,154.28,154.28,154.28,887.5,0.0
2019-04-02,154.1,154.1,154.1,154.1,1302.66,0.0
2019-04-03,152.66,152.66,152.66,152.66,231.0,0.0
2019-04-04,152.47,152.47,152.47,152.47,824.39,0.0
2019-04-08,152.64,152.64,152.64,152.64,2623.2,0.0
2019-04-09,151.84,151.84,151.84,151.84,2230.0,0.0
2019-04-10,151.87,151.87,151.87,151.87,97.0,0.0
2019-04-11,151.67,151.67,151.67,151.67,570.9,0.0
2019-04-12,150.95,150.95,150.95,150.95,400.0,0.0
2019-04-15,149.39,149.39,149.39,149.39,3975.23,0.0
2019-04-16,148.8,148.8,148.8,148.8,5360.0,0.0
2019-04-17,148.77,148.77,148.77,148.77,550.0,0.0
2019-04-18,149.44,149.44,149.44,149.44,3213.0,0.0
2019-04-19,148.54,148.54,148.54,148.54,965.0,0.0
2019-04-22,148.1,148.1,148.1,148.1,2870.0,0.0
2019-04-23,148.12,148.12,148.12,148.12,3210.0,0.0
2019-04-24,147.39,147.39,147.39,147.39,26390.0,0.0
2019-04-25,147.79,147.79,147.79,147.79,5410.0,0.0
2019-04-26,148.11,148.11,148.11,148.11,1925.0,0.0
2019-04-28,148.26,148.26,148.26,148.26,920.0,0.0
2019-04-29,148.14,148.14,148.14,148.14,1520.0,0.0
2019-04-30,148.53,148.53,148.53,148.53,2040.0,0.0
2019-05-05,148.77,148.77,148.77,148.77,120.0,0.0
2019-05-06,149.15,149.15,149.15,149.15,334.24,0.0
2019-05-07,149.26,149.26,149.26,149.26,1092.2,0.0
2019-05-08,149.4,149.4,149.4,149.4,655.3,0.0
2019-05-09,149.99,149.99,149.99,149.99,543.5,0.0
2019-05-10,150.06,150.06,150.06,150.06,398.0,0.0
2019-05-13,150.51,150.51,150.51,150.51,360.0,0.0
2019-05-14,150.27,150.27,150.27,150.27,2060.8,0.0
2019-05-15,150.11,150.11,150.11,150.11,1000.0,0.0
2019-05-16,150.37,150.37,150.37,150.37,765.0,0.0
2019-05-17,149.87,149.87,149.87,149.87,530.0,0.0
2019-05-20,149.79,149.79,149.79,149.79,420.0,0.0
2019-05-21,149.53,149.53,149.53,149.53,130.0,0.0
2019-05-22,149.28,149.28,149.28,149.28,17390.0,0.0
2019-05-23,149.65,149.65,149.65,149.65,2120.0,0.0
2019-05-24,149.7,149.7,149.7,149.7,1911.25,0.0
2019-05-27,148.99,148.99,148.99,148.99,1330.0,0.0
2019-05-28,149.47,149.47,149.47,149.47,1390.0,0.0
2019-05-29,149.95,149.95,149.95,149.95,780.0,0.0
2019-05-30,149.99,149.99,149.99,149.99,1905.0,0.0
2019-05-31,149.8,149.8,149.8,149.8,480.0,0.0
2019-06-03,150.44,150.44,150.44,150.44,2029.05,0.0
2019-06-04,151.58,151.58,151.58,151.58,2372.94,0.0
2019-06-05,151.96,151.96,151.96,151.96,24410.9,0.0
2019-06-06,152.16,152.16,152.16,152.16,3198.84,0.0
2019-06-10,151.98,151.98,151.98,151.98,2890.0,0.0
2019-06-11,151.24,151.24,151.24,151.24,1460.0,0.0
2019-06-12,151.46,151.46,151.46,151.46,1430.0,0.0
2019-06-13,151.94,151.94,151.94,151.94,1590.0,0.0
2019-06-14,152.68,152.68,152.68,152.68,2140.0,0.0
2019-06-17,152.76,152.76,152.76,152.76,692.13,0.0
2019-06-18,152.52,152.52,152.52,152.52,168.07,0.0
2019-06-19,152.15,152.15,152.15,152.15,1020.0,0.0
2019-06-20,152.44,152.44,152.44,152.44,1118.7,0.0
2019-06-21,152.48,152.48,152.48,152.48,2611.7,0.0
2019-06-24,152.25,152.25,152.25,152.25,1830.0,0.0
2019-06-25,152.4,152.4,152.4,152.4,1163.8,0.0
2019-06-26,152.09,152.09,152.09,152.09,1433.0,0.0
2019-06-27,152.0,152.0,152.0,152.0,1768.0,0.0
2019-06-28,152.56,152.56,152.56,152.56,1020.0,0.0
2019-07-01,152.7,152.7,152.7,152.7,1410.0,0.0
2019-07-02,154.45,154.45,154.45,154.45,1174.4,0.0
2019-07-03,154.66,154.66,154.66,154.66,2286.0,0.0
2019-07-04,154.66,154.66,154.66,154.66,2200.0,0.0
2019-07-05,154.56,154.56,154.56,154.56,731.0,0.0
2019-07-08,154.07,154.07,154.07,154.07,400.0,0.0
2019-07-09,154.19,154.19,154.19,154.19,510.0,0.0
2019-07-10,154.13,154.13,154.13,154.13,1010.0,0.0
2019-07-11,154.41,154.41,154.41,154.41,890.0,0.0
2019-07-12,154.65,154.65,154.65,154.65,924.0,0.0
2019-07-15,154.08,154.08,154.08,154.08,680.0,0.0
2019-07-16,153.84,153.84,153.84,153.84,2041.7,0.0
2019-07-17,153.64,153.64,153.64,153.64,895.0,0.0
2019-07-18,153.82,153.82,153.82,153.82,1040.0,0.0
2019-07-19,153.24,153.24,153.24,153.24,1240.0,0.0
2019-07-22,153.95,153.95,153.95,153.95,1858.2,0.0
2019-07-23,154.16,154.16,154.16,154.16,1530.2,0.0
2019-07-24,153.59,153.59,153.59,153.59,1262.85,0.0
2019-07-25,153.79,153.79,153.79,153.79,1439.6,0.0
2019-07-26,153.77,153.77,153.77,153.77,1009.0,0.0
2019-07-29,153.43,153.43,153.43,153.43,666.0,0.0
2019-07-30,153.51,153.51,153.51,153.51,100.0,0.0
2019-07-31,154.22,154.22,154.22,154.22,540.0,0.0
2019-08-01,154.34,154.34,154.34,154.34,4627.0,0.0
2019-08-02,155.75,155.75,155.75,155.75,4428.14,0.0
2019-08-05,157.18,157.18,157.18,157.18,5374.7,0.0
2019-08-06,156.69,156.69,156.69,156.69,5201.5,0.0
2019-08-07,157.08,157.08,157.08,157.08,6169.65,0.0
2019-08-08,157.04,157.04,157.04,157.04,4912.0,0.0
2019-08-09,157.77,157.77,157.77,157.77,9111.0,0.0
2019-08-12,157.48,157.48,157.48,157.48,5229.0,0.0
2019-08-13,158.67,158.67,158.67,158.67,4431.0,0.0
2019-08-14,159.55,159.55,159.55,159.55,7316.2,0.0
2019-08-15,159.74,159.74,159.74,159.74,6055.9,0.0
2019-08-16,159.44,159.44,159.44,159.44,10052.48,0.0
2019-08-19,159.73,159.73,159.73,159.73,12134.7,0.0
2019-08-20,159.38,159.38,159.38,159.38,4538.3,0.0
2019-08-21,158.47,158.47,158.47,158.47,33964.0,0.0
2019-08-22,158.4,158.4,158.4,158.4,6578.9,0.0
2019-08-23,158.31,158.31,158.31,158.31,5819.57,0.0
2019-08-26,158.68,158.68,158.68,158.68,2173.78,0.0
2019-08-27,158.38,158.38,158.38,158.38,7000.0,0.0
2019-08-28,158.37,158.37,158.37,158.37,2457.0,0.0
2019-08-29,158.98,158.98,158.98,158.98,3765.0,0.0
2019-08-30,158.19,158.19,158.19,158.19,7982.3,0.0
2019-09-02,157.61,157.61,157.61,157.61,6882.22,0.0
2019-09-03,157.8,157.8,157.8,157.8,5786.73,0.0
2019-09-04,158.46,158.46,158.46,158.46,23337.33,0.0
2019-09-05,159.76,159.76,159.76,159.76,4639.3,0.0
2019-09-06,159.75,159.75,159.75,159.75,7568.7,0.0
2019-09-09,159.53,159.53,159.53,159.53,5032.5,0.0
2019-09-10,159.28,159.28,159.28,159.28,5335.0,0.0
2019-09-11,159.22,159.22,159.22,159.22,4561.1,0.0
2019-09-12,158.4,158.4,158.4,158.4,4235.0,0.0
2019-09-16,158.46,158.46,158.46,158.46,5203.5,0.0
2019-09-17,158.27,158.27,158.27,158.27,5042.14,0.0
2019-09-18,157.45,157.45,157.45,157.45,7140.6,0.0
2019-09-19,157.73,157.73,157.73,157.73,6120.0,0.0
2019-09-20,157.84,157.84,157.84,157.84,4820.63,0.0
2019-09-23,157.78,157.78,157.78,157.78,4016.09,0.0
2019-09-24,157.47,157.47,157.47,157.47,2652.9,0.0
2019-09-25,157.32,157.32,157.32,157.32,3125.32,0.0
2019-09-26,156.85,156.85,156.85,156.85,4064.9,0.0
2019-09-27,156.52,156.52,156.52,156.52,3524.0,0.0
2019-09-29,156.75,156.75,156.75,156.75,60.0,0.0
2019-09-30,156.69,156.69,156.69,156.69,357.14,0.0
2019-10-08,157.43,157.43,157.43,157.43,1054.23,0.0
2019-10-09,157.56,157.56,157.56,157.56,3047.48,0.0
2019-10-10,157.09,157.09,157.09,157.09,3206.99,0.0
2019-10-11,156.7,156.7,156.7,156.7,2729.73,0.0
2019-10-12,156.1,156.1,156.1,156.1,671.8,0.0
2019-10-14,156.22,156.22,156.22,156.22,1957.9,0.0
2019-10-15,155.95,155.95,155.95,155.95,3820.3,0.0
2019-10-16,156.1,156.1,156.1,156.1,4447.3,0.0
2019-10-17,156.26,156.26,156.26,156.26,1602.7,0.0
2019-10-18,155.42,155.42,155.42,155.42,2278.9,0.0
2019-10-21,154.82,154.82,154.82,154.82,5020.4,0.0
2019-10-22,154.73,154.73,154.73,154.73,4970.0,0.0
2019-10-23,155.05,155.05,155.05,155.05,18432.98,0.0
2019-10-24,155.07,155.07,155.07,155.07,8284.4,0.0
2019-10-25,154.58,154.58,154.58,154.58,4650.4,0.0
2019-10-28,153.39,153.39,153.39,153.39,5798.73,0.0
2019-10-29,153.42,153.42,153.42,153.42,13595.0,0.0
2019-10-30,153.21,153.21,153.21,153.21,9090.0,0.0
2019-10-31,153.67,153.67,153.67,153.67,8695.5,0.0
2019-11-01,154.13,154.13,154.13,154.13,7960.0,0.0
2019-11-04,153.85,153.85,153.85,153.85,3084.0,0.0
2019-11-05,154.85,154.85,154.85,154.85,1829.2,0.0
2019-11-06,154.63,154.63,154.63,154.63,2858.1,0.0
2019-11-07,154.22,154.22,154.22,154.22,3812.26,0.0
2019-11-08,154.25,154.25,154.25,154.25,3200.0,0.0
2019-11-11,154.58,154.58,154.58,154.58,2495.0,0.0
2019-11-12,154.68,154.68,154.68,154.68,3118.47,0.0
2019-11-13,155.03,155.03,155.03,155.03,3101.9,0.0
2019-11-14,154.56,154.56,154.56,154.56,2343.0,0.0
2019-11-15,155.1,155.1,155.1,155.1,4034.94,0.0
2019-11-18,156.26,156.26,156.26,156.26,4719.8,0.0
2019-11-19,157.08,157.08,157.08,157.08,4428.7,0.0
2019-11-20,156.98,156.98,156.98,156.98,18037.4,0.0
2019-11-21,157.43,157.43,157.43,157.43,5486.5,0.0
2019-11-22,157.48,157.48,157.48,157.48,3046.12,0.0
2019-11-25,156.7,156.7,156.7,156.7,5476.42,0.0
2019-11-26,157.08,157.08,157.08,157.08,5502.6,0.0
2019-11-27,156.86,156.86,156.86,156.86,2580.0,0.0
2019-11-28,156.93,156.93,156.93,156.93,3330.0,0.0
2019-11-29,157.27,157.27,157.27,157.27,2269.18,0.0
2019-12-02,156.66,156.66,156.66,156.66,6259.97,0.0
2019-12-03,157.04,157.04,157.04,157.04,6916.49,0.0
2019-12-04,157.3,157.3,157.3,157.3,9262.05,0.0
2019-12-05,157.16,157.16,157.16,157.16,4876.42,0.0
2019-12-06,156.96,156.96,156.96,156.96,2942.43,0.0
2019-12-09,156.77,156.77,156.77,156.77,2719.1,0.0
2019-12-10,157.06,157.06,157.06,157.06,5584.0,0.0
2019-12-11,157.15,157.15,157.15,157.15,1922.0,0.0
2019-12-12,157.18,157.18,157.18,157.18,9192.64,0.0
2019-12-13,156.85,156.85,156.85,156.85,2340.1,0.0
2019-12-16,156.75,156.75,156.75,156.75,6047.6,0.0
2019-12-17,156.1,156.1,156.1,156.1,3620.0,0.0
2019-12-18,155.82,155.82,155.82,155.82,3697.2,0.0
2019-12-19,155.79,155.79,155.79,155.79,2454.8,0.0
2019-12-20,156.68,156.68,156.68,156.68,2401.44,0.0
2019-12-23,157.41,157.41,157.41,157.41,4401.7,0.0
2019-12-24,157.91,157.91,157.91,157.91,5590.4,0.0
2019-12-25,158.07,158.07,158.07,158.07,4640.0,0.0
2019-12-26,158.64,158.64,158.64,158.64,3514.4,0.0
2019-12-27,158.66,158.66,158.66,158.66,3462.0,0.0
2019-12-30,158.55,158.55,158.55,158.55,3041.8,0.0
2019-12-31,158.63,158.63,158.63,158.63,3127.0,0.0
2020-01-02,158.37,158.37,158.37,158.37,3273.17,0.0
2020-01-03,158.55,158.55,158.55,158.55,4348.9,0.0
2020-01-06,158.9,158.9,158.9,158.9,2702.97,0.0
2020-01-07,158.83,158.83,158.83,158.83,5206.93,0.0
2020-01-08,159.11,159.11,159.11,159.11,3570.0,0.0
2020-01-09,159.47,159.47,159.47,159.47,7936.18,0.0
2020-01-10,160.25,160.25,160.25,160.25,11319.02,0.0
2020-01-13,160.33,160.33,160.33,160.33,10893.5,0.0
2020-01-14,160.12,160.12,160.12,160.12,3960.0,0.0
2020-01-15,160.24,160.24,160.24,160.24,4265.0,0.0
2020-01-16,160.18,160.18,160.18,160.18,3610.0,0.0
2020-01-17,160.34,160.34,160.34,160.34,2947.45,0.0
2020-01-19,160.42,160.42,160.42,160.42,540.0,0.0
2020-01-20,160.68,160.68,160.68,160.68,1625.44,0.0
2020-01-21,161.99,161.99,161.99,161.99,4622.49,0.0
2020-01-22,161.89,161.89,161.89,161.89,6470.5,0.0
2020-01-23,162.99,162.99,162.99,162.99,2446.8,0.0
2020-02-03,166.54,166.54,166.54,166.54,2477.65,0.0
2020-02-04,166.07,166.07,166.07,166.07,8237.96,0.0
2020-02-05,165.89,165.89,165.89,165.89,5993.79,0.0
2020-02-06,166.23,166.23,166.23,166.23,7517.08,0.0
2020-02-07,167.21,167.21,167.21,167.21,4759.5,0.0
2020-02-10,167.62,167.62,167.62,167.62,6532.77,0.0
2020-02-11,166.88,166.88,166.88,166.88,6704.69,0.0
2020-02-12,166.87,166.87,166.87,166.87,4454.8,0.0
2020-02-13,167.03,167.03,167.03,167.03,6165.0,0.0
2020-02-14,166.27,166.27,166.27,166.27,2773.38,0.0
2020-02-17,165.45,165.45,165.45,165.45,5048.55,0.0
2020-02-18,165.91,165.91,165.91,165.91,7221.54,0.0
2020-02-19,165.75,165.75,165.75,165.75,6823.69,0.0
2020-02-20,165.1,165.1,165.1,165.1,2270.0,0.0
2020-02-21,166.04,166.04,166.04,166.04,6917.8,0.0
2020-02-24,166.89,166.89,166.89,166.89,6296.4,0.0
2020-02-25,166.65,166.65,166.65,166.65,8858.53,0.0
2020-02-26,166.97,166.97,166.97,166.97,6501.74,0.0
2020-02-27,167.49,167.49,167.49,167.49,6012.03,0.0
2020-02-28,168.44,168.44,168.44,168.44,7224.3,0.0
2020-03-02,168.32,168.32,168.32,168.32,11697.2,0.0
2020-03-03,168.21,168.21,168.21,168.21,11358.68,0.0
2020-03-04,169.08,169.08,169.08,169.08,8884.18,0.0
2020-03-05,168.99,168.99,168.99,168.99,13367.14,0.0
2020-03-06,170.3,170.3,170.3,170.3,8097.79,0.0
2020-03-09,174.56,174.56,174.56,174.56,13354.9,0.0
2020-03-10,172.88,172.88,172.88,172.88,20771.67,0.0
2020-03-11,173.17,173.17,173.17,173.17,15382.28,0.0
2020-03-12,172.81,172.81,172.81,172.81,8438.3,0.0
2020-03-13,171.16,171.16,171.16,171.16,14973.09,0.0
2020-03-16,171.61,171.61,171.61,171.61,24887.09,0.0
2020-03-17,169.93,169.93,169.93,169.93,8413.9,0.0
2020-03-18,169.16,169.16,169.16,169.16,12310.56,0.0
2020-03-19,168.59,168.59,168.59,168.59,14733.68,0.0
2020-03-20,169.27,169.27,169.27,169.27,14624.43,0.0
2020-03-23,170.16,170.16,170.16,170.16,13629.86,0.0
2020-03-24,170.31,170.31,170.31,170.31,10399.61,0.0
2020-03-25,170.3,170.3,170.3,170.3,10036.9,0.0
2020-03-26,170.92,170.92,170.92,170.92,9991.0,0.0
2020-03-27,170.72,170.72,170.72,170.72,11894.3,0.0
2020-03-30,170.75,170.75,170.75,170.75,8119.07,0.0
2020-03-31,171.27,171.27,171.27,171.27,10261.1,0.0
2020-04-01,172.03,172.03,172.03,172.03,11428.73,0.0
2020-04-02,171.66,171.66,171.66,171.66,10584.7,0.0
2020-04-03,170.89,170.89,170.89,170.89,9138.52,0.0
2020-04-07,172.69,172.69,172.69,172.69,13221.0,0.0
2020-04-08,173.18,173.18,173.18,173.18,22243.97,0.0
2020-04-09,172.09,172.09,172.09,172.09,17879.42,0.0
2020-04-10,170.84,170.84,170.84,170.84,15635.0,0.0
2020-04-13,170.75,170.75,170.75,170.75,21976.96,0.0
2020-04-14,170.7,170.7,170.7,170.7,8141.44,0.0
2020-04-15,170.58,170.58,170.58,170.58,53705.0,0.0
2020-04-16,170.84,170.84,170.84,170.84,18997.13,0.0
2020-04-17,170.47,170.47,170.47,170.47,14140.47,0.0
2020-04-20,168.95,168.95,168.95,168.95,13212.3,0.0
2020-04-21,169.31,169.31,169.31,169.31,17960.69,0.0
2020-04-22,169.7,169.7,169.7,169.7,10423.44,0.0
2020-04-23,171.05,171.05,171.05,171.05,9529.54,0.0
2020-04-24,171.21,171.21,171.21,171.21,14235.35,0.0
2020-04-26,171.2,171.2,171.2,171.2,2638.6,0.0
2020-04-27,170.75,170.75,170.75,170.75,10635.0,0.0
2020-04-28,170.93,170.93,170.93,170.93,11660.2,0.0
2020-04-29,171.21,171.21,171.21,171.21,5922.5,0.0
2020-04-30,170.48,170.48,170.48,170.48,10273.3,0.0
2020-05-06,169.76,169.76,169.76,169.76,8661.1,0.0
2020-05-07,168.65,168.65,168.65,168.65,17374.36,0.0
2020-05-08,168.59,168.59,168.59,168.59,16617.18,0.0
2020-05-09,168.21,168.21,168.21,168.21,980.0,0.0
2020-05-11,167.35,167.35,167.35,167.35,8919.9,0.0
2020-05-12,167.52,167.52,167.52,167.52,10647.25,0.0
2020-05-13,167.02,167.02,167.02,167.02,8882.52,0.0
2020-05-14,166.91,166.91,166.91,166.91,7909.16,0.0
2020-05-15,166.8,166.8,166.8,166.8,14240.77,0.0
2020-05-18,165.65,165.65,165.65,165.65,15702.3,0.0
2020-05-19,165.82,165.82,165.82,165.82,7461.04,0.0
2020-05-20,166.53,166.53,166.53,166.53,44408.01,0.0
2020-05-21,166.78,166.78,166.78,166.78,12650.0,0.0
2020-05-22,168.43,168.43,168.43,168.43,8053.42,0.0
2020-05-25,166.95,166.95,166.95,166.95,15078.58,0.0
2020-05-26,166.3,166.3,166.3,166.3,6841.56,0.0
2020-05-27,166.41,166.41,166.41,166.41,9971.17,0.0
2020-05-28,166.75,166.75,166.75,166.75,8709.84,0.0
2020-05-29,166.96,166.96,166.96,166.96,6269.13,0.0
2020-06-01,166.77,166.77,166.77,166.77,6229.45,0.0
2020-06-02,165.35,165.35,165.35,165.35,5954.72,0.0
2020-06-03,165.05,165.05,165.05,165.05,8265.37,0.0
2020-06-04,164.4,164.4,164.4,164.4,10617.11,0.0
2020-06-05,164.0,164.0,164.0,164.0,7982.06,0.0
2020-06-08,164.68,164.68,164.68,164.68,5605.2,0.0
2020-06-09,164.59,164.59,164.59,164.59,4329.38,0.0
2020-06-10,164.62,164.62,164.62,164.62,3139.16,0.0
2020-06-11,166.16,166.16,166.16,166.16,2389.0,0.0
2020-06-12,166.77,166.77,166.77,166.77,7468.31,0.0
2020-06-15,166.67,166.67,166.67,166.67,9155.06,0.0
2020-06-16,165.2,165.2,165.2,165.2,6542.26,0.0
2020-06-17,164.53,164.53,164.53,164.53,7876.73,0.0
2020-06-18,165.12,165.12,165.12,165.12,7469.0,0.0
2020-06-19,164.22,164.22,164.22,164.22,7279.97,0.0
2020-06-22,163.78,163.78,163.78,163.78,8620.4,0.0
2020-06-23,163.79,163.79,163.79,163.79,4561.27,0.0
2020-06-24,164.79,164.79,164.79,164.79,33695.89,0.0
2020-06-28,165.27,165.27,165.27,165.27,1760.0,0.0
2020-06-29,164.97,164.97,164.97,164.97,5944.67,0.0
2020-06-30,165.53,165.53,165.53,165.53,7074.94,0.0
2020-07-01,165.17,165.17,165.17,165.17,11306.58,0.0
2020-07-02,165.1,165.1,165.1,165.1,6141.43,0.0
2020-07-03,164.1,164.1,164.1,164.1,3770.1,0.0
2020-07-06,162.12,162.12,162.12,162.12,3727.06,0.0
2020-07-07,161.47,161.47,161.47,161.47,11791.55,0.0
2020-07-08,160.57,160.57,160.57,160.57,7850.2,0.0
2020-07-09,159.95,159.95,159.95,159.95,7469.75,0.0
2020-07-10,160.52,160.52,160.52,160.52,7360.5,0.0
2020-07-13,159.91,159.91,159.91,159.91,8097.09,0.0
2020-07-14,160.75,160.75,160.75,160.75,5205.68,0.0
2020-07-15,161.1,161.1,161.1,161.1,18072.0,0.0
2020-07-16,161.68,161.68,161.68,161.68,6932.83,0.0
2020-07-17,161.61,161.61,161.61,161.61,4142.88,0.0
2020-07-20,161.79,161.79,161.79,161.79,4183.38,0.0
2020-07-21,162.88,162.88,162.88,162.88,4036.34,0.0
2020-07-22,163.29,163.29,163.29,163.29,6306.6,0.0
2020-07-23,163.18,163.18,163.18,163.18,7852.92,0.0
2020-07-24,164.48,164.48,164.48,164.48,6256.5,0.0
2020-07-27,164.51,164.51,164.51,164.51,8359.24,0.0
2020-07-28,163.33,163.33,163.33,163.33,9989.68,0.0
2020-07-29,163.07,163.07,163.07,163.07,5078.09,0.0
2020-07-30,163.09,163.09,163.09,163.09,4856.35,0.0
2020-07-31,162.05,162.05,162.05,162.05,3550.58,0.0
2020-08-03,162.27,162.27,162.27,162.27,6767.65,0.0
2020-08-04,162.33,162.33,162.33,162.33,4139.8,0.0
2020-08-05,161.75,161.75,161.75,161.75,5297.55,0.0
2020-08-06,161.37,161.37,161.37,161.37,8629.82,0.0
2020-08-07,160.9,160.9,160.9,160.9,9928.0,0.0
2020-08-10,162.2,162.2,162.2,162.2,11936.59,0.0
2020-08-11,162.38,162.38,162.38,162.38,6235.0,0.0
2020-08-12,162.13,162.13,162.13,162.13,37656.42,0.0
2020-08-13,162.43,162.43,162.43,162.43,7109.4,0.0
2020-08-14,162.87,162.87,162.87,162.87,5652.55,0.0
2020-08-17,163.17,163.17,163.17,163.17,7535.05,0.0
2020-08-18,162.59,162.59,162.59,162.59,8860.3,0.0
2020-08-19,162.11,162.11,162.11,162.11,6175.0,0.0
2020-08-20,161.74,161.74,161.74,161.74,6132.2,0.0
2020-08-21,162.51,162.51,162.51,162.51,6302.5,0.0
2020-08-24,162.2,162.2,162.2,162.2,5758.13,0.0
2020-08-25,161.61,161.61,161.61,161.61,5324.0,0.0
2020-08-26,161.48,161.48,161.48,161.48,5920.0,0.0
2020-08-27,161.28,161.28,161.28,161.28,6589.94,0.0
2020-08-28,161.11,161.11,161.11,161.11,6932.87,0.0
2020-08-31,161.97,161.97,161.97,161.97,9505.1,0.0
2020-09-01,161.51,161.51,161.51,161.51,13304.3,0.0
2020-09-02,160.73,160.73,160.73,160.73,7928.91,0.0
2020-09-03,160.62,160.62,160.62,160.62,9681.6,0.0
2020-09-04,160.16,160.16,160.16,160.16,9954.4,0.0
2020-09-07,159.3,159.3,159.3,159.3,9962.5,0.0
2020-09-08,159.71,159.71,159.71,159.71,9281.03,0.0
2020-09-09,160.59,160.59,160.59,160.59,8265.2,0.0
2020-09-10,160.09,160.09,160.09,160.09,7713.9,0.0
2020-09-11,159.81,159.81,159.81,159.81,8992.28,0.0
2020-09-14,159.58,159.58,159.58,159.58,9762.6,0.0
2020-09-15,160.23,160.23,160.23,160.23,6197.67,0.0
2020-09-16,159.95,159.95,159.95,159.95,6072.69,0.0
2020-09-17,159.91,159.91,159.91,159.91,6287.75,0.0
2020-09-18,159.83,159.83,159.83,159.83,2813.0,0.0
2020-09-21,160.17,160.17,160.17,160.17,9176.4,0.0
2020-09-22,160.5,160.5,160.5,160.5,6619.86,0.0
2020-09-23,160.43,160.43,160.43,160.43,6765.67,0.0
2020-09-24,160.57,160.57,160.57,160.57,4447.75,0.0
2020-09-25,159.74,159.74,159.74,159.74,3382.6,0.0
2020-09-27,159.81,159.81,159.81,159.81,1200.0,0.0
2020-09-28,160.19,160.19,160.19,160.19,4433.4,0.0
2020-09-29,159.91,159.91,159.91,159.91,3472.66,0.0
2020-09-30,159.63,159.63,159.63,159.63,3266.25,0.0
2020-10-09,158.81,158.81,158.81,158.81,3716.71,0.0
2020-10-10,158.84,158.84,158.84,158.84,0.0,0.0
2020-10-12,159.06,159.06,159.06,159.06,6040.9,0.0
2020-10-13,158.8,158.8,158.8,158.8,4912.5,0.0
2020-10-14,158.54,158.54,158.54,158.54,3598.81,0.0
2020-10-15,158.28,158.28,158.28,158.28,8112.83,0.0
2020-10-16,158.12,158.12,158.12,158.12,0.0,0.0
2020-10-19,158.46,158.46,158.46,158.46,5882.9,0.0
2020-10-20,158.55,158.55,158.55,158.55,4620.8,0.0
2020-10-21,158.75,158.75,158.75,158.75,3656.35,0.0
2020-10-22,159.28,159.28,159.28,159.28,3142.9,0.0
2020-10-23,158.92,158.92,158.92,158.92,0.0,0.0
2020-10-26,158.99,158.99,158.99,158.99,5438.56,0.0
2020-10-27,159.59,159.59,159.59,159.59,3676.4,0.0
2020-10-28,159.38,159.38,159.38,159.38,41399.04,0.0
2020-10-29,159.47,159.47,159.47,159.47,11712.61,0.0
2020-10-30,159.7,159.7,159.7,159.7,0.0,0.0
2020-11-02,160.07,160.07,160.07,160.07,5161.3,0.0
2020-11-03,160.18,160.18,160.18,160.18,9191.47,0.0
2020-11-04,160.51,160.51,160.51,160.51,10988.53,0.0
2020-11-05,159.98,159.98,159.98,159.98,6522.98,0.0
2020-11-06,159.59,159.59,159.59,159.59,0.0,0.0
2020-11-09,159.04,159.04,159.04,159.04,5737.5,0.0
2020-11-10,159.17,159.17,159.17,159.17,6987.0,0.0
2020-11-11,159.13,159.13,159.13,159.13,8681.48,0.0
2020-11-12,158.94,158.94,158.94,158.94,7312.03,0.0
2020-11-13,158.62,158.62,158.62,158.62,0.0,0.0
2020-11-16,158.73,158.73,158.73,158.73,7667.01,0.0
2020-11-17,158.64,158.64,158.64,158.64,5327.62,0.0
2020-11-18,158.23,158.23,158.23,158.23,39487.88,0.0
2020-11-19,158.02,158.02,158.02,158.02,11462.38,0.0
2020-11-20,158.25,158.25,158.25,158.25,0.0,0.0
2020-11-23,158.94,158.94,158.94,158.94,7896.39,0.0
2020-11-24,158.96,158.96,158.96,158.96,7467.1,0.0
2020-11-25,159.31,159.31,159.31,159.31,6187.61,0.0
2020-11-26,159.27,159.27,159.27,159.27,8954.73,0.0
2020-11-27,159.15,159.15,159.15,159.15,0.0,0.0
2020-11-30,160.07,160.07,160.07,160.07,11779.32,0.0
2020-12-01,159.7,159.7,159.7,159.7,13340.22,0.0
2020-12-02,159.39,159.39,159.39,159.39,10574.99,0.0
2020-12-03,159.67,159.67,159.67,159.67,8602.2,0.0
2020-12-04,160.2,160.2,160.2,160.2,5998.85,0.0
2020-12-07,160.27,160.27,160.27,160.27,7985.26,0.0
2020-12-08,160.91,160.91,160.91,160.91,5663.3,0.0
2020-12-09,161.03,161.03,161.03,161.03,13408.81,0.0
2020-12-10,161.16,161.16,161.16,161.16,21907.79,0.0
2020-12-11,160.75,160.75,160.75,160.75,0.0,0.0
2020-12-14,160.9,160.9,160.9,160.9,9334.96,0.0
2020-12-15,161.01,161.01,161.01,161.01,4299.67,0.0
2020-12-16,161.12,161.12,161.12,161.12,31113.9,0.0
2020-12-17,161.08,161.08,161.08,161.08,6918.5,0.0
2020-12-18,161.27,161.27,161.27,161.27,0.0,0.0
2020-12-21,161.61,161.61,161.61,161.61,10397.97,0.0
2020-12-22,162.22,162.22,162.22,162.22,13327.31,0.0
2020-12-23,162.29,162.29,162.29,162.29,14943.4,0.0
2020-12-24,161.86,161.86,161.86,161.86,13734.31,0.0
2020-12-25,162.61,162.61,162.61,162.61,0.0,0.0
2020-12-28,163.08,163.08,163.08,163.08,9007.17,0.0
2020-12-29,163.34,163.34,163.34,163.34,13869.3,0.0
2020-12-30,163.93,163.93,163.93,163.93,12450.0,0.0
2020-12-31,163.61,163.61,163.61,163.61,0.0,0.0
2021-01-04,162.84,162.84,162.84,162.84,10027.71,0.0
2021-01-05,163.87,163.87,163.87,163.87,11969.24,0.0
2021-01-06,164.07,164.07,164.07,164.07,9394.12,0.0
2021-01-07,164.15,164.15,164.15,164.15,8743.02,0.0
2021-01-08,163.66,163.66,163.66,163.66,0.0,0.0
2021-01-11,163.4,163.4,163.4,163.4,8770.61,0.0
2021-01-12,163.63,163.63,163.63,163.63,9206.0,0.0
2021-01-13,164.19,164.19,164.19,164.19,7758.7,0.0
2021-01-14,164.51,164.51,164.51,164.51,13710.95,0.0
2021-01-15,163.78,163.78,163.78,163.78,0.0,0.0
2021-01-18,163.59,163.59,163.59,163.59,14941.8,0.0
2021-01-19,163.81,163.81,163.81,163.81,10643.08,0.0
2021-01-20,164.0,164.0,164.0,164.0,26551.2,0.0
2021-01-21,164.55,164.55,164.55,164.55,10391.8,0.0
2021-01-22,164.67,164.67,164.67,164.67,0.0,0.0
2021-01-25,164.69,164.69,164.69,164.69,12071.8,0.0
2021-01-26,164.26,164.26,164.26,164.26,9183.92,0.0
2021-01-27,164.31,164.31,164.31,164.31,14398.32,0.0
2021-01-28,163.86,163.86,163.86,163.86,7939.15,0.0
2021-01-29,164.16,164.16,164.16,164.16,0.0,0.0
2021-02-01,164.32,164.32,164.32,164.32,0.0,0.0
2021-02-02,164.25,164.25,164.25,164.25,0.0,0.0
2021-02-03,163.8,163.8,163.8,163.8,0.0,0.0
2021-02-04,163.63,163.63,163.63,163.63,0.0,0.0
2021-02-05,163.72,163.72,163.72,163.72,0.0,0.0
2021-02-07,163.78,163.78,163.78,163.78,0.0,0.0
2021-02-08,163.53,163.53,163.53,163.53,0.0,0.0
2021-02-09,163.73,163.73,163.73,163.73,0.0,0.0
2021-02-10,163.6,163.6,163.6,163.6,0.0,0.0
2021-02-18,163.11,163.11,163.11,163.11,0.0,0.0
2021-02-19,163.53,163.53,163.53,163.53,0.0,0.0
2021-02-20,163.44,163.44,163.44,163.44,0.0,0.0
2021-02-22,163.23,163.23,163.23,163.23,0.0,0.0
2021-02-23,163.25,163.25,163.25,163.25,0.0,0.0
2021-02-24,163.24,163.24,163.24,163.24,0.0,0.0
2021-02-25,163.11,163.11,163.11,163.11,0.0,0.0
2021-02-26,162.96,162.96,162.96,162.96,0.0,0.0
2021-03-01,163.88,163.88,163.88,163.88,6606.3,0.0
2021-03-02,163.92,163.92,163.92,163.92,9080.53,0.0
2021-03-03,163.92,163.92,163.92,163.92,8828.19,0.0
2021-03-04,163.85,163.85,163.85,163.85,5419.95,0.0
2021-03-05,164.38,164.38,164.38,164.38,7306.95,0.0
2021-03-08,164.45,164.45,164.45,164.45,9091.6,0.0
2021-03-09,164.53,164.53,164.53,164.53,7892.66,0.0
2021-03-10,164.62,164.62,164.62,164.62,4247.3,0.0
2021-03-11,164.67,164.67,164.67,164.67,4237.0,0.0
2021-03-12,164.6,164.6,164.6,164.6,7291.4,0.0
2021-03-15,164.54,164.54,164.54,164.54,5531.6,0.0
2021-03-16,164.7,164.7,164.7,164.7,5890.0,0.0
2021-03-17,164.94,164.94,164.94,164.94,4355.08,0.0
2021-03-18,165.03,165.03,165.03,165.03,5691.9,0.0
2021-03-19,165.3,165.3,165.3,165.3,4457.48,0.0
2021-03-22,165.54,165.54,165.54,165.54,8022.67,0.0
2021-03-23,165.79,165.79,165.79,165.79,7205.59,0.0
2021-03-24,166.15,166.15,166.15,166.15,7976.21,0.0
2021-03-25,166.2,166.2,166.2,166.2,14908.15,0.0
2021-03-26,166.03,166.03,166.03,166.03,16673.4,0.0
2021-03-29,165.95,165.95,165.95,165.95,21143.0,0.0
2021-03-30,165.98,165.98,165.98,165.98,14022.98,0.0
2021-03-31,166.24,166.24,166.24,166.24,31824.02,0.0
2021-04-01,166.09,166.09,166.09,166.09,12039.97,0.0
2021-04-02,166.12,166.12,166.12,166.12,5602.89,0.0
2021-04-06,166.04,166.04,166.04,166.04,4703.52,0.0
2021-04-07,165.95,165.95,165.95,165.95,3820.52,0.0
2021-04-08,165.86,165.86,165.86,165.86,4660.2,0.0
2021-04-09,166.13,166.13,166.13,166.13,5821.38,0.0
2021-04-12,166.46,166.46,166.46,166.46,8938.8,0.0
2021-04-13,167.11,167.11,167.11,167.11,9107.1,0.0
2021-04-14,167.26,167.26,167.26,167.26,10065.67,0.0
2021-04-15,167.33,167.33,167.33,167.33,9176.38,0.0
2021-04-16,167.78,167.78,167.78,167.78,5956.7,0.0
2021-04-19,168.08,168.08,168.08,168.08,12448.35,0.0
2021-04-20,168.16,168.16,168.16,168.16,8590.51,0.0
2021-04-21,168.4,168.4,168.4,168.4,5862.0,0.0
2021-04-22,168.16,168.16,168.16,168.16,4147.38,0.0
2021-04-23,167.86,167.86,167.86,167.86,4169.8,0.0
2021-04-25,167.75,167.75,167.75,167.75,1690.0,0.0
2021-04-26,167.24,167.24,167.24,167.24,5159.84,0.0
2021-04-27,167.22,167.22,167.22,167.22,7817.0,0.0
2021-04-28,167.27,167.27,167.27,167.27,6587.76,0.0
2021-04-29,167.42,167.42,167.42,167.42,4471.54,0.0
2021-04-30,167.93,167.93,167.93,167.93,3713.97,0.0
2021-05-06,168.09,168.09,168.09,168.09,9531.12,0.0
2021-05-07,168.07,168.07,168.07,168.07,7988.12,0.0
2021-05-08,168.07,168.07,168.07,168.07,405.0,0.0
2021-05-10,168.23,168.23,168.23,168.23,6033.39,0.0
2021-05-11,168.4,168.4,168.4,168.4,6320.06,0.0
2021-05-12,168.56,168.56,168.56,168.56,7843.79,0.0
2021-05-13,168.52,168.52,168.52,168.52,8797.35,0.0
2021-05-14,168.76,168.76,168.76,168.76,5820.0,0.0
2021-05-17,168.69,168.69,168.69,168.69,10492.24,0.0
2021-05-18,168.79,168.79,168.79,168.79,4326.57,0.0
2021-05-19,169.14,169.14,169.14,169.14,13373.13,0.0
2021-05-20,169.48,169.48,169.48,169.48,16094.77,0.0
2021-05-21,169.93,169.93,169.93,169.93,15405.81,0.0
2021-05-24,169.92,169.92,169.92,169.92,14649.78,0.0
2021-05-25,169.89,169.89,169.89,169.89,8122.57,0.0
2021-05-26,170.27,170.27,170.27,170.27,8136.5,0.0
2021-05-27,169.98,169.98,169.98,169.98,8875.42,0.0
2021-05-28,169.85,169.85,169.85,169.85,7498.46,0.0
2021-05-31,170.2,170.2,170.2,170.2,8894.6,0.0
2021-06-01,170.38,170.38,170.38,170.38,10299.04,0.0
2021-06-02,170.01,170.01,170.01,170.01,11532.76,0.0
2021-06-03,170.2,170.2,170.2,170.2,13614.43,0.0
2021-06-04,169.39,169.39,169.39,169.39,9983.63,0.0
2021-06-07,168.7,168.7,168.7,168.7,13422.1,0.0
2021-06-08,168.69,168.69,168.69,168.69,13621.21,0.0
2021-06-09,168.64,168.64,168.64,168.64,9987.35,0.0
2021-06-10,168.72,168.72,168.72,168.72,8163.54,0.0
2021-06-11,167.81,167.81,167.81,167.81,9724.6,0.0
2021-06-15,167.99,167.99,167.99,167.99,14222.89,0.0
2021-06-16,167.77,167.77,167.77,167.77,4471.63,0.0
2021-06-17,167.19,167.19,167.19,167.19,47485.29,0.0
2021-06-18,167.83,167.83,167.83,167.83,22268.03,0.0
2021-06-21,168.33,168.33,168.33,168.33,12736.46,0.0
2021-06-22,168.4,168.4,168.4,168.4,9720.64,0.0
2021-06-23,168.64,168.64,168.64,168.64,8650.17,0.0
2021-06-24,168.75,168.75,168.75,168.75,8274.12,0.0
2021-06-25,168.87,168.87,168.87,168.87,8574.3,0.0
2021-06-28,168.51,168.51,168.51,168.51,2896.26,0.0
2021-06-29,168.79,168.79,168.79,168.79,13203.78,0.0
2021-06-30,168.95,168.95,168.95,168.95,6817.52,0.0
2021-07-01,168.69,168.69,168.69,168.69,11025.39,0.0
2021-07-02,168.61,168.61,168.61,168.61,12309.29,0.0
2021-07-05,169.02,169.02,169.02,169.02,14244.46,0.0
2021-07-06,168.94,168.94,168.94,168.94,7053.26,0.0
2021-07-07,169.8,169.8,169.8,169.8,6868.6,0.0
2021-07-08,171.4,171.4,171.4,171.4,22731.13,0.0
2021-07-09,170.79,170.79,170.79,170.79,30960.3,0.0
2021-07-12,172.09,172.09,172.09,172.09,24294.57,0.0
2021-07-13,172.5,172.5,172.5,172.5,22459.52,0.0
2021-07-14,172.49,172.49,172.49,172.49,54057.05,0.0
2021-07-15,171.93,171.93,171.93,171.93,33407.84,0.0
2021-07-16,172.24,172.24,172.24,172.24,24016.35,0.0
2021-07-19,172.32,172.32,172.32,172.32,12070.39,0.0
2021-07-20,172.82,172.82,172.82,172.82,9371.47,0.0
2021-07-21,173.06,173.06,173.06,173.06,14562.71,0.0
2021-07-22,173.03,173.03,173.03,173.03,12495.87,0.0
2021-07-23,173.38,173.38,173.38,173.38,11827.59,0.0
2021-07-26,174.33,174.33,174.33,174.33,25120.69,0.0
2021-07-27,173.74,173.74,173.74,173.74,21876.54,0.0
2021-07-28,173.4,173.4,173.4,173.4,40862.44,0.0
2021-07-29,173.84,173.84,173.84,173.84,21149.83,0.0
2021-07-30,174.93,174.93,174.93,174.93,15391.32,0.0
2021-08-02,175.91,175.91,175.91,175.91,35709.5,0.0
2021-08-03,175.78,175.78,175.78,175.78,28823.25,0.0
2021-08-04,175.79,175.79,175.79,175.79,16499.96,0.0
2021-08-05,176.76,176.76,176.76,176.76,18817.27,0.0
2021-08-06,176.71,176.71,176.71,176.71,21979.75,0.0
2021-08-09,175.75,175.75,175.75,175.75,19670.89,0.0
2021-08-10,175.57,175.57,175.57,175.57,25413.52,0.0
2021-08-11,175.35,175.35,175.35,175.35,15855.91,0.0
2021-08-12,175.76,175.76,175.76,175.76,11784.64,0.0
2021-08-13,175.33,175.33,175.33,175.33,13232.22,0.0
2021-08-16,175.1,175.1,175.1,175.1,14420.04,0.0
2021-08-17,175.32,175.32,175.32,175.32,7931.17,0.0
2021-08-18,176.17,176.17,176.17,176.17,51063.54,0.0
2021-08-19,176.55,176.55,176.55,176.55,28069.78,0.0
2021-08-20,176.43,176.43,176.43,176.43,17868.62,0.0
2021-08-23,176.27,176.27,176.27,176.27,12601.99,0.0
2021-08-24,176.49,176.49,176.49,176.49,6245.98,0.0
2021-08-25,176.48,176.48,176.48,176.48,19244.0,0.0
2021-08-26,175.76,175.76,175.76,175.76,17303.3,0.0
2021-08-27,176.04,176.04,176.04,176.04,14661.66,0.0
2021-08-30,176.36,176.36,176.36,176.36,12824.36,0.0
2021-08-31,176.43,176.43,176.43,176.43,10208.47,0.0
2021-09-01,176.99,176.99,176.99,176.99,16632.02,0.0
2021-09-02,176.84,176.84,176.84,176.84,26281.46,0.0
2021-09-03,176.75,176.75,176.75,176.75,11868.51,0.0
2021-09-06,176.76,176.76,176.76,176.76,9926.45,0.0
2021-09-07,176.35,176.35,176.35,176.35,9978.51,0.0
2021-09-08,176.26,176.26,176.26,176.26,14500.58,0.0
2021-09-09,176.2,176.2,176.2,176.2,11027.68,0.0
2021-09-10,176.18,176.18,176.18,176.18,11623.4,0.0
2021-09-13,176.08,176.08,176.08,176.08,7720.1,0.0
2021-09-14,175.98,175.98,175.98,175.98,13650.14,0.0
2021-09-15,175.94,175.94,175.94,175.94,12095.0,0.0
2021-09-16,176.05,176.05,176.05,176.05,11796.69,0.0
2021-09-17,176.19,176.19,176.19,176.19,10146.9,0.0
2021-09-18,176.31,176.31,176.31,176.31,640.0,0.0
2021-09-22,176.67,176.67,176.67,176.67,5960.79,0.0
2021-09-23,176.68,176.68,176.68,176.68,15488.9,0.0
2021-09-24,176.61,176.61,176.61,176.61,44958.11,0.0
2021-09-26,176.41,176.41,176.41,176.41,170.0,0.0
2021-09-27,176.47,176.47,176.47,176.47,10348.22,0.0
2021-09-28,176.41,176.41,176.41,176.41,13819.71,0.0
2021-09-29,176.62,176.62,176.62,176.62,7622.65,0.0
2021-09-30,176.43,176.43,176.43,176.43,8795.0,0.0
2021-10-08,176.1,176.1,176.1,176.1,16467.57,0.0
2021-10-09,175.98,175.98,175.98,175.98,211.85,0.0
2021-10-11,175.24,175.24,175.24,175.24,10844.23,0.0
2021-10-12,175.02,175.02,175.02,175.02,19186.63,0.0
2021-10-13,174.88,174.88,174.88,174.88,10215.47,0.0
2021-10-14,174.8,174.8,174.8,174.8,8506.44,0.0
2021-10-15,174.23,174.23,174.23,174.23,7486.67,0.0
2021-10-18,172.58,172.58,172.58,172.58,20884.87,0.0
2021-10-19,173.57,173.57,173.57,173.57,14109.21,0.0
2021-10-20,173.86,173.86,173.86,173.86,16511.24,0.0
2021-10-21,174.37,174.37,174.37,174.37,11902.19,0.0
2021-10-22,174.05,174.05,174.05,174.05,7545.83,0.0
2021-10-25,174.0,174.0,174.0,174.0,9184.66,0.0
2021-10-26,174.2,174.2,174.2,174.2,7110.9,0.0
2021-10-27,174.33,174.33,174.33,174.33,6694.48,0.0
2021-10-28,174.92,174.92,174.92,174.92,5741.77,0.0
2021-10-29,175.17,175.17,175.17,175.17,6945.45,0.0
2021-11-01,176.2,176.2,176.2,176.2,13511.67,0.0
2021-11-02,176.63,176.63,176.63,176.63,15479.29,0.0
2021-11-03,176.47,176.47,176.47,176.47,18773.38,0.0
2021-11-04,176.64,176.64,176.64,176.64,18488.6,0.0
2021-11-05,177.53,177.53,177.53,177.53,14283.38,0.0
2021-11-08,177.45,177.45,177.45,177.45,23365.05,0.0
2021-11-09,177.37,177.37,177.37,177.37,13036.0,0.0
2021-11-10,177.23,177.23,177.23,177.23,10069.45,0.0
2021-11-11,176.72,176.72,176.72,176.72,16183.21,0.0
2021-11-12,176.84,176.84,176.84,176.84,16894.14,0.0
2021-11-15,177.29,177.29,177.29,177.29,9221.97,0.0
2021-11-16,177.27,177.27,177.27,177.27,10550.75,0.0
2021-11-17,177.24,177.24,177.24,177.24,39785.19,0.0
2021-11-18,177.49,177.49,177.49,177.49,19141.75,0.0
2021-11-19,177.46,177.46,177.46,177.46,9957.7,0.0
2021-11-22,177.73,177.73,177.73,177.73,15098.45,0.0
2021-11-23,177.71,177.71,177.71,177.71,9707.29,0.0
2021-11-24,178.2,178.2,178.2,178.2,8222.3,0.0
2021-11-25,178.04,178.04,178.04,178.04,27467.03,0.0
2021-11-26,178.54,178.54,178.54,178.54,12968.42,0.0
2021-11-29,178.45,178.45,178.45,178.45,31503.21,0.0
2021-11-30,178.41,178.41,178.41,178.41,19115.73,0.0
2021-12-01,178.2,178.2,178.2,178.2,21539.9,0.0
2021-12-02,177.83,177.83,177.83,177.83,14285.79,0.0
2021-12-03,177.65,177.65,177.65,177.65,20365.6,0.0
2021-12-06,178.82,178.82,178.82,178.82,15815.19,0.0
2021-12-07,178.49,178.49,178.49,178.49,31071.07,0.0
2021-12-08,178.24,178.24,178.24,178.24,15256.52,0.0
2021-12-09,178.21,178.21,178.21,178.21,7766.54,0.0
2021-12-10,178.45,178.45,178.45,178.45,9490.99,0.0
2021-12-13,178.26,178.26,178.26,178.26,11180.69,0.0
2021-12-14,178.36,178.36,178.36,178.36,13800.59,0.0
2021-12-15,178.34,178.34,178.34,178.34,51246.91,0.0
2021-12-16,178.21,178.21,178.21,178.21,24917.13,0.0
2021-12-17,178.4,178.4,178.4,178.4,14027.87,0.0
2021-12-20,178.46,178.46,178.46,178.46,16955.92,0.0
2021-12-21,178.52,178.52,178.52,178.52,11986.56,0.0
2021-12-22,178.74,178.74,178.74,178.74,11449.7,0.0
2021-12-23,179.06,179.06,179.06,179.06,14749.07,0.0
2021-12-24,179.1,179.1,179.1,179.1,19906.94,0.0
2021-12-27,179.34,179.34,179.34,179.34,8340.0,0.0
2021-12-28,179.75,179.75,179.75,179.75,24810.1,0.0
2021-12-29,179.92,179.92,179.92,179.92,20756.47,0.0
2021-12-30,180.26,180.26,180.26,180.26,17259.1,0.0
2021-12-31,180.02,180.02,180.02,180.02,6208.8,0.0
2022-01-04,179.92,179.92,179.92,179.92,32270.2,0.0
2022-01-05,179.65,179.65,179.65,179.65,17312.53,0.0
2022-01-06,179.36,179.36,179.36,179.36,20436.7,0.0
2022-01-07,179.3,179.3,179.3,179.3,16011.03,0.0
2022-01-10,179.5,179.5,179.5,179.5,14425.11,0.0
2022-01-11,179.79,179.79,179.79,179.79,14181.96,0.0
2022-01-12,180.07,180.07,180.07,180.07,19808.48,0.0
2022-01-13,180.31,180.31,180.31,180.31,21674.96,0.0
2022-01-14,180.38,180.38,180.38,180.38,22306.48,0.0
2022-01-17,180.45,180.45,180.45,180.45,26182.79,0.0
2022-01-18,181.31,181.31,181.31,181.31,18295.52,0.0
2022-01-19,181.79,181.79,181.79,181.79,76844.5,0.0
2022-01-20,181.68,181.68,181.68,181.68,46834.91,0.0
2022-01-21,182.07,182.07,182.07,182.07,29592.26,0.0
2022-01-24,182.83,182.83,182.83,182.83,31240.06,0.0
2022-01-25,182.57,182.57,182.57,182.57,41561.17,0.0
2022-01-26,182.14,182.14,182.14,182.14,30952.5,0.0
2022-01-27,181.81,181.81,181.81,181.81,18015.84,0.0
2022-01-28,182.38,182.38,182.38,182.38,14940.82,0.0
2022-01-29,182.45,182.45,182.45,182.45,930.0,0.0
2022-01-30,182.54,182.54,182.54,182.54,60.0,0.0
2022-02-07,182.37,182.37,182.37,182.37,11485.96,0.0
2022-02-08,182.34,182.34,182.34,182.34,18478.5,0.0
2022-02-09,182.09,182.09,182.09,182.09,20991.92,0.0
2022-02-10,182.13,182.13,182.13,182.13,15496.87,0.0
2022-02-11,181.0,181.0,181.0,181.0,27009.03,0.0
2022-02-14,180.75,180.75,180.75,180.75,41109.09,0.0
2022-02-15,180.84,180.84,180.84,180.84,22881.66,0.0
2022-02-16,180.93,180.93,180.93,180.93,27064.29,0.0
2022-02-17,181.18,181.18,181.18,181.18,28517.75,0.0
2022-02-18,181.0,181.0,181.0,181.0,15480.02,0.0
2022-02-21,179.97,179.97,179.97,179.97,22113.25,0.0
2022-02-22,179.76,179.76,179.76,179.76,28337.0,0.0
2022-02-23,180.0,180.0,180.0,180.0,42696.7,0.0
2022-02-24,180.12,180.12,180.12,180.12,22238.22,0.0
2022-02-25,180.49,180.49,180.49,180.49,20278.64,0.0
2022-02-28,180.65,180.65,180.65,180.65,16398.8,0.0
2022-03-01,180.08,180.08,180.08,180.08,17598.94,0.0
2022-03-02,179.92,179.92,179.92,179.92,21871.4,0.0
2022-03-03,179.58,179.58,179.58,179.58,13294.92,0.0
2022-03-04,179.74,179.74,179.74,179.74,14778.13,0.0
2022-03-07,179.76,179.76,179.76,179.76,13446.58,0.0
2022-03-08,179.78,179.78,179.78,179.78,8295.92,0.0
2022-03-09,179.35,179.35,179.35,179.35,14297.07,0.0
2022-03-10,179.26,179.26,179.26,179.26,16650.83,0.0
2022-03-11,180.06,180.06,180.06,180.06,12945.5,0.0
2022-03-14,180.53,180.53,180.53,180.53,25782.9,0.0
2022-03-15,179.39,179.39,179.39,179.39,22324.74,0.0
2022-03-16,179.67,179.67,179.67,179.67,38448.29,0.0
2022-03-17,179.65,179.65,179.65,179.65,14295.02,0.0
2022-03-18,179.96,179.96,179.96,179.96,11531.28,0.0
2022-03-21,179.86,179.86,179.86,179.86,10523.32,0.0
2022-03-22,179.66,179.66,179.66,179.66,5187.25,0.0
2022-03-23,179.74,179.74,179.74,179.74,13163.28,0.0
2022-03-24,180.11,180.11,180.11,180.11,16072.86,0.0
2022-03-25,180.41,180.41,180.41,180.41,8744.63,0.0
2022-03-28,180.74,180.74,180.74,180.74,10068.17,0.0
2022-03-29,180.85,180.85,180.85,180.85,9213.79,0.0
2022-03-30,181.18,181.18,181.18,181.18,15822.23,0.0
2022-03-31,180.91,180.91,180.91,180.91,14374.08,0.0
2022-04-01,181.04,181.04,181.04,181.04,15231.46,0.0
2022-04-02,181.11,181.11,181.11,181.11,2307.3,0.0
2022-04-06,181.63,181.63,181.63,181.63,15628.88,0.0
2022-04-07,182.14,182.14,182.14,182.14,27145.52,0.0
2022-04-08,182.29,182.29,182.29,182.29,34332.41,0.0
2022-04-11,182.28,182.28,182.28,182.28,20601.86,0.0
2022-04-12,182.37,182.37,182.37,182.37,17003.84,0.0
2022-04-13,182.53,182.53,182.53,182.53,17861.87,0.0
2022-04-14,182.58,182.58,182.58,182.58,13626.56,0.0
2022-04-15,182.55,182.55,182.55,182.55,19608.54,0.0
2022-04-18,181.97,181.97,181.97,181.97,15517.53,0.0
2022-04-19,182.38,182.38,182.38,182.38,20645.18,0.0
2022-04-20,182.58,182.58,182.58,182.58,15695.7,0.0
2022-04-21,182.94,182.94,182.94,182.94,21812.27,0.0
2022-04-22,182.9,182.9,182.9,182.9,19324.26,0.0
2022-04-24,183.09,183.09,183.09,183.09,2810.0,0.0
2022-04-25,183.2,183.2,183.2,183.2,13204.52,0.0
2022-04-26,183.19,183.19,183.19,183.19,17780.48,0.0
2022-04-27,182.94,182.94,182.94,182.94,11294.35,0.0
2022-04-28,182.6,182.6,182.6,182.6,13607.12,0.0
2022-04-29,182.93,182.93,182.93,182.93,11225.27,0.0
2022-05-05,182.94,182.94,182.94,182.94,9445.26,0.0
2022-05-06,182.84,182.84,182.84,182.84,7847.38,0.0
2022-05-07,183.0,183.0,183.0,183.0,770.0,0.0
2022-05-09,183.26,183.26,183.26,183.26,12403.43,0.0
2022-05-10,183.44,183.44,183.44,183.44,13983.67,0.0
2022-05-11,183.24,183.24,183.24,183.24,13851.12,0.0
2022-05-12,183.5,183.5,183.5,183.5,13865.82,0.0
2022-05-13,183.47,183.47,183.47,183.47,13238.95,0.0
2022-05-16,183.42,183.42,183.42,183.42,11004.52,0.0
2022-05-17,183.5,183.5,183.5,183.5,6936.3,0.0
2022-05-18,183.66,183.66,183.66,183.66,9452.74,0.0
2022-05-19,183.82,183.82,183.82,183.82,16338.06,0.0
2022-05-20,183.76,183.76,183.76,183.76,13374.84,0.0
2022-05-23,184.12,184.12,184.12,184.12,23055.31,0.0
2022-05-24,184.24,184.24,184.24,184.24,21348.93,0.0
2022-05-25,184.61,184.61,184.61,184.61,26106.51,0.0
2022-05-26,185.79,185.79,185.79,185.79,35082.82,0.0
2022-05-27,185.77,185.77,185.77,185.77,43698.27,0.0
2022-05-30,185.33,185.33,185.33,185.33,22794.35,0.0
2022-05-31,184.68,184.68,184.68,184.68,17995.97,0.0
2022-06-01,184.63,184.63,184.63,184.63,24806.9,0.0
2022-06-02,184.58,184.58,184.58,184.58,16088.28,0.0
2022-06-06,184.4,184.4,184.4,184.4,12660.12,0.0
2022-06-07,184.46,184.46,184.46,184.46,13234.83,0.0
2022-06-08,184.47,184.47,184.47,184.47,15497.17,0.0
2022-06-09,184.64,184.64,184.64,184.64,10705.34,0.0
2022-06-10,184.63,184.63,184.63,184.63,13869.77,0.0
2022-06-13,184.57,184.57,184.57,184.57,14221.55,0.0
2022-06-14,184.6,184.6,184.6,184.6,6807.04,0.0
2022-06-15,184.66,184.66,184.66,184.66,10542.95,0.0
2022-06-16,184.76,184.76,184.76,184.76,13274.0,0.0
2022-06-17,184.86,184.86,184.86,184.86,10007.1,0.0
2022-06-20,184.7,184.7,184.7,184.7,11717.25,0.0
2022-06-21,184.67,184.67,184.67,184.67,11342.25,0.0
2022-06-22,184.63,184.63,184.63,184.63,21195.77,0.0
2022-06-23,184.67,184.67,184.67,184.67,8618.86,0.0
2022-06-24,184.45,184.45,184.45,184.45,14421.11,0.0
2022-06-27,184.08,184.08,184.08,184.08,18330.57,0.0
2022-06-28,183.97,183.97,183.97,183.97,15388.43,0.0
2022-06-29,184.0,184.0,184.0,184.0,15987.66,0.0
2022-06-30,184.24,184.24,184.24,184.24,10331.29,0.0
2022-07-01,184.22,184.22,184.22,184.22,16153.9,0.0
2022-07-04,183.74,183.74,183.74,183.74,8361.81,0.0
2022-07-05,183.66,183.66,183.66,183.66,13244.78,0.0
2022-07-06,183.81,183.81,183.81,183.81,14268.93,0.0
2022-07-07,183.8,183.8,183.8,183.8,8653.0,0.0
2022-07-08,183.54,183.54,183.54,183.54,13013.28,0.0
2022-07-11,183.82,183.82,183.82,183.82,19069.44,0.0
2022-07-12,184.12,184.12,184.12,184.12,9544.02,0.0
2022-07-13,184.33,184.33,184.33,184.33,63141.29,0.0
2022-07-14,184.72,184.72,184.72,184.72,20785.0,0.0
2022-07-15,185.0,185.0,185.0,185.0,23946.8,0.0
2022-07-18,185.16,185.16,185.16,185.16,28731.7,0.0
2022-07-19,185.23,185.23,185.23,185.23,20330.99,0.0
2022-07-20,185.68,185.68,185.68,185.68,11281.47,0.0
2022-07-21,185.83,185.83,185.83,185.83,28293.12,0.0
2022-07-22,185.69,185.69,185.69,185.69,27934.47,0.0
2022-07-25,185.81,185.81,185.81,185.81,21395.18,0.0
2022-07-26,186.0,186.0,186.0,186.0,12782.86,0.0
2022-07-27,186.09,186.09,186.09,186.09,18612.18,0.0
2022-07-28,185.84,185.84,185.84,185.84,15571.66,0.0
2022-07-29,186.49,186.49,186.49,186.49,23879.54,0.0
2022-08-01,187.16,187.16,187.16,187.16,38237.8,0.0
2022-08-02,187.28,187.28,187.28,187.28,48426.08,0.0
2022-08-03,187.36,187.36,187.36,187.36,41383.4,0.0
2022-08-04,187.48,187.48,187.48,187.48,36592.42,0.0
2022-08-05,187.19,187.19,187.19,187.19,33732.66,0.0
2022-08-08,187.03,187.03,187.03,187.03,19500.07,0.0
2022-08-09,186.92,186.92,186.92,186.92,15513.72,0.0
2022-08-10,187.05,187.05,187.05,187.05,18328.98,0.0
2022-08-11,187.17,187.17,187.17,187.17,16036.7,0.0
2022-08-12,187.23,187.23,187.23,187.23,12338.99,0.0
2022-08-15,188.99,188.99,188.99,188.99,30783.98,0.0
2022-08-16,189.6,189.6,189.6,189.6,61229.45,0.0
2022-08-17,189.63,189.63,189.63,189.63,7615.69,0.0
2022-08-18,190.7,190.7,190.7,190.7,5109.95,0.0
2022-08-19,191.33,191.33,191.33,191.33,45054.18,0.0
2022-08-22,191.87,191.87,191.87,191.87,64105.0,0.0
2022-08-23,191.59,191.59,191.59,191.59,54093.05,0.0
2022-08-24,191.51,191.51,191.51,191.51,78304.93,0.0
2022-08-25,190.68,190.68,190.68,190.68,36667.1,0.0
2022-08-26,190.68,190.68,190.68,190.68,54256.71,0.0
2022-08-29,191.35,191.35,191.35,191.35,37872.91,0.0
2022-08-30,191.62,191.62,191.62,191.62,36864.25,0.0
2022-08-31,191.6,191.6,191.6,191.6,29520.2,0.0
2022-09-01,192.11,192.11,192.11,192.11,27268.21,0.0
2022-09-02,192.3,192.3,192.3,192.3,56879.76,0.0
2022-09-05,192.54,192.54,192.54,192.54,44451.85,0.0
2022-09-06,192.77,192.77,192.77,192.77,36911.29,0.0
2022-09-07,192.77,192.77,192.77,192.77,79894.82,0.0
2022-09-08,192.76,192.76,192.76,192.76,42994.38,0.0
2022-09-09,192.59,192.59,192.59,192.59,31855.3,0.0
2022-09-13,192.58,192.58,192.58,192.58,45405.79,0.0
2022-09-14,192.44,192.44,192.44,192.44,28223.41,0.0
2022-09-15,192.65,192.65,192.65,192.65,36999.51,0.0
2022-09-16,192.52,192.52,192.52,192.52,45090.54,0.0
2022-09-19,192.58,192.58,192.58,192.58,44848.2,0.0
2022-09-20,192.77,192.77,192.77,192.77,21054.07,0.0
2022-09-21,192.89,192.89,192.89,192.89,25904.09,0.0
2022-09-22,192.85,192.85,192.85,192.85,33210.16,0.0
2022-09-23,192.52,192.52,192.52,192.52,26081.84,0.0
2022-09-26,191.86,191.86,191.86,191.86,37491.78,0.0
2022-09-27,192.0,192.0,192.0,192.0,40502.68,0.0
2022-09-28,191.27,191.27,191.27,191.27,31609.69,0.0
2022-09-29,191.0,191.0,191.0,191.0,35723.99,0.0
2022-09-30,190.09,190.09,190.09,190.09,27794.04,0.0
2022-10-08,190.03,190.03,190.03,190.03,5023.0,0.0
2022-10-09,190.64,190.64,190.64,190.64,1010.0,0.0
2022-10-10,190.73,190.73,190.73,190.73,36004.52,0.0
2022-10-11,190.81,190.81,190.81,190.81,25380.6,0.0
2022-10-12,190.88,190.88,190.88,190.88,29974.17,0.0
2022-10-13,191.21,191.21,191.21,191.21,31910.34,0.0
2022-10-14,192.1,192.1,192.1,192.1,13700.57,0.0
2022-10-17,192.1,192.1,192.1,192.1,32456.46,0.0
2022-10-18,192.07,192.07,192.07,192.07,27014.38,0.0
2022-10-19,192.1,192.1,192.1,192.1,21983.14,0.0
2022-10-20,191.78,191.78,191.78,191.78,21177.98,0.0
2022-10-21,191.81,191.81,191.81,191.81,24675.38,0.0
2022-10-24,192.11,192.11,192.11,192.11,20031.13,0.0
2022-10-25,192.03,192.03,192.03,192.03,22638.8,0.0
2022-10-26,192.1,192.1,192.1,192.1,23813.74,0.0
2022-10-27,192.48,192.48,192.48,192.48,18808.59,0.0
2022-10-28,192.69,192.69,192.69,192.69,26307.51,0.0
2022-10-31,193.29,193.29,193.29,193.29,30662.28,0.0
2022-11-01,192.98,192.98,192.98,192.98,36781.11,0.0
2022-11-02,192.61,192.61,192.61,192.61,24710.34,0.0
2022-11-03,192.74,192.74,192.74,192.74,24542.82,0.0
2022-11-04,192.27,192.27,192.27,192.27,20985.69,0.0
2022-11-07,192.25,192.25,192.25,192.25,32214.69,0.0
2022-11-08,192.14,192.14,192.14,192.14,18043.0,0.0
2022-11-09,191.99,191.99,191.99,191.99,36581.81,0.0
2022-11-10,191.87,191.87,191.87,191.87,18950.8,0.0
2022-11-11,191.16,191.16,191.16,191.16,25729.35,0.0
2022-11-14,188.68,188.68,188.68,188.68,41507.0,0.0
2022-11-15,188.99,188.99,188.99,188.99,43759.72,0.0
2022-11-16,188.35,188.35,188.35,188.35,28172.78,0.0
2022-11-17,189.0,189.0,189.0,189.0,28761.35,0.0
2022-11-18,188.82,188.82,188.82,188.82,25028.88,0.0
2022-11-21,189.11,189.11,189.11,189.11,20986.94,0.0
2022-11-22,188.85,188.85,188.85,188.85,29108.7,0.0
2022-11-23,189.51,189.51,189.51,189.51,16583.62,0.0
2022-11-24,189.95,189.95,189.95,189.95,26437.55,0.0
2022-11-25,189.16,189.16,189.16,189.16,25267.13,0.0
2022-11-28,188.3,188.3,188.3,188.3,22451.1,0.0
2022-11-29,187.57,187.57,187.57,187.57,18191.06,0.0
2022-11-30,187.31,187.31,187.31,187.31,19278.58,0.0
2022-12-01,187.63,187.63,187.63,187.63,17640.6,0.0
2022-12-02,187.7,187.7,187.7,187.7,14249.51,0.0
2022-12-05,187.61,187.61,187.61,187.61,15262.59,0.0
2022-12-06,186.87,186.87,186.87,186.87,11788.79,0.0
2022-12-07,187.34,187.34,187.34,187.34,32913.3,0.0
2022-12-08,187.57,187.57,187.57,187.57,24695.88,0.0
2022-12-09,187.3,187.3,187.3,187.3,23590.08,0.0
2022-12-12,187.43,187.43,187.43,187.43,16543.2,0.0
2022-12-13,187.29,187.29,187.29,187.29,11392.72,0.0
2022-12-14,188.06,188.06,188.06,188.06,14044.77,0.0
2022-12-15,187.86,187.86,187.86,187.86,19195.88,0.0
2022-12-16,188.02,188.02,188.02,188.02,12503.94,0.0
2022-12-19,188.79,188.79,188.79,188.79,13297.37,0.0
2022-12-20,189.02,189.02,189.02,189.02,11766.71,0.0
2022-12-21,189.28,189.28,189.28,189.28,13748.66,0.0
2022-12-22,189.56,189.56,189.56,189.56,8643.46,0.0
2022-12-23,189.96,189.96,189.96,189.96,6170.1,0.0
2022-12-26,189.82,189.82,189.82,189.82,11220.0,0.0
2022-12-27,189.68,189.68,189.68,189.68,10831.37,0.0
2022-12-28,189.73,189.73,189.73,189.73,12792.96,0.0
2022-12-29,190.1,190.1,190.1,190.1,12118.13,0.0
2022-12-30,190.21,190.21,190.21,190.21,5398.3,0.0
2022-12-31,190.26,190.26,190.26,190.26,0.0,0.0
2023-01-03,190.53,190.53,190.53,190.53,6592.53,0.0
2023-01-04,190.73,190.73,190.73,190.73,19613.65,0.0
2023-01-05,190.66,190.66,190.66,190.66,14216.97,0.0
2023-01-06,190.38,190.38,190.38,190.38,15229.13,0.0
2023-01-09,190.29,190.29,190.29,190.29,13092.17,0.0
2023-01-10,189.79,189.79,189.79,189.79,16446.39,0.0
2023-01-11,189.82,189.82,189.82,189.82,21395.32,0.0
2023-01-12,189.69,189.69,189.69,189.69,12100.42,0.0
2023-01-13,189.41,189.41,189.41,189.41,13888.51,0.0
2023-01-16,189.04,189.04,189.04,189.04,13116.39,0.0
2023-01-17,189.59,189.59,189.59,189.59,11741.5,0.0
2023-01-18,189.25,189.25,189.25,189.25,7905.2,0.0
2023-01-19,189.32,189.32,189.32,189.32,11720.95,0.0
2023-01-20,189.17,189.17,189.17,189.17,4536.87,0.0
2023-01-28,189.14,189.14,189.14,189.14,1290.0,0.0
2023-01-29,189.4,189.4,189.4,189.4,1020.0,0.0
2023-01-30,189.3,189.3,189.3,189.3,23352.32,0.0
2023-01-31,189.18,189.18,189.18,189.18,16936.0,0.0
2023-02-01,188.94,188.94,188.94,188.94,22357.72,0.0
2023-02-02,188.94,188.94,188.94,188.94,20386.27,0.0
2023-02-03,188.98,188.98,188.98,188.98,13783.06,0.0
2023-02-06,188.94,188.94,188.94,188.94,13197.66,0.0
2023-02-07,189.02,189.02,189.02,189.02,9143.49,0.0
2023-02-08,189.08,189.08,189.08,189.08,10634.7,0.0
2023-02-09,189.18,189.18,189.18,189.18,7484.14,0.0
2023-02-10,189.19,189.19,189.19,189.19,7664.67,0.0
2023-02-13,189.2,189.2,189.2,189.2,11613.33,0.0
2023-02-14,189.28,189.28,189.28,189.28,6711.99,0.0
2023-02-15,189.35,189.35,189.35,189.35,35891.88,0.0
2023-02-16,189.43,189.43,189.43,189.43,13716.03,0.0
2023-02-17,189.42,189.42,189.42,189.42,8924.59,0.0
2023-02-20,189.2,189.2,189.2,189.2,7044.21,0.0
2023-02-21,188.97,188.97,188.97,188.97,19976.67,0.0
2023-02-22,189.16,189.16,189.16,189.16,11203.42,0.0
2023-02-23,189.22,189.22,189.22,189.22,5989.73,0.0
2023-02-24,189.21,189.21,189.21,189.21,8869.3,0.0
2023-02-27,189.21,189.21,189.21,189.21,8014.15,0.0
2023-02-28,189.24,189.24,189.24,189.24,9399.54,0.0
2023-03-01,189.29,189.29,189.29,189.29,9287.83,0.0
2023-03-02,189.24,189.24,189.24,189.24,8996.65,0.0
2023-03-03,189.21,189.21,189.21,189.21,11996.31,0.0
2023-03-06,189.77,189.77,189.77,189.77,9262.45,0.0
2023-03-07,189.93,189.93,189.93,189.93,14763.85,0.0
2023-03-08,189.96,189.96,189.96,189.96,15053.0,0.0
2023-03-09,190.15,190.15,190.15,190.15,11138.96,0.0
2023-03-10,190.45,190.45,190.45,190.45,10058.33,0.0
2023-03-13,190.53,190.53,190.53,190.53,20511.45,0.0
2023-03-14,190.74,190.74,190.74,190.74,14890.6,0.0
2023-03-15,190.75,190.75,190.75,190.75,34969.09,0.0
2023-03-16,191.39,191.39,191.39,191.39,13175.79,0.0
2023-03-17,191.79,191.79,191.79,191.79,26713.78,0.0
2023-03-20,192.17,192.17,192.17,192.17,24692.93,0.0
2023-03-21,192.15,192.15,192.15,192.15,25537.22,0.0
2023-03-22,192.05,192.05,192.05,192.05,25854.37,0.0
2023-03-23,192.02,192.02,192.02,192.02,15183.49,0.0
2023-03-24,191.81,191.81,191.81,191.81,18248.51,0.0
2023-03-27,192.11,192.11,192.11,192.11,17658.97,0.0
2023-03-28,192.06,192.06,192.06,192.06,13156.35,0.0
2023-03-29,192.07,192.07,192.07,192.07,9244.08,0.0
2023-03-30,192.16,192.16,192.16,192.16,13074.59,0.0
2023-03-31,191.94,191.94,191.94,191.94,15612.29,0.0
2023-04-03,191.77,191.77,191.77,191.77,13777.33,0.0
2023-04-04,191.69,191.69,191.69,191.69,18486.66,0.0
2023-04-06,191.7,191.7,191.7,191.7,14154.85,0.0
2023-04-07,191.97,191.97,191.97,191.97,10975.85,0.0
2023-04-10,192.19,192.19,192.19,192.19,22783.22,0.0
2023-04-11,192.62,192.62,192.62,192.62,15776.6,0.0
2023-04-12,193.29,193.29,193.29,193.29,18441.01,0.0
2023-04-13,193.18,193.18,193.18,193.18,41870.95,0.0
2023-04-14,193.22,193.22,193.22,193.22,24331.81,0.0
2023-04-17,193.01,193.01,193.01,193.01,27064.31,0.0
2023-04-18,193.2,193.2,193.2,193.2,23275.51,0.0
2023-04-19,193.58,193.58,193.58,193.58,19987.61,0.0
2023-04-20,193.73,193.73,193.73,193.73,24175.05,0.0
2023-04-21,194.02,194.02,194.02,194.02,16734.26,0.0
2023-04-23,194.17,194.17,194.17,194.17,2860.0,0.0
2023-04-24,194.49,194.49,194.49,194.49,30500.47,0.0
2023-04-25,194.59,194.59,194.59,194.59,40935.67,0.0
2023-04-26,194.69,194.69,194.69,194.69,25573.2,0.0
2023-04-27,195.18,195.18,195.18,195.18,25378.92,0.0
2023-04-28,195.24,195.24,195.24,195.24,22649.9,0.0
2023-05-04,195.85,195.85,195.85,195.85,24077.8,0.0
2023-05-05,196.46,196.46,196.46,196.46,27604.27,0.0
2023-05-06,196.49,196.49,196.49,196.49,2398.16,0.0
2023-05-08,196.12,196.12,196.12,196.12,61151.2,0.0
2023-05-09,196.16,196.16,196.16,196.16,44680.66,0.0
2023-05-10,196.54,196.54,196.54,196.54,32506.24,0.0
2023-05-11,196.99,196.99,196.99,196.99,59237.8,0.0
2023-05-12,196.89,196.89,196.89,196.89,56227.72,0.0
2023-05-15,196.7,196.7,196.7,196.7,44676.84,0.0
2023-05-16,196.57,196.57,196.57,196.57,27385.46,0.0
2023-05-17,196.42,196.42,196.42,196.42,32323.14,0.0
2023-05-18,196.22,196.22,196.22,196.22,22479.51,0.0
2023-05-19,196.44,196.44,196.44,196.44,21715.94,0.0
2023-05-22,196.57,196.57,196.57,196.57,19439.89,0.0
2023-05-23,196.92,196.92,196.92,196.92,17461.08,0.0
2023-05-24,196.96,196.96,196.96,196.96,74229.66,0.0
2023-05-25,196.91,196.91,196.91,196.91,18522.96,0.0
2023-05-26,196.55,196.55,196.55,196.55,16535.9,0.0
2023-05-29,196.54,196.54,196.54,196.54,24359.58,0.0
2023-05-30,196.73,196.73,196.73,196.73,21589.59,0.0
2023-05-31,196.8,196.8,196.8,196.8,21472.68,0.0
2023-06-01,197.02,197.02,197.02,197.02,31367.27,0.0
2023-06-02,196.66,196.66,196.66,196.66,25280.36,0.0
2023-06-05,196.77,196.77,196.77,196.77,40150.84,0.0
2023-06-06,196.92,196.92,196.92,196.92,11713.12,0.0
2023-06-07,197.16,197.16,197.16,197.16,23847.08,0.0
2023-06-08,197.18,197.18,197.18,197.18,29578.09,0.0
2023-06-09,197.69,197.69,197.69,197.69,15605.91,0.0
2023-06-12,197.97,197.97,197.97,197.97,76182.04,0.0
2023-06-13,198.92,198.92,198.92,198.92,40697.33,0.0
2023-06-14,199.38,199.38,199.38,199.38,85643.6,0.0
2023-06-15,198.5,198.5,198.5,198.5,69229.3,0.0
2023-06-16,197.77,197.77,197.77,197.77,62417.1,0.0
2023-06-19,197.27,197.27,197.27,197.27,55012.94,0.0
2023-06-20,197.65,197.65,197.65,197.65,40101.01,0.0
2023-06-21,198.01,198.01,198.01,198.01,57239.83,0.0
2023-06-25,198.39,198.39,198.39,198.39,280.85,0.0
2023-06-26,198.4,198.4,198.4,198.4,45075.92,0.0
2023-06-27,198.36,198.36,198.36,198.36,31292.46,0.0
2023-06-28,198.6,198.6,198.6,198.6,37488.99,0.0
2023-06-29,198.73,198.73,198.73,198.73,26227.51,0.0
2023-06-30,199.23,199.23,199.23,199.23,27120.83,0.0
2023-07-03,199.14,199.14,199.14,199.14,58822.74,0.0
2023-07-04,199.09,199.09,199.09,199.09,34194.63,0.0
2023-07-05,199.18,199.18,199.18,199.18,41951.97,0.0
2023-07-06,199.36,199.36,199.36,199.36,31011.69,0.0
2023-07-07,199.51,199.51,199.51,199.51,25919.69,0.0
2023-07-10,199.77,199.77,199.77,199.77,30979.18,0.0
2023-07-11,200.18,200.18,200.18,200.18,40931.54,0.0
2023-07-12,200.3,200.3,200.3,200.3,47535.72,0.0
2023-07-13,200.42,200.42,200.42,200.42,26503.1,0.0
2023-07-14,200.22,200.22,200.22,200.22,44346.42,0.0
2023-07-17,200.46,200.46,200.46,200.46,36385.37,0.0
2023-07-18,200.83,200.83,200.83,200.83,29123.01,0.0
2023-07-19,200.97,200.97,200.97,200.97,52268.35,0.0
2023-07-20,201.05,201.05,201.05,201.05,39045.54,0.0
2023-07-21,201.71,201.71,201.71,201.71,37135.13,0.0
2023-07-24,202.61,202.61,202.61,202.61,79441.77,0.0
2023-07-25,200.78,200.78,200.78,200.78,82545.81,0.0
2023-07-26,201.24,201.24,201.24,201.24,120601.76,0.0
2023-07-27,201.72,201.72,201.72,201.72,60661.75,0.0
2023-07-28,201.48,201.48,201.48,201.48,49555.62,0.0
2023-07-31,201.19,201.19,201.19,201.19,51843.29,0.0
2023-08-01,201.37,201.37,201.37,201.37,46705.56,0.0
2023-08-02,201.72,201.72,201.72,201.72,40739.34,0.0
2023-08-03,201.98,201.98,201.98,201.98,41179.16,0.0
2023-08-04,201.99,201.99,201.99,201.99,39297.53,0.0
2023-08-07,202.21,202.21,202.21,202.21,38547.63,0.0
2023-08-08,202.28,202.28,202.28,202.28,24925.42,0.0
2023-08-09,202.3,202.3,202.3,202.3,28114.44,0.0
2023-08-10,202.24,202.24,202.24,202.24,29094.68,0.0
2023-08-11,202.37,202.37,202.37,202.37,17443.57,0.0
2023-08-14,203.0,203.0,203.0,203.0,53949.03,0.0
2023-08-15,204.16,204.16,204.16,204.16,52822.28,0.0
2023-08-16,204.44,204.44,204.44,204.44,150159.79,0.0
2023-08-17,204.36,204.36,204.36,204.36,66857.79,0.0
2023-08-18,204.61,204.61,204.61,204.61,48882.76,0.0
2023-08-21,205.92,205.92,205.92,205.92,61667.16,0.0
2023-08-22,205.97,205.97,205.97,205.97,107172.12,0.0
2023-08-23,206.2,206.2,206.2,206.2,84165.75,0.0
2023-08-24,206.41,206.41,206.41,206.41,61817.16,0.0
2023-08-25,206.25,206.25,206.25,206.25,43323.77,0.0
2023-08-28,205.96,205.96,205.96,205.96,49947.63,0.0
2023-08-29,205.74,205.74,205.74,205.74,75214.78,0.0
2023-08-30,205.76,205.76,205.76,205.76,54370.64,0.0
2023-08-31,205.77,205.77,205.77,205.77,33572.56,0.0
2023-09-01,205.05,205.05,205.05,205.05,33375.33,0.0
2023-09-04,203.76,203.76,203.76,203.76,71427.46,0.0
2023-09-05,203.48,203.48,203.48,203.48,66131.13,0.0
2023-09-06,202.62,202.62,202.62,202.62,57669.85,0.0
2023-09-07,202.34,202.34,202.34,202.34,60342.54,0.0
2023-09-08,202.35,202.35,202.35,202.35,53246.31,0.0
2023-09-11,202.37,202.37,202.37,202.37,41726.63,0.0
2023-09-12,202.58,202.58,202.58,202.58,37434.86,0.0
2023-09-13,202.8,202.8,202.8,202.8,85453.69,0.0
2023-09-14,203.56,203.56,203.56,203.56,43779.04,0.0
2023-09-15,202.7,202.7,202.7,202.7,71650.01,0.0
2023-09-18,202.44,202.44,202.44,202.44,49225.48,0.0
2023-09-19,202.32,202.32,202.32,202.32,41524.57,0.0
2023-09-20,202.09,202.09,202.09,202.09,31879.18,0.0
2023-09-21,202.34,202.34,202.34,202.34,32574.58,0.0
2023-09-22,201.84,201.84,201.84,201.84,45741.15,0.0
2023-09-25,201.26,201.26,201.26,201.26,40382.33,0.0
2023-09-26,201.25,201.25,201.25,201.25,38267.27,0.0
2023-09-27,201.23,201.23,201.23,201.23,34310.17,0.0
2023-09-28,201.87,201.87,201.87,201.87,16481.6,0.0
2023-10-07,202.41,202.41,202.41,202.41,510.0,0.0
2023-10-08,202.34,202.34,202.34,202.34,450.0,0.0
2023-10-09,202.34,202.34,202.34,202.34,36453.66,0.0
2023-10-10,202.12,202.12,202.12,202.12,28102.87,0.0
2023-10-11,201.71,201.71,201.71,201.71,24697.96,0.0
2023-10-12,201.68,201.68,201.68,201.68,29780.98,0.0
2023-10-13,202.19,202.19,202.19,202.19,34755.4,0.0
2023-10-16,202.25,202.25,202.25,202.25,49233.5,0.0
2023-10-17,202.02,202.02,202.02,202.02,28372.32,0.0
2023-10-18,201.92,201.92,201.92,201.92,20589.63,0.0
2023-10-19,201.44,201.44,201.44,201.44,28501.13,0.0
2023-10-20,201.59,201.59,201.59,201.59,36484.83,0.0
2023-10-23,201.85,201.85,201.85,201.85,36805.8,0.0
2023-10-24,201.55,201.55,201.55,201.55,29048.25,0.0
2023-10-25,201.54,201.54,201.54,201.54,35095.99,0.0
2023-10-26,201.33,201.33,201.33,201.33,48655.48,0.0
2023-10-27,201.02,201.02,201.02,201.02,19634.09,0.0
2023-10-30,201.12,201.12,201.12,201.12,23511.73,0.0
2023-10-31,201.59,201.59,201.59,201.59,20381.43,0.0
2023-11-01,201.76,201.76,201.76,201.76,48281.62,0.0
2023-11-02,202.64,202.64,202.64,202.64,35613.44,0.0
2023-11-03,202.4,202.4,202.4,202.4,70158.09,0.0
2023-11-06,202.61,202.61,202.61,202.61,51314.97,0.0
2023-11-07,202.66,202.66,202.66,202.66,32175.93,0.0
2023-11-08,202.98,202.98,202.98,202.98,40717.24,0.0
2023-11-09,203.18,203.18,203.18,203.18,61561.57,0.0
2023-11-10,203.48,203.48,203.48,203.48,46510.21,0.0
2023-11-13,203.82,203.82,203.82,203.82,52012.58,0.0
2023-11-14,203.59,203.59,203.59,203.59,39681.68,0.0
2023-11-15,203.38,203.38,203.38,203.38,101114.41,0.0
2023-11-16,203.71,203.71,203.71,203.71,51044.21,0.0
2023-11-17,204.04,204.04,204.04,204.04,31096.84,0.0
2023-11-20,204.13,204.13,204.13,204.13,47393.66,0.0
2023-11-21,204.09,204.09,204.09,204.09,29795.07,0.0
2023-11-22,203.61,203.61,203.61,203.61,33772.23,0.0
2023-11-23,202.85,202.85,202.85,202.85,35495.32,0.0
2023-11-24,202.9,202.9,202.9,202.9,54359.12,0.0
2023-11-27,202.67,202.67,202.67,202.67,39089.76,0.0
2023-11-28,203.16,203.16,203.16,203.16,28181.61,0.0
2023-11-29,203.5,203.5,203.5,203.5,36954.22,0.0
2023-11-30,203.94,203.94,203.94,203.94,30423.84,0.0
2023-12-01,203.81,203.81,203.81,203.81,49521.78,0.0
2023-12-04,203.75,203.75,203.75,203.75,38616.71,0.0
2023-12-05,203.92,203.92,203.92,203.92,22693.63,0.0
2023-12-06,203.92,203.92,203.92,203.92,40265.94,0.0
2023-12-07,203.97,203.97,203.97,203.97,25017.91,0.0
2023-12-08,204.16,204.16,204.16,204.16,27968.65,0.0
2023-12-11,204.69,204.69,204.69,204.69,43594.67,0.0
2023-12-12,204.67,204.67,204.67,204.67,52533.27,0.0
2023-12-13,205.32,205.32,205.32,205.32,120401.82,0.0
2023-12-14,205.28,205.28,205.28,205.28,87368.69,0.0
2023-12-15,206.13,206.13,206.13,206.13,56803.98,0.0
2023-12-18,206.74,206.74,206.74,206.74,105248.91,0.0
2023-12-19,206.7,206.7,206.7,206.7,76759.57,0.0
2023-12-20,206.84,206.84,206.84,206.84,60847.22,0.0
2023-12-21,208.2,208.2,208.2,208.2,57114.14,0.0
2023-12-22,208.42,208.42,208.42,208.42,108060.75,0.0
2023-12-25,209.46,209.46,209.46,209.46,80975.39,0.0
2023-12-26,208.97,208.97,208.97,208.97,106657.69,0.0
2023-12-27,209.09,209.09,209.09,209.09,96054.86,0.0
2023-12-28,208.97,208.97,208.97,208.97,77282.14,0.0
2023-12-29,208.91,208.91,208.91,208.91,22823.66,0.0
2023-12-31,209.01,209.01,209.01,209.01,0.0,0.0
2024-01-02,208.83,208.83,208.83,208.83,55414.52,0.0
2024-01-03,208.69,208.69,208.69,208.69,69954.14,0.0
2024-01-04,209.28,209.28,209.28,209.28,75153.96,0.0
2024-01-05,209.91,209.91,209.91,209.91,97097.05,0.0
2024-01-08,210.05,210.05,210.05,210.05,105879.61,0.0
2024-01-09,211.19,211.19,211.19,211.19,67720.44,0.0
2024-01-10,211.01,211.01,211.01,211.01,125111.37,0.0
2024-01-11,210.74,210.74,210.74,210.74,76169.15,0.0
2024-01-12,210.21,210.21,210.21,210.21,93100.6,0.0
2024-01-15,210.48,210.48,210.48,210.48,85069.76,0.0
2024-01-16,210.58,210.58,210.58,210.58,76921.07,0.0
2024-01-17,211.12,211.12,211.12,211.12,101011.7,0.0
2024-01-18,211.39,211.39,211.39,211.39,87655.35,0.0
2024-01-19,211.83,211.83,211.83,211.83,102751.96,0.0
2024-01-22,213.5,213.5,213.5,213.5,86817.37,0.0
2024-01-23,213.31,213.31,213.31,213.31,113673.14,0.0
2024-01-24,213.3,213.3,213.3,213.3,113065.25,0.0
2024-01-25,213.28,213.28,213.28,213.28,173224.25,0.0
2024-01-26,213.42,213.42,213.42,213.42,102642.82,0.0
2024-01-29,213.73,213.73,213.73,213.73,61474.2,0.0
2024-01-30,215.66,215.66,215.66,215.66,95695.31,0.0
2024-01-31,217.12,217.12,217.12,217.12,122314.61,0.0
2024-02-01,217.14,217.14,217.14,217.14,152469.94,0.0
2024-02-02,217.19,217.19,217.19,217.19,105874.01,0.0
2024-02-04,218.28,218.28,218.28,218.28,4083.21,0.0
2024-02-05,218.44,218.44,218.44,218.44,123839.54,0.0
2024-02-06,216.3,216.3,216.3,216.3,114686.25,0.0
2024-02-07,217.53,217.53,217.53,217.53,197469.91,0.0
2024-02-08,216.74,216.74,216.74,216.74,54767.49,0.0
2024-02-09,216.87,216.87,216.87,216.87,1388.5,0.0
2024-02-18,217.09,217.09,217.09,217.09,300.0,0.0
2024-02-19,217.54,217.54,217.54,217.54,60973.74,0.0
2024-02-20,218.32,218.32,218.32,218.32,97621.35,0.0
2024-02-21,218.14,218.14,218.14,218.14,143527.34,0.0
2024-02-22,218.47,218.47,218.47,218.47,112667.07,0.0
2024-02-23,218.99,218.99,218.99,218.99,104451.35,0.0
2024-02-26,220.38,220.38,220.38,220.38,110505.55,0.0
2024-02-27,221.09,221.09,221.09,221.09,140549.57,0.0
2024-02-28,222.01,222.01,222.01,222.01,143181.47,0.0
2024-02-29,223.09,223.09,223.09,223.09,149373.63,0.0
2024-03-01,221.38,221.38,221.38,221.38,195126.47,0.0
2024-03-04,222.34,222.34,222.34,222.34,194758.77,0.0
2024-03-05,222.14,222.14,222.14,222.14,129546.59,0.0
2024-03-06,224.27,224.27,224.27,224.27,179242.58,0.0
2024-03-07,223.81,223.81,223.81,223.81,219181.97,0.0
2024-03-08,223.22,223.22,223.22,223.22,212168.29,0.0
2024-03-11,221.68,221.68,221.68,221.68,127727.67,0.0
2024-03-12,219.13,219.13,219.13,219.13,147854.21,0.0
2024-03-13,219.89,219.89,219.89,219.89,231296.17,0.0
2024-03-14,219.84,219.84,219.84,219.84,181159.2,0.0
2024-03-15,220.82,220.82,220.82,220.82,110419.73,0.0
2024-03-18,221.8,221.8,221.8,221.8,118953.26,0.0
2024-03-19,222.73,222.73,222.73,222.73,123340.5,0.0
2024-03-20,222.1,222.1,222.1,222.1,165832.83,0.0
2024-03-21,221.9,221.9,221.9,221.9,108449.47,0.0
2024-03-22,221.04,221.04,221.04,221.04,91061.69,0.0
2024-03-25,220.41,220.41,220.41,220.41,125630.04,0.0
2024-03-26,220.27,220.27,220.27,220.27,92705.8,0.0
2024-03-27,221.43,221.43,221.43,221.43,74529.82,0.0
2024-03-28,221.23,221.23,221.23,221.23,123306.89,0.0
2024-03-29,222.07,222.07,222.07,222.07,113234.85,0.0
2024-04-01,221.17,221.17,221.17,221.17,126432.9,0.0
2024-04-02,221.55,221.55,221.55,221.55,91133.85,0.0
2024-04-03,222.28,222.28,222.28,222.28,80836.77,0.0
2024-04-07,221.93,221.93,221.93,221.93,1519.18,0.0
2024-04-08,222.65,222.65,222.65,222.65,86279.08,0.0
2024-04-09,222.83,222.83,222.83,222.83,84754.39,0.0
2024-04-10,221.93,221.93,221.93,221.93,84035.1,0.0
2024-04-11,221.39,221.39,221.39,221.39,109594.45,0.0
2024-04-12,221.76,221.76,221.76,221.76,110372.06,0.0
2024-04-15,221.85,221.85,221.85,221.85,78534.92,0.0
2024-04-16,222.49,222.49,222.49,222.49,54165.49,0.0
2024-04-17,223.02,223.02,223.02,223.02,101981.61,0.0
2024-04-18,223.99,223.99,223.99,223.99,135375.62,0.0
2024-04-19,224.7,224.7,224.7,224.7,168682.14,0.0
2024-04-22,225.59,225.59,225.59,225.59,114515.16,0.0
2024-04-23,226.01,226.01,226.01,226.01,119224.41,0.0
2024-04-24,223.61,223.61,223.61,223.61,186997.15,0.0
2024-04-25,223.37,223.37,223.37,223.37,197803.02,0.0
2024-04-26,221.62,221.62,221.62,221.62,138528.76,0.0
2024-04-28,221.04,221.04,221.04,221.04,2695.0,0.0
2024-04-29,220.44,220.44,220.44,220.44,138840.14,0.0
2024-04-30,221.91,221.91,221.91,221.91,90640.18,0.0
2024-05-06,221.15,221.15,221.15,221.15,94433.03,0.0
2024-05-07,221.69,221.69,221.69,221.69,113861.59,0.0
2024-05-08,221.63,221.63,221.63,221.63,86816.27,0.0
2024-05-09,220.88,220.88,220.88,220.88,79406.3,0.0
2024-05-10,220.58,220.58,220.58,220.58,92162.65,0.0
2024-05-11,219.5,219.5,219.5,219.5,1650.77,0.0
2024-05-13,221.81,221.81,221.81,221.81,117540.26,0.0
2024-05-14,222.05,222.05,222.05,222.05,125633.17,0.0
2024-05-15,221.75,221.75,221.75,221.75,81930.94,0.0
2024-05-16,221.09,221.09,221.09,221.09,87685.47,0.0
2024-05-17,221.03,221.03,221.03,221.03,78449.88,0.0
2024-05-20,221.11,221.11,221.11,221.11,142638.33,0.0
2024-05-21,220.96,220.96,220.96,220.96,54878.81,0.0
2024-05-22,221.25,221.25,221.25,221.25,46668.54,0.0
2024-05-23,221.92,221.92,221.92,221.92,40612.45,0.0
2024-05-24,221.99,221.99,221.99,221.99,68196.65,0.0
2024-05-27,221.98,221.98,221.98,221.98,51092.79,0.0
2024-05-28,222.93,222.93,222.93,222.93,41057.15,0.0
2024-05-29,223.32,223.32,223.32,223.32,79222.83,0.0
2024-05-30,222.89,222.89,222.89,222.89,70100.99,0.0
2024-05-31,222.32,222.32,222.32,222.32,101667.49,0.0
2024-06-03,222.66,222.66,222.66,222.66,114428.75,0.0
2024-06-04,222.81,222.81,222.81,222.81,63014.66,0.0
2024-06-05,223.14,223.14,223.14,223.14,72791.53,0.0
2024-06-06,223.31,223.31,223.31,223.31,71269.0,0.0
2024-06-07,223.54,223.54,223.54,223.54,56734.13,0.0
2024-06-11,223.97,223.97,223.97,223.97,64675.27,0.0
2024-06-12,224.03,224.03,224.03,224.03,69377.38,0.0
2024-06-13,224.4,224.4,224.4,224.4,106519.08,0.0
2024-06-14,225.39,225.39,225.39,225.39,86594.44,0.0
2024-06-17,225.38,225.38,225.38,225.38,143312.04,0.0
2024-06-18,226.12,226.12,226.12,226.12,98006.98,0.0
2024-06-19,226.33,226.33,226.33,226.33,137556.86,0.0
2024-06-20,226.8,226.8,226.8,226.8,154112.9,0.0
2024-06-21,226.37,226.37,226.37,226.37,163068.83,0.0
2024-06-24,227.15,227.15,227.15,227.15,124669.49,0.0
2024-06-25,227.56,227.56,227.56,227.56,142574.64,0.0
2024-06-26,227.61,227.61,227.61,227.61,227337.84,0.0
2024-06-27,228.43,228.43,228.43,228.43,125559.51,0.0
2024-06-28,228.5,228.5,228.5,228.5,109903.41,0.0
2024-07-01,226.77,226.77,226.77,226.77,150002.52,0.0
2024-07-02,227.32,227.32,227.32,227.32,238739.06,0.0
2024-07-03,227.48,227.48,227.48,227.48,128659.52,0.0
2024-07-04,227.32,227.32,227.32,227.32,106469.55,0.0
2024-07-05,226.33,226.33,226.33,226.33,76374.28,0.0
2024-07-08,225.92,225.92,225.92,225.92,133544.52,0.0
2024-07-09,226.55,226.55,226.55,226.55,105213.16,0.0
2024-07-10,226.63,226.63,226.63,226.63,145970.2,0.0
2024-07-11,226.79,226.79,226.79,226.79,73091.6,0.0
2024-07-12,227.32,227.32,227.32,227.32,76701.45,0.0
2024-07-15,227.69,227.69,227.69,227.69,89518.13,0.0
2024-07-16,227.78,227.78,227.78,227.78,91855.1,0.0
2024-07-17,227.74,227.74,227.74,227.74,88224.91,0.0
2024-07-18,227.45,227.45,227.45,227.45,75997.2,0.0
2024-07-19,227.58,227.58,227.58,227.58,82117.47,0.0
2024-07-22,228.29,228.29,228.29,228.29,94408.05,0.0
2024-07-23,228.61,228.61,228.61,228.61,115759.66,0.0
2024-07-24,228.7,228.7,228.7,228.7,80155.56,0.0
2024-07-25,229.97,229.97,229.97,229.97,96098.01,0.0
2024-07-26,230.53,230.53,230.53,230.53,178786.64,0.0
2024-07-29,231.81,231.81,231.81,231.81,140728.66,0.0
2024-07-30,232.49,232.49,232.49,232.49,152354.5,0.0
2024-07-31,232.37,232.37,232.37,232.37,129962.04,0.0
2024-08-01,233.29,233.29,233.29,233.29,141175.01,0.0
2024-08-02,233.77,233.77,233.77,233.77,122368.86,0.0
2024-08-05,234.62,234.62,234.62,234.62,131569.13,0.0
2024-08-06,233.81,233.81,233.81,233.81,143698.55,0.0
2024-08-07,234.73,234.73,234.73,234.73,169958.06,0.0
2024-08-08,233.1,233.1,233.1,233.1,96220.14,0.0
2024-08-09,232.66,232.66,232.66,232.66,71481.74,0.0
2024-08-12,230.28,230.28,230.28,230.28,59035.93,0.0
2024-08-13,231.51,231.51,231.51,231.51,53730.53,0.0
2024-08-14,232.92,232.92,232.92,232.92,34436.37,0.0
2024-08-15,232.38,232.38,232.38,232.38,31633.58,0.0
2024-08-16,232.43,232.43,232.43,232.43,29386.29,0.0
2024-08-19,233.35,233.35,233.35,233.35,22685.21,0.0
2024-08-20,233.78,233.78,233.78,233.78,21621.58,0.0
2024-08-21,233.72,233.72,233.72,233.72,20259.36,0.0
2024-08-22,234.24,234.24,234.24,234.24,30540.0,0.0
2024-08-23,234.47,234.47,234.47,234.47,26237.94,0.0
2024-08-26,234.34,234.34,234.34,234.34,45200.99,0.0
2024-08-27,233.08,233.08,233.08,233.08,33411.02,0.0
2024-08-28,233.92,233.92,233.92,233.92,42292.19,0.0
2024-08-29,233.69,233.69,233.69,233.69,36986.9,0.0
2024-08-30,233.55,233.55,233.55,233.55,30496.03,0.0
2024-09-02,234.65,234.65,234.65,234.65,32738.91,0.0
2024-09-03,234.87,234.87,234.87,234.87,37024.04,0.0
2024-09-04,235.58,235.58,235.58,235.58,29333.58,0.0
2024-09-05,236.24,236.24,236.24,236.24,44778.71,0.0
2024-09-06,236.26,236.26,236.26,236.26,49211.72,0.0
2024-09-09,237.08,237.08,237.08,237.08,25557.51,0.0
2024-09-10,237.87,237.87,237.87,237.87,30980.46,0.0
2024-09-11,238.27,238.27,238.27,238.27,90362.88,0.0
2024-09-12,238.81,238.81,238.81,238.81,44859.46,0.0
2024-09-13,240.01,240.01,240.01,240.01,44514.93,0.0
2024-09-14,241.55,241.55,241.55,241.55,1055.0,0.0
2024-09-18,242.09,242.09,242.09,242.09,44828.94,0.0
2024-09-19,242.13,242.13,242.13,242.13,36335.08,0.0
2024-09-20,242.86,242.86,242.86,242.86,60218.0,0.0
2024-09-23,243.47,243.47,243.47,243.47,45856.72,0.0
2024-09-24,241.3,241.3,241.3,241.3,36809.46,0.0
2024-09-25,242.53,242.53,242.53,242.53,106717.94,0.0
2024-09-26,239.95,239.95,239.95,239.95,80268.56,0.0
2024-09-27,234.93,234.93,234.93,234.93,95413.49,0.0
2024-09-29,231.1,231.1,231.1,231.1,2969.0,0.0
2024-09-30,234.15,234.15,234.15,234.15,64095.97,0.0
2024-10-08,233.39,233.39,233.39,233.39,61916.37,0.0
2024-10-09,234.72,234.72,234.72,234.72,53177.42,0.0
2024-10-10,237.35,237.35,237.35,237.35,48709.18,0.0
2024-10-11,237.27,237.27,237.27,237.27,54579.44,0.0
2024-10-12,237.0,237.0,237.0,237.0,1843.89,0.0
2024-10-14,236.81,236.81,236.81,236.81,63617.37,0.0
2024-10-15,236.95,236.95,236.95,236.95,47097.95,0.0
2024-10-16,236.36,236.36,236.36,236.36,109800.88,0.0
2024-10-17,237.73,237.73,237.73,237.73,45336.23,0.0
2024-10-18,236.96,236.96,236.96,236.96,67068.92,0.0
2024-10-21,237.0,237.0,237.0,237.0,70009.9,0.0
2024-10-22,235.9,235.9,235.9,235.9,39167.95,0.0
2024-10-23,235.22,235.22,235.22,235.22,52747.95,0.0
2024-10-24,235.25,235.25,235.25,235.25,60428.16,0.0
2024-10-25,234.8,234.8,234.8,234.8,52081.41,0.0
2024-10-28,233.93,233.93,233.93,233.93,41632.3,0.0
2024-10-29,234.52,234.52,234.52,234.52,36456.77,0.0
2024-10-30,234.83,234.83,234.83,234.83,109284.43,0.0
2024-10-31,235.5,235.5,235.5,235.5,46315.88,0.0
2024-11-01,236.29,236.29,236.29,236.29,48418.31,0.0
2024-11-04,236.6,236.6,236.6,236.6,57093.05,0.0
2024-11-05,237.32,237.32,237.32,237.32,46415.17,0.0
2024-11-06,237.25,237.25,237.25,237.25,71700.77,0.0
2024-11-07,237.31,237.31,237.31,237.31,68725.11,0.0
2024-11-08,237.67,237.67,237.67,237.67,46608.59,0.0
2024-11-11,238.1,238.1,238.1,238.1,75775.19,0.0
2024-11-12,239.18,239.18,239.18,239.18,50173.46,0.0
2024-11-13,238.67,238.67,238.67,238.67,78926.1,0.0
2024-11-14,238.34,238.34,238.34,238.34,78131.81,0.0
2024-11-15,237.96,237.96,237.96,237.96,42732.27,0.0
2024-11-18,236.06,236.06,236.06,236.06,54673.14,0.0
2024-11-19,236.83,236.83,236.83,236.83,68506.04,0.0
2024-11-20,236.44,236.44,236.44,236.44,133337.65,0.0
2024-11-21,237.58,237.58,237.58,237.58,57930.72,0.0
2024-11-22,238.28,238.28,238.28,238.28,77539.01,0.0
2024-11-25,239.39,239.39,239.39,239.39,82597.96,0.0
2024-11-26,239.64,239.64,239.64,239.64,76034.17,0.0
2024-11-27,239.46,239.46,239.46,239.46,81287.05,0.0
2024-11-28,240.56,240.56,240.56,240.56,85880.32,0.0
2024-11-29,241.13,241.13,241.13,241.13,72783.16,0.0
2024-12-02,242.85,242.85,242.85,242.85,92402.69,0.0
2024-12-03,242.48,242.48,242.48,242.48,93469.9,0.0
2024-12-04,243.96,243.96,243.96,243.96,79588.66,0.0
2024-12-05,243.84,243.84,243.84,243.84,83987.45,0.0
2024-12-06,243.32,243.32,243.32,243.32,85083.11,0.0
2024-12-09,244.51,244.51,244.51,244.51,4844.02,0.0
2024-12-10,247.51,247.51,247.51,247.51,118364.4,0.0
2024-12-11,247.87,247.87,247.87,247.87,203486.15,0.0
2024-12-12,247.95,247.95,247.95,247.95,102920.96,0.0
2024-12-13,249.63,249.63,249.63,249.63,83036.28,0.0
2024-12-16,251.43,251.43,251.43,251.43,85920.6,0.0
2024-12-17,250.87,250.87,250.87,250.87,80471.1,0.0
2024-12-18,249.37,249.37,249.37,249.37,68216.35,0.0
2024-12-19,249.12,249.12,249.12,249.12,113419.3,0.0
2024-12-20,251.3,251.3,251.3,251.3,85250.73,0.0
2024-12-23,251.34,251.34,251.34,251.34,77952.32,0.0
2024-12-24,249.61,249.61,249.61,249.61,68541.25,0.0
2024-12-25,248.89,248.89,248.89,248.89,71890.08,0.0
2024-12-26,249.93,249.93,249.93,249.93,58726.12,0.0
2024-12-27,251.78,251.78,251.78,251.78,48573.74,0.0
2024-12-30,251.46,251.46,251.46,251.46,53610.11,0.0
2024-12-31,253.28,253.28,253.28,253.28,25599.0,0.0
2025-01-02,256.61,256.61,256.61,256.61,77919.66,0.0
2025-01-03,256.29,256.29,256.29,256.29,87693.33,0.0
2025-01-06,257.11,257.11,257.11,257.11,151471.82,0.0
2025-01-07,255.82,255.82,255.82,255.82,75398.39,0.0
2025-01-08,255.52,255.52,255.52,255.52,85039.58,0.0
2025-01-09,254.26,254.26,254.26,254.26,56325.21,0.0
2025-01-10,254.96,254.96,254.96,254.96,69563.01,0.0
2025-01-13,254.06,254.06,254.06,254.06,89771.27,0.0
2025-01-14,255.4,255.4,255.4,255.4,54011.33,0.0
2025-01-15,256.03,256.03,256.03,256.03,65347.72,0.0
2025-01-16,255.81,255.81,255.81,255.81,54597.81,0.0
2025-01-17,255.12,255.12,255.12,255.12,50108.9,0.0
2025-01-20,254.24,254.24,254.24,254.24,46061.77,0.0
2025-01-21,255.67,255.67,255.67,255.67,38948.21,0.0
2025-01-22,255.67,255.67,255.67,255.67,52156.96,0.0
2025-01-23,255.56,255.56,255.56,255.56,47298.8,0.0
2025-01-24,255.82,255.82,255.82,255.82,35122.16,0.0
2025-01-26,255.75,255.75,255.75,255.75,909.5,0.0
2025-01-27,257.28,257.28,257.28,257.28,8516.92,0.0
2025-02-05,258.68,258.68,258.68,258.68,15301.49,0.0
2025-02-06,259.7,259.7,259.7,259.7,46797.89,0.0
2025-02-07,259.53,259.53,259.53,259.53,69248.87,0.0
2025-02-08,259.31,259.31,259.31,259.31,2335.62,0.0
2025-02-10,258.27,258.27,258.27,258.27,49972.53,0.0
2025-02-11,258.87,258.87,258.87,258.87,58914.8,0.0
2025-02-12,259.11,259.11,259.11,259.11,91151.44,0.0
2025-02-13,259.08,259.08,259.08,259.08,64346.61,0.0
2025-02-14,258.19,258.19,258.19,258.19,55291.13,0.0
2025-02-17,256.21,256.21,256.21,256.21,72883.13,0.0
2025-02-18,255.62,255.62,255.62,255.62,92963.79,0.0
2025-02-19,256.22,256.22,256.22,256.22,106873.44,0.0
2025-02-20,254.83,254.83,254.83,254.83,85435.64,0.0
2025-02-21,253.14,253.14,253.14,253.14,73768.0,0.0
2025-02-24,251.41,251.41,251.41,251.41,105106.22,0.0
2025-02-25,252.33,252.33,252.33,252.33,109184.13,0.0
2025-02-26,252.47,252.47,252.47,252.47,127757.02,0.0
2025-02-27,251.63,251.63,251.63,251.63,81317.92,0.0
2025-02-28,252.92,252.92,252.92,252.92,62434.63,0.0
2025-03-03,254.09,254.09,254.09,254.09,97553.68,0.0
2025-03-04,253.82,253.82,253.82,253.82,72464.54,0.0
2025-03-05,254.35,254.35,254.35,254.35,70276.04,0.0
2025-03-06,252.54,252.54,252.54,252.54,68323.76,0.0
2025-03-07,249.94,249.94,249.94,249.94,92377.16,0.0
2025-03-10,249.52,249.52,249.52,249.52,119000.54,0.0
2025-03-11,246.74,246.74,246.74,246.74,85178.04,0.0
2025-03-12,247.74,247.74,247.74,247.74,113761.14,0.0
2025-03-13,247.24,247.24,247.24,247.24,125947.38,0.0
2025-03-14,247.11,247.11,247.11,247.11,94565.3,0.0
2025-03-17,243.34,243.34,243.34,243.34,92884.96,0.0
2025-03-18,243.35,243.35,243.35,243.35,94165.51,0.0
2025-03-19,243.8,243.8,243.8,243.8,124548.76,0.0
2025-03-20,246.5,246.5,246.5,246.5,82436.67,0.0
2025-03-21,246.06,246.06,246.06,246.06,92723.59,0.0
2025-03-24,246.75,246.75,246.75,246.75,90783.48,0.0
2025-03-25,247.86,247.86,247.86,247.86,86963.35,0.0
2025-03-26,249.19,249.19,249.19,249.19,83534.22,0.0
2025-03-27,249.07,249.07,249.07,249.07,101319.4,0.0
2025-03-28,248.39,248.39,248.39,248.39,96199.16,0.0
2025-03-31,248.47,248.47,248.47,248.47,73254.4,0.0
2025-04-01,248.71,248.71,248.71,248.71,85389.71,0.0
2025-04-02,250.69,250.69,250.69,250.69,66357.52,0.0
2025-04-03,254.41,254.41,254.41,254.41,99046.66,0.0
2025-04-07,258.68,258.68,258.68,258.68,133026.47,0.0
2025-04-08,257.17,257.17,257.17,257.17,131334.63,0.0
2025-04-09,257.7,257.7,257.7,257.7,113310.57,0.0
2025-04-10,257.04,257.04,257.04,257.04,134178.45,0.0
2025-04-11,256.68,256.68,256.68,256.68,112716.66,0.0
2025-04-14,256.9,256.9,256.9,256.9,96157.19,0.0
2025-04-15,257.01,257.01,257.01,257.01,72767.17,0.0
2025-04-16,257.19,257.19,257.19,257.19,95479.74,0.0
2025-04-17,256.08,256.08,256.08,256.08,125498.45,0.0
2025-04-18,256.28,256.28,256.28,256.28,96129.31,0.0
2025-04-21,255.5,255.5,255.5,255.5,97953.23,0.0
2025-04-22,256.54,256.54,256.54,256.54,73902.4,0.0
2025-04-23,255.61,255.61,255.61,255.61,91667.7,0.0
2025-04-24,255.87,255.87,255.87,255.87,84192.97,0.0
2025-04-25,256.31,256.31,256.31,256.31,98469.4,0.0
2025-04-27,256.27,256.27,256.27,256.27,1760.0,0.0
2025-04-28,257.57,257.57,257.57,257.57,70109.12,0.0
2025-04-29,259.02,259.02,259.02,259.02,70305.58,0.0
2025-04-30,258.88,258.88,258.88,258.88,79905.75,0.0
2025-05-06,258.91,258.91,258.91,258.91,79866.46,0.0
2025-05-07,257.68,257.68,257.68,257.68,66227.73,0.0
2025-05-08,258.25,258.25,258.25,258.25,142729.8,0.0
2025-05-09,258.15,258.15,258.15,258.15,73223.84,0.0
2025-05-12,254.78,254.78,254.78,254.78,71684.44,0.0
2025-05-13,255.75,255.75,255.75,255.75,173441.58,0.0
2025-05-14,255.48,255.48,255.48,255.48,182013.74,0.0
2025-05-15,255.44,255.44,255.44,255.44,96635.39,0.0
2025-05-16,255.38,255.38,255.38,255.38,78159.74,0.0
2025-05-19,256.32,256.32,256.32,256.32,85005.08,0.0
2025-05-20,256.2,256.2,256.2,256.2,92337.0,0.0
2025-05-21,255.75,255.75,255.75,255.75,88678.0,0.0
2025-05-22,255.7,255.7,255.7,255.7,78853.42,0.0
2025-05-23,255.53,255.53,255.53,255.53,78395.94,0.0
2025-05-26,255.81,255.81,255.81,255.81,187279.81,0.0
2025-05-27,255.34,255.34,255.34,255.34,60232.84,0.0
2025-05-28,255.02,255.02,255.02,255.02,61829.19,0.0
2025-05-29,254.24,254.24,254.24,254.24,88535.91,0.0
2025-05-30,255.28,255.28,255.28,255.28,96792.44,0.0
2025-06-03,255.39,255.39,255.39,255.39,86848.59,0.0
2025-06-04,255.59,255.59,255.59,255.59,65386.17,0.0
2025-06-05,255.55,255.55,255.55,255.55,85854.73,0.0
2025-06-06,256.31,256.31,256.31,256.31,89834.16,0.0
2025-06-09,256.67,256.67,256.67,256.67,90931.8,0.0
2025-06-10,256.8,256.8,256.8,256.8,93103.67,0.0
2025-06-11,257.51,257.51,257.51,257.51,172075.99,0.0
2025-06-12,257.64,257.64,257.64,257.64,125097.45,0.0
2025-06-13,257.58,257.58,257.58,257.58,99780.21,0.0
2025-06-16,257.84,257.84,257.84,257.84,86274.54,0.0
2025-06-17,258.45,258.45,258.45,258.45,84228.41,0.0
2025-06-18,258.81,258.81,258.81,258.81,136055.1,0.0
2025-06-19,259.21,259.21,259.21,259.21,113082.56,0.0
2025-06-20,259.48,259.48,259.48,259.48,126096.44,0.0
2025-06-23,259.5,259.5,259.5,259.5,99888.9,0.0
2025-06-24,258.81,258.81,258.81,258.81,95690.34,0.0
2025-06-25,258.02,258.02,258.02,258.02,126758.56,0.0
2025-06-26,258.44,258.44,258.44,258.44,150619.81,0.0
2025-06-27,258.63,258.63,258.63,258.63,233327.14,0.0
2025-06-30,258.03,258.03,258.03,258.03,90484.74,0.0
2025-07-01,258.75,258.75,258.75,258.75,132290.91,0.0
2025-07-02,259.39,259.39,259.39,259.39,111642.01,0.0
2025-07-03,259.37,259.37,259.37,259.37,140983.55,0.0
2025-07-04,259.53,259.53,259.53,259.53,108541.4,0.0
2025-07-07,259.6,259.6,259.6,259.6,91171.11,0.0
2025-07-08,259.12,259.12,259.12,259.12,78953.05,0.0
2025-07-09,259.21,259.21,259.21,259.21,110639.17,0.0
2025-07-10,258.44,258.44,258.44,258.44,109548.58,0.0
2025-07-11,258.38,258.38,258.38,258.38,161342.82,0.0
2025-07-14,257.85,257.85,257.85,257.85,163115.9,0.0
2025-07-15,259.05,259.05,259.05,259.05,132573.98,0.0
2025-07-16,258.98,258.98,258.98,258.98,126553.8,0.0
2025-07-17,258.92,258.92,258.92,258.92,87786.45,0.0
2025-07-18,258.6,258.6,258.6,258.6,78047.72,0.0
2025-07-21,257.53,257.53,257.53,257.53,92434.66,0.0
2025-07-22,256.53,256.53,256.53,256.53,125923.98,0.0
2025-07-23,256.12,256.12,256.12,256.12,172940.27,0.0
2025-07-24,254.27,254.27,254.27,254.27,188956.94,0.0
2025-07-25,254.18,254.18,254.18,254.18,204627.91,0.0
2025-07-28,255.3,255.3,255.3,255.3,165872.37,0.0
2025-07-29,253.24,253.24,253.24,253.24,122492.25,0.0
2025-07-30,254.94,254.94,254.94,254.94,133988.62,0.0
2025-07-31,255.78,255.78,255.78,255.78,162143.38,0.0
2025-08-01,255.87,255.87,255.87,255.87,180539.25,0.0
2025-08-04,256.44,256.44,256.44,256.44,170425.14,0.0
2025-08-05,256.24,256.24,256.24,256.24,179962.71,0.0
2025-08-06,256.32,256.32,256.32,256.32,149693.77,0.0
2025-08-07,256.55,256.55,256.55,256.55,95117.1,0.0
2025-08-08,256.25,256.25,256.25,256.25,118958.83,0.0
2025-08-11,254.44,254.44,254.44,254.44,120984.76,0.0
2025-08-12,253.33,253.33,253.33,253.33,165027.01,0.0
2025-08-13,253.35,253.35,253.35,253.35,267318.01,0.0
2025-08-14,252.67,252.67,252.67,252.67,186478.45,0.0
2025-08-15,251.72,251.72,251.72,251.72,188952.24,0.0
2025-08-18,248.47,248.47,248.47,248.47,201980.54,0.0
2025-08-19,249.26,249.26,249.26,249.26,200433.45,0.0
2025-08-20,248.83,248.83,248.83,248.83,168266.06,0.0
2025-08-21,250.07,250.07,250.07,250.07,165529.96,0.0
2025-08-22,249.67,249.67,249.67,249.67,168157.39,0.0
2025-08-25,251.09,251.09,251.09,251.09,187595.7,0.0
2025-08-26,251.99,251.99,251.99,251.99,158823.4,0.0
2025-08-27,251.74,251.74,251.74,251.74,157584.78,0.0
2025-08-28,250.19,250.19,250.19,250.19,149657.32,0.0
2025-08-29,250.2,250.2,250.2,250.2,142635.69,0.0
2025-09-01,250.73,250.73,250.73,250.73,133514.29,0.0
2025-09-02,250.7,250.7,250.7,250.7,115594.11,0.0
2025-09-03,252.11,252.11,252.11,252.11,141101.58,0.0
2025-09-04,251.85,251.85,251.85,251.85,175480.64,0.0
2025-09-05,250.56,250.56,250.56,250.56,211044.63,0.0
2025-09-08,249.16,249.16,249.16,249.16,171823.77,0.0
2025-09-09,248.17,248.17,248.17,248.17,140327.45,0.0
2025-09-10,246.45,246.45,246.45,246.45,298413.6,0.0
2025-09-11,246.21,246.21,246.21,246.21,176972.06,0.0
2025-09-12,246.97,246.97,246.97,246.97,182180.66,0.0
2025-09-15,246.97,246.97,246.97,246.97,152919.64,0.0
2025-09-16,247.63,247.63,247.63,247.63,146982.48,0.0
2025-09-17,248.69,248.69,248.69,248.69,181784.41,0.0
2025-09-18,247.95,247.95,247.95,247.95,199481.43,0.0
2025-09-19,246.2,246.2,246.2,246.2,134836.76,0.0
2025-09-22,246.6,246.6,246.6,246.6,179497.41,0.0
2025-09-23,245.38,245.38,245.38,245.38,118417.71,0.0
2025-09-24,244.11,244.11,244.11,244.11,229764.01,0.0
2025-09-25,244.48,244.48,244.48,244.48,144544.89,0.0
2025-09-26,244.63,244.63,244.63,244.63,183589.9,0.0
2025-09-28,244.61,244.61,244.61,244.61,5680.0,0.0
2025-09-29,243.67,243.67,243.67,243.67,125927.67,0.0
2025-09-30,244.2,244.2,244.2,244.2,82626.06,0.0
2025-10-09,244.76,244.76,244.76,244.76,107255.5,0.0
2025-10-10,244.03,244.03,244.03,244.03,92945.73,0.0
2025-10-11,246.28,246.28,246.28,246.28,4594.88,0.0
2025-10-13,244.68,244.68,244.68,244.68,145418.39,0.0
2025-10-14,245.01,245.01,245.01,245.01,136867.81,0.0
2025-10-15,244.91,244.91,244.91,244.91,145392.06,0.0
2025-10-16,245.79,245.79,245.79,245.79,134073.79,0.0
2025-10-17,247.57,247.57,247.57,247.57,159570.39,0.0
2025-10-20,246.85,246.85,246.85,246.85,183558.8,0.0
2025-10-21,247.55,247.55,247.55,247.55,105212.14,0.0
2025-10-22,247.6,247.6,247.6,247.6,172940.19,0.0
2025-10-23,246.97,246.97,246.97,246.97,157417.63,0.0
2025-10-24,246.39,246.39,246.39,246.39,124269.53,0.0
2025-10-27,246.83,246.83,246.83,246.83,108560.66,0.0
2025-10-28,248.22,248.22,248.22,248.22,169508.69,0.0
2025-10-29,247.83,247.83,247.83,247.83,157694.57,0.0
2025-10-30,248.32,248.32,248.32,248.32,125762.07,0.0
2025-10-31,249.71,249.71,249.71,249.71,125134.54,0.0
2025-11-03,249.77,249.77,249.77,249.77,170368.03,0.0
2025-11-04,249.71,249.71,249.71,249.71,104480.77,0.0
2025-11-05,249.8,249.8,249.8,249.8,109646.33,0.0
2025-11-06,248.67,248.67,248.67,248.67,139876.24,0.0
2025-11-07,248.76,248.76,248.76,248.76,148950.6,0.0
2025-11-10,248.99,248.99,248.99,248.99,121590.88,0.0
2025-11-11,249.13,249.13,249.13,249.13,113457.97,0.0
2025-11-12,249.42,249.42,249.42,249.42,120531.71,0.0
2025-11-13,249.04,249.04,249.04,249.04,101365.83,0.0
2025-11-14,248.99,248.99,248.99,248.99,96020.1,0.0
2025-11-17,249.39,249.39,249.39,249.39,86023.24,0.0
2025-11-18,249.53,249.53,249.53,249.53,80901.15,0.0
2025-11-19,248.97,248.97,248.97,248.97,170087.54,0.0
2025-11-20,248.68,248.68,248.68,248.68,116078.72,0.0
2025-11-21,248.06,248.06,248.06,248.06,121511.62,0.0
2025-11-24,248.09,248.09,248.09,248.09,122026.62,0.0
2025-11-25,247.18,247.18,247.18,247.18,90561.7,0.0
2025-11-26,246.14,246.14,246.14,246.14,135046.89,0.0
2025-11-27,245.62,245.62,245.62,245.62,160568.32,0.0
2025-11-28,246.08,246.08,246.08,246.08,111716.66,0.0
2025-12-01,245.95,245.95,245.95,245.95,130986.85,0.0
2025-12-02,244.84,244.84,244.84,244.84,84249.72,0.0
2025-12-03,243.38,243.38,243.38,243.38,135771.36,0.0
2025-12-04,241.22,241.22,241.22,241.22,145500.36,0.0
2025-12-05,241.57,241.57,241.57,241.57,194740.07,0.0
2025-12-08,241.07,241.07,241.07,241.07,179224.46,0.0
2025-12-09,242.03,242.03,242.03,242.03,162553.22,0.0
2025-12-10,242.72,242.72,242.72,242.72,220714.29,0.0
2025-12-11,243.66,243.66,243.66,243.66,172466.75,0.0
2025-12-12,242.03,242.03,242.03,242.03,153906.16,0.0
2025-12-15,240.29,240.29,240.29,240.29,196170.5,0.0
2025-12-16,240.26,240.26,240.26,240.26,160313.97,0.0
2025-12-17,241.89,241.89,241.89,241.89,149453.43,0.0
2025-12-18,241.73,241.73,241.73,241.73,185745.58,0.0
2025-12-19,242.66,242.66,242.66,242.66,164826.62,0.0
2025-12-22,241.85,241.85,241.85,241.85,150010.76,0.0
2025-12-23,243.01,243.01,243.01,243.01,141433.69,0.0
2025-12-24,243.49,243.49,243.49,243.49,170332.57,0.0
2025-12-25,243.15,243.15,243.15,243.15,130675.81,0.0
2025-12-26,243.3,243.3,243.3,243.3,98885.0,0.0
2025-12-29,241.1,241.1,241.1,241.1,79801.14,0.0
2025-12-30,240.86,240.86,240.86,240.86,118650.4,0.0
2025-12-31,240.87,240.87,240.87,240.87,83469.82,0.0
2026-01-04,241.44,241.44,241.44,241.44,5650.0,0.0
2026-01-05,240.14,240.14,240.14,240.14,136882.22,0.0
2026-01-06,238.8,238.8,238.8,238.8,112838.91,0.0
2026-01-07,237.6,237.6,237.6,237.6,160957.98,0.0
2026-01-08,238.38,238.38,238.38,238.38,38712.13,0.0
2026-01-09,238.95,238.95,238.95,238.95,166727.76,0.0
2026-01-12,239.83,239.83,239.83,239.83,120493.45,0.0
2026-01-13,239.97,239.97,239.97,239.97,126436.65,0.0
2026-01-14,239.67,239.67,239.67,239.67,110135.4,0.0
2026-01-15,239.68,239.68,239.68,239.68,166733.11,0.0
2026-01-16,239.6,239.6,239.6,239.6,147737.07,0.0
2026-01-19,239.47,239.47,239.47,239.47,102692.88,0.0
2026-01-20,240.71,240.71,240.71,240.71,90029.79,0.0
2026-01-21,242.05,242.05,242.05,242.05,192019.63,0.0
2026-01-22,241.95,241.95,241.95,241.95,172500.17,0.0
2026-01-23,242.52,242.52,242.52,242.52,127518.51,0.0
2026-01-26,242.97,242.97,242.97,242.97,140503.55,0.0
2026-01-27,242.04,242.04,242.04,242.04,113855.57,0.0
2026-01-28,242.41,242.41,242.41,242.41,147041.92,0.0
2026-01-29,242.16,242.16,242.16,242.16,124627.47,0.0
2026-01-30,241.91,241.91,241.91,241.91,109844.68,0.0
2026-02-02,242.12,242.12,242.12,242.12,143839.94,0.0