date,open,high,low,close,amount,volume
2008-01-02,100.22,100.22,100.22,100.22,950.0,0.0
2008-01-03,100.25,100.25,100.25,100.25,960.0,0.0
2008-01-04,100.34,100.34,100.34,100.34,460.0,0.0
2008-01-07,100.45,100.45,100.45,100.45,340.0,0.0
2008-01-08,100.55,100.55,100.55,100.55,0.0,0.0
2008-01-09,100.51,100.51,100.51,100.51,1980.0,0.0
2008-01-10,100.44,100.44,100.44,100.44,2130.0,0.0
2008-01-11,100.52,100.52,100.52,100.52,2630.0,0.0
2008-01-14,100.58,100.58,100.58,100.58,200.0,0.0
2008-01-15,100.61,100.61,100.61,100.61,1580.0,0.0
2008-01-16,100.65,100.65,100.65,100.65,320.0,0.0
2008-01-17,100.63,100.63,100.63,100.63,290.0,0.0
2008-01-18,100.71,100.71,100.71,100.71,120.0,0.0
2008-01-21,100.82,100.82,100.82,100.82,1630.0,0.0
2008-01-22,100.89,100.89,100.89,100.89,340.0,0.0
2008-01-23,101.37,101.37,101.37,101.37,710.0,0.0
2008-01-24,101.77,101.77,101.77,101.77,780.0,0.0
2008-01-25,101.85,101.85,101.85,101.85,2690.0,0.0
2008-01-28,101.94,101.94,101.94,101.94,460.0,0.0
2008-01-29,101.87,101.87,101.87,101.87,630.0,0.0
2008-01-30,101.91,101.91,101.91,101.91,2230.0,0.0
2008-01-31,102.34,102.34,102.34,102.34,1040.0,0.0
2008-02-01,102.94,102.94,102.94,102.94,1310.0,0.0
2008-02-02,102.91,102.91,102.91,102.91,180.0,0.0
2008-02-03,102.95,102.95,102.95,102.95,20.0,0.0
2008-02-04,102.97,102.97,102.97,102.97,40.0,0.0
2008-02-05,102.91,102.91,102.91,102.91,0.0,0.0
2008-02-13,102.92,102.92,102.92,102.92,750.0,0.0
2008-02-14,102.94,102.94,102.94,102.94,160.0,0.0
2008-02-15,102.83,102.83,102.83,102.83,80.0,0.0
2008-02-18,102.74,102.74,102.74,102.74,160.0,0.0
2008-02-19,102.62,102.62,102.62,102.62,0.0,0.0
2008-02-20,102.92,102.92,102.92,102.92,420.0,0.0
2008-02-21,102.93,102.93,102.93,102.93,190.0,0.0
2008-02-22,103.02,103.02,103.02,103.02,100.0,0.0
2008-02-25,103.08,103.08,103.08,103.08,0.0,0.0
2008-02-26,103.14,103.14,103.14,103.14,1100.0,0.0
2008-02-27,103.11,103.11,103.11,103.11,1030.0,0.0
2008-02-28,103.22,103.22,103.22,103.22,200.0,0.0
2008-02-29,103.2,103.2,103.2,103.2,100.0,0.0
2008-03-03,103.21,103.21,103.21,103.21,200.0,0.0
2008-03-04,103.07,103.07,103.07,103.07,1720.0,0.0
2008-03-05,103.03,103.03,103.03,103.03,990.0,0.0
2008-03-06,103.0,103.0,103.0,103.0,470.0,0.0
2008-03-07,103.03,103.03,103.03,103.03,175.0,0.0
2008-03-10,103.03,103.03,103.03,103.03,240.0,0.0
2008-03-11,102.95,102.95,102.95,102.95,300.0,0.0
2008-03-12,103.04,103.04,103.04,103.04,1430.0,0.0
2008-03-13,103.2,103.2,103.2,103.2,0.0,0.0
2008-03-14,103.32,103.32,103.32,103.32,125.0,0.0
2008-03-17,103.33,103.33,103.33,103.33,330.0,0.0
2008-03-18,103.43,103.43,103.43,103.43,0.0,0.0
2008-03-19,103.74,103.74,103.74,103.74,1010.0,0.0
2008-03-20,103.65,103.65,103.65,103.65,0.0,0.0
2008-03-21,103.77,103.77,103.77,103.77,30.0,0.0
2008-03-24,103.9,103.9,103.9,103.9,60.0,0.0
2008-03-25,104.17,104.17,104.17,104.17,650.0,0.0
2008-03-26,104.25,104.25,104.25,104.25,1680.0,0.0
2008-03-27,104.47,104.47,104.47,104.47,880.0,0.0
2008-03-28,104.42,104.42,104.42,104.42,2570.0,0.0
2008-03-31,104.34,104.34,104.34,104.34,280.0,0.0
2008-04-01,104.3,104.3,104.3,104.3,420.0,0.0
2008-04-02,104.3,104.3,104.3,104.3,1200.0,0.0
2008-04-03,104.28,104.28,104.28,104.28,710.0,0.0
2008-04-07,104.4,104.4,104.4,104.4,310.0,0.0
2008-04-08,104.42,104.42,104.42,104.42,390.0,0.0
2008-04-09,104.38,104.38,104.38,104.38,430.0,0.0
2008-04-10,104.44,104.44,104.44,104.44,200.0,0.0
2008-04-11,104.43,104.43,104.43,104.43,560.0,0.0
2008-04-14,104.52,104.52,104.52,104.52,130.0,0.0
2008-04-15,104.55,104.55,104.55,104.55,410.0,0.0
2008-04-16,104.55,104.55,104.55,104.55,1330.0,0.0
2008-04-17,104.59,104.59,104.59,104.59,320.0,0.0
2008-04-18,104.69,104.69,104.69,104.69,120.0,0.0
2008-04-21,104.75,104.75,104.75,104.75,675.0,0.0
2008-04-22,104.78,104.78,104.78,104.78,1680.0,0.0
2008-04-23,104.77,104.77,104.77,104.77,1000.0,0.0
2008-04-24,104.56,104.56,104.56,104.56,1130.0,0.0
2008-04-25,104.59,104.59,104.59,104.59,230.0,0.0
2008-04-28,104.55,104.55,104.55,104.55,490.0,0.0
2008-04-29,104.41,104.41,104.41,104.41,250.0,0.0
2008-04-30,104.38,104.38,104.38,104.38,0.0,0.0
2008-05-04,104.52,104.52,104.52,104.52,450.0,0.0
2008-05-05,104.53,104.53,104.53,104.53,200.0,0.0
2008-05-06,104.6,104.6,104.6,104.6,540.0,0.0
2008-05-07,103.98,103.98,103.98,103.98,3130.0,0.0
2008-05-08,104.14,104.14,104.14,104.14,3210.0,0.0
2008-05-09,104.12,104.12,104.12,104.12,3550.0,0.0
2008-05-12,104.13,104.13,104.13,104.13,3930.0,0.0
2008-05-13,104.08,104.08,104.08,104.08,220.0,0.0
2008-05-14,104.02,104.02,104.02,104.02,30.0,0.0
2008-05-15,103.99,103.99,103.99,103.99,200.0,0.0
2008-05-16,103.93,103.93,103.93,103.93,130.0,0.0
2008-05-19,103.88,103.88,103.88,103.88,400.0,0.0
2008-05-20,103.88,103.88,103.88,103.88,30.0,0.0
2008-05-21,103.94,103.94,103.94,103.94,180.0,0.0
2008-05-22,104.0,104.0,104.0,104.0,0.0,0.0
2008-05-23,104.03,104.03,104.03,104.03,0.0,0.0
2008-05-26,104.08,104.08,104.08,104.08,300.0,0.0
2008-05-27,104.03,104.03,104.03,104.03,0.0,0.0
2008-05-28,104.06,104.06,104.06,104.06,750.0,0.0
2008-05-29,104.09,104.09,104.09,104.09,390.0,0.0
2008-05-30,104.12,104.12,104.12,104.12,290.0,0.0
2008-06-02,104.15,104.15,104.15,104.15,300.0,0.0
2008-06-03,104.23,104.23,104.23,104.23,1010.0,0.0
2008-06-04,104.18,104.18,104.18,104.18,30.0,0.0
2008-06-05,104.19,104.19,104.19,104.19,500.0,0.0
2008-06-06,104.19,104.19,104.19,104.19,100.0,0.0
2008-06-10,103.87,103.87,103.87,103.87,200.0,0.0
2008-06-11,103.09,103.09,103.09,103.09,300.0,0.0
2008-06-12,103.26,103.26,103.26,103.26,500.0,0.0
2008-06-13,103.25,103.25,103.25,103.25,120.0,0.0
2008-06-16,103.27,103.27,103.27,103.27,300.0,0.0
2008-06-17,103.16,103.16,103.16,103.16,100.0,0.0
2008-06-18,103.18,103.18,103.18,103.18,300.0,0.0
2008-06-19,103.17,103.17,103.17,103.17,0.0,0.0
2008-06-20,102.54,102.54,102.54,102.54,0.0,0.0
2008-06-23,102.37,102.37,102.37,102.37,1340.0,0.0
2008-06-24,102.39,102.39,102.39,102.39,220.0,0.0
2008-06-25,102.49,102.49,102.49,102.49,465.0,0.0
2008-06-26,102.1,102.1,102.1,102.1,1560.0,0.0
2008-06-27,101.77,101.77,101.77,101.77,1000.0,0.0
2008-06-30,101.89,101.89,101.89,101.89,640.0,0.0
2008-07-01,101.87,101.87,101.87,101.87,1435.0,0.0
2008-07-02,101.68,101.68,101.68,101.68,720.0,0.0
2008-07-03,101.87,101.87,101.87,101.87,1490.0,0.0
2008-07-04,101.83,101.83,101.83,101.83,900.0,0.0
2008-07-07,101.92,101.92,101.92,101.92,910.0,0.0
2008-07-08,101.92,101.92,101.92,101.92,280.0,0.0
2008-07-09,102.18,102.18,102.18,102.18,1680.0,0.0
2008-07-10,102.38,102.38,102.38,102.38,1850.0,0.0
2008-07-11,102.57,102.57,102.57,102.57,360.0,0.0
2008-07-14,102.69,102.69,102.69,102.69,2100.0,0.0
2008-07-15,102.7,102.7,102.7,102.7,1800.0,0.0
2008-07-16,102.84,102.84,102.84,102.84,1620.0,0.0
2008-07-17,102.74,102.74,102.74,102.74,1771.4,0.0
2008-07-18,102.77,102.77,102.77,102.77,1820.0,0.0
2008-07-21,103.01,103.01,103.01,103.01,2310.0,0.0
2008-07-22,102.84,102.84,102.84,102.84,1780.0,0.0
2008-07-23,102.85,102.85,102.85,102.85,1910.0,0.0
2008-07-24,102.82,102.82,102.82,102.82,1755.7,0.0
2008-07-25,102.79,102.79,102.79,102.79,1540.0,0.0
2008-07-28,102.86,102.86,102.86,102.86,1850.0,0.0
2008-07-29,102.89,102.89,102.89,102.89,2520.0,0.0
2008-07-30,102.88,102.88,102.88,102.88,2020.0,0.0
2008-07-31,102.9,102.9,102.9,102.9,1600.0,0.0
2008-08-01,102.77,102.77,102.77,102.77,1610.0,0.0
2008-08-04,102.77,102.77,102.77,102.77,1990.0,0.0
2008-08-05,102.87,102.87,102.87,102.87,130.0,0.0
2008-08-06,102.93,102.93,102.93,102.93,250.0,0.0
2008-08-07,102.66,102.66,102.66,102.66,0.0,0.0
2008-08-08,102.8,102.8,102.8,102.8,0.0,0.0
2008-08-11,102.51,102.51,102.51,102.51,300.0,0.0
2008-08-12,102.63,102.63,102.63,102.63,50.0,0.0
2008-08-13,102.75,102.75,102.75,102.75,350.0,0.0
2008-08-14,102.83,102.83,102.83,102.83,130.0,0.0
2008-08-15,103.33,103.33,103.33,103.33,200.0,0.0
2008-08-18,103.43,103.43,103.43,103.43,440.0,0.0
2008-08-19,103.38,103.38,103.38,103.38,0.0,0.0
2008-08-20,103.49,103.49,103.49,103.49,110.0,0.0
2008-08-21,103.6,103.6,103.6,103.6,80.0,0.0
2008-08-22,103.81,103.81,103.81,103.81,180.0,0.0
2008-08-25,103.76,103.76,103.76,103.76,410.0,0.0
2008-08-26,103.9,103.9,103.9,103.9,40.0,0.0
2008-08-27,104.18,104.18,104.18,104.18,170.0,0.0
2008-08-28,104.5,104.5,104.5,104.5,330.0,0.0
2008-08-29,104.81,104.81,104.81,104.81,60.0,0.0
2008-09-01,105.41,105.41,105.41,105.41,550.0,0.0
2008-09-02,105.35,105.35,105.35,105.35,140.0,0.0
2008-09-03,105.51,105.51,105.51,105.51,310.0,0.0
2008-09-04,105.43,105.43,105.43,105.43,241.0,0.0
2008-09-05,105.42,105.42,105.42,105.42,690.0,0.0
2008-09-08,105.31,105.31,105.31,105.31,910.0,0.0
2008-09-09,105.55,105.55,105.55,105.55,1785.0,0.0
2008-09-10,106.01,106.01,106.01,106.01,1320.0,0.0
2008-09-11,106.17,106.17,106.17,106.17,291.0,0.0
2008-09-12,106.75,106.75,106.75,106.75,245.0,0.0
2008-09-16,108.4,108.4,108.4,108.4,740.0,0.0
2008-09-17,109.03,109.03,109.03,109.03,116.0,0.0
2008-09-18,109.03,109.03,109.03,109.03,570.0,0.0
2008-09-19,108.9,108.9,108.9,108.9,680.0,0.0
2008-09-22,108.58,108.58,108.58,108.58,40.0,0.0
2008-09-23,108.44,108.44,108.44,108.44,700.0,0.0
2008-09-24,108.54,108.54,108.54,108.54,185.0,0.0
2008-09-25,108.64,108.64,108.64,108.64,140.0,0.0
2008-09-26,108.75,108.75,108.75,108.75,320.0,0.0
2008-09-27,108.8,108.8,108.8,108.8,170.0,0.0
2008-09-28,108.92,108.92,108.92,108.92,440.0,0.0
2008-10-06,109.18,109.18,109.18,109.18,960.0,0.0
2008-10-07,110.42,110.42,110.42,110.42,2942.0,0.0
2008-10-08,111.67,111.67,111.67,111.67,4400.0,0.0
2008-10-09,113.7,113.7,113.7,113.7,2580.0,0.0
2008-10-10,114.18,114.18,114.18,114.18,2359.0,0.0
2008-10-13,113.73,113.73,113.73,113.73,1470.0,0.0
2008-10-14,113.59,113.59,113.59,113.59,980.0,0.0
2008-10-15,113.83,113.83,113.83,113.83,1620.0,0.0
2008-10-16,113.63,113.63,113.63,113.63,1060.0,0.0
2008-10-17,113.38,113.38,113.38,113.38,1910.0,0.0
2008-10-20,113.41,113.41,113.41,113.41,1420.0,0.0
2008-10-21,113.53,113.53,113.53,113.53,1120.0,0.0
2008-10-22,113.33,113.33,113.33,113.33,1800.0,0.0
2008-10-23,113.43,113.43,113.43,113.43,820.0,0.0
2008-10-24,113.45,113.45,113.45,113.45,1550.0,0.0
2008-10-27,113.64,113.64,113.64,113.64,290.0,0.0
2008-10-28,114.26,114.26,114.26,114.26,550.0,0.0
2008-10-29,114.38,114.38,114.38,114.38,1790.0,0.0
2008-10-30,114.65,114.65,114.65,114.65,2970.0,0.0
2008-10-31,114.59,114.59,114.59,114.59,450.0,0.0
2008-11-03,114.83,114.83,114.83,114.83,3220.0,0.0
2008-11-04,114.86,114.86,114.86,114.86,608.0,0.0
2008-11-05,114.94,114.94,114.94,114.94,2760.0,0.0
2008-11-06,115.1,115.1,115.1,115.1,530.0,0.0
2008-11-07,115.43,115.43,115.43,115.43,2310.0,0.0
2008-11-10,116.52,116.52,116.52,116.52,2450.0,0.0
2008-11-11,116.46,116.46,116.46,116.46,1290.0,0.0
2008-11-12,116.69,116.69,116.69,116.69,1042.0,0.0
2008-11-13,117.05,117.05,117.05,117.05,2940.0,0.0
2008-11-14,116.3,116.3,116.3,116.3,1220.0,0.0
2008-11-17,115.97,115.97,115.97,115.97,580.0,0.0
2008-11-18,116.21,116.21,116.21,116.21,360.0,0.0
2008-11-19,115.17,115.17,115.17,115.17,680.0,0.0
2008-11-20,115.9,115.9,115.9,115.9,3110.0,0.0
2008-11-21,116.04,116.04,116.04,116.04,1505.0,0.0
2008-11-24,115.75,115.75,115.75,115.75,1120.0,0.0
2008-11-25,115.15,115.15,115.15,115.15,440.0,0.0
2008-11-26,115.71,115.71,115.71,115.71,1400.0,0.0
2008-11-27,116.6,116.6,116.6,116.6,550.0,0.0
2008-11-28,116.35,116.35,116.35,116.35,1322.0,0.0
2008-12-01,116.09,116.09,116.09,116.09,500.0,0.0
2008-12-02,116.2,116.2,116.2,116.2,710.0,0.0
2008-12-03,116.58,116.58,116.58,116.58,4015.0,0.0
2008-12-04,116.84,116.84,116.84,116.84,1546.0,0.0
2008-12-05,117.07,117.07,117.07,117.07,540.0,0.0
2008-12-08,117.29,117.29,117.29,117.29,700.0,0.0
2008-12-09,116.69,116.69,116.69,116.69,1930.0,0.0
2008-12-10,116.66,116.66,116.66,116.66,2425.0,0.0
2008-12-11,116.71,116.71,116.71,116.71,1920.0,0.0
2008-12-12,117.44,117.44,117.44,117.44,2980.0,0.0
2008-12-15,117.79,117.79,117.79,117.79,2010.0,0.0
2008-12-16,118.06,118.06,118.06,118.06,1710.0,0.0
2008-12-17,119.57,119.57,119.57,119.57,1990.0,0.0
2008-12-18,120.01,120.01,120.01,120.01,1840.0,0.0
2008-12-19,119.94,119.94,119.94,119.94,2420.0,0.0
2008-12-22,119.91,119.91,119.91,119.91,2270.0,0.0
2008-12-23,120.0,120.0,120.0,120.0,4130.0,0.0
2008-12-24,119.89,119.89,119.89,119.89,1560.0,0.0
2008-12-25,119.88,119.88,119.88,119.88,1102.42,0.0
2008-12-26,119.75,119.75,119.75,119.75,3680.0,0.0
2008-12-29,119.72,119.72,119.72,119.72,960.0,0.0
2008-12-30,119.79,119.79,119.79,119.79,1055.0,0.0
2008-12-31,119.77,119.77,119.77,119.77,550.0,0.0
2009-01-04,120.16,120.16,120.16,120.16,360.0,0.0
2009-01-05,120.09,120.09,120.09,120.09,1785.0,0.0
2009-01-06,120.3,120.3,120.3,120.3,4981.0,0.0
2009-01-07,120.38,120.38,120.38,120.38,3018.42,0.0
2009-01-08,120.39,120.39,120.39,120.39,1620.0,0.0
2009-01-09,120.34,120.34,120.34,120.34,2800.0,0.0
2009-01-12,120.26,120.26,120.26,120.26,5210.0,0.0
2009-01-13,119.36,119.36,119.36,119.36,3420.0,0.0
2009-01-14,118.6,118.6,118.6,118.6,2220.0,0.0
2009-01-15,117.71,117.71,117.71,117.71,2560.0,0.0
2009-01-16,117.1,117.1,117.1,117.1,3270.0,0.0
2009-01-19,116.81,116.81,116.81,116.81,3980.0,0.0
2009-01-20,115.93,115.93,115.93,115.93,4780.0,0.0
2009-01-21,115.75,115.75,115.75,115.75,5840.0,0.0
2009-01-22,116.39,116.39,116.39,116.39,3020.0,0.0
2009-01-23,116.42,116.42,116.42,116.42,3360.0,0.0
2009-01-24,116.48,116.48,116.48,116.48,200.0,0.0
2009-02-01,116.64,116.64,116.64,116.64,1740.0,0.0
2009-02-02,116.05,116.05,116.05,116.05,2250.0,0.0
2009-02-03,115.74,115.74,115.74,115.74,2833.0,0.0
2009-02-04,114.94,114.94,114.94,114.94,2280.0,0.0
2009-02-05,113.99,113.99,113.99,113.99,2792.0,0.0
2009-02-06,114.77,114.77,114.77,114.77,2369.0,0.0
2009-02-09,114.87,114.87,114.87,114.87,3290.0,0.0
2009-02-10,114.88,114.88,114.88,114.88,2090.0,0.0
2009-02-11,115.61,115.61,115.61,115.61,3200.0,0.0
2009-02-12,116.3,116.3,116.3,116.3,3040.0,0.0
2009-02-13,116.26,116.26,116.26,116.26,3460.0,0.0
2009-02-16,116.21,116.21,116.21,116.21,3206.0,0.0
2009-02-17,115.6,115.6,115.6,115.6,2510.0,0.0
2009-02-18,115.97,115.97,115.97,115.97,1770.0,0.0
2009-02-19,116.23,116.23,116.23,116.23,2270.0,0.0
2009-02-20,115.97,115.97,115.97,115.97,1180.0,0.0
2009-02-23,116.18,116.18,116.18,116.18,2179.0,0.0
2009-02-24,116.19,116.19,116.19,116.19,2070.0,0.0
2009-02-25,116.19,116.19,116.19,116.19,3280.0,0.0
2009-02-26,116.35,116.35,116.35,116.35,1736.0,0.0
2009-02-27,116.17,116.17,116.17,116.17,4458.0,0.0
2009-03-02,116.21,116.21,116.21,116.21,4460.0,0.0
2009-03-03,116.12,116.12,116.12,116.12,5070.0,0.0
2009-03-04,115.98,115.98,115.98,115.98,4433.0,0.0
2009-03-05,115.62,115.62,115.62,115.62,4050.0,0.0
2009-03-06,115.65,115.65,115.65,115.65,4070.0,0.0
2009-03-09,115.86,115.86,115.86,115.86,4320.0,0.0
2009-03-10,115.99,115.99,115.99,115.99,4370.0,0.0
2009-03-11,116.23,116.23,116.23,116.23,4416.0,0.0
2009-03-12,116.24,116.24,116.24,116.24,6704.0,0.0
2009-03-13,116.16,116.16,116.16,116.16,6650.0,0.0
2009-03-16,116.32,116.32,116.32,116.32,4882.0,0.0
2009-03-17,116.55,116.55,116.55,116.55,3100.0,0.0
2009-03-18,116.53,116.53,116.53,116.53,3720.0,0.0
2009-03-19,116.65,116.65,116.65,116.65,4870.0,0.0
2009-03-20,116.58,116.58,116.58,116.58,3470.0,0.0
2009-03-23,116.78,116.78,116.78,116.78,4240.0,0.0
2009-03-24,116.48,116.48,116.48,116.48,3810.0,0.0
2009-03-25,116.54,116.54,116.54,116.54,4300.0,0.0
2009-03-26,116.31,116.31,116.31,116.31,5100.0,0.0
2009-03-27,116.28,116.28,116.28,116.28,4729.0,0.0
2009-03-30,116.18,116.18,116.18,116.18,4010.0,0.0
2009-03-31,116.3,116.3,116.3,116.3,4438.0,0.0
2009-04-01,116.28,116.28,116.28,116.28,780.0,0.0
2009-04-02,116.15,116.15,116.15,116.15,1785.0,0.0
2009-04-03,116.06,116.06,116.06,116.06,2360.0,0.0
2009-04-07,116.08,116.08,116.08,116.08,1272.0,0.0
2009-04-08,115.94,115.94,115.94,115.94,790.0,0.0
2009-04-09,115.94,115.94,115.94,115.94,1660.0,0.0
2009-04-10,115.98,115.98,115.98,115.98,862.0,0.0
2009-04-13,115.91,115.91,115.91,115.91,1940.0,0.0
2009-04-14,116.03,116.03,116.03,116.03,750.0,0.0
2009-04-15,116.29,116.29,116.29,116.29,760.0,0.0
2009-04-16,116.28,116.28,116.28,116.28,1070.0,0.0
2009-04-17,116.42,116.42,116.42,116.42,1440.0,0.0
2009-04-20,116.45,116.45,116.45,116.45,790.0,0.0
2009-04-21,116.31,116.31,116.31,116.31,1030.0,0.0
2009-04-22,116.24,116.24,116.24,116.24,1140.0,0.0
2009-04-23,116.31,116.31,116.31,116.31,3910.0,0.0
2009-04-24,116.41,116.41,116.41,116.41,1275.0,0.0
2009-04-27,116.42,116.42,116.42,116.42,2060.0,0.0
2009-04-28,116.53,116.53,116.53,116.53,2090.0,0.0
2009-04-29,116.63,116.63,116.63,116.63,2750.0,0.0
2009-04-30,116.69,116.69,116.69,116.69,3400.0,0.0
2009-05-04,116.85,116.85,116.85,116.85,990.0,0.0
2009-05-05,116.75,116.75,116.75,116.75,1800.0,0.0
2009-05-06,116.7,116.7,116.7,116.7,1030.0,0.0
2009-05-07,116.83,116.83,116.83,116.83,11261.98,0.0
2009-05-08,117.06,117.06,117.06,117.06,1120.0,0.0
2009-05-11,117.03,117.03,117.03,117.03,960.0,0.0
2009-05-12,117.18,117.18,117.18,117.18,1690.0,0.0
2009-05-13,117.38,117.38,117.38,117.38,2490.0,0.0
2009-05-14,117.36,117.36,117.36,117.36,400.0,0.0
2009-05-15,117.52,117.52,117.52,117.52,530.0,0.0
2009-05-18,117.59,117.59,117.59,117.59,1100.0,0.0
2009-05-19,117.51,117.51,117.51,117.51,3430.0,0.0
2009-05-20,117.59,117.59,117.59,117.59,920.0,0.0
2009-05-21,117.49,117.49,117.49,117.49,510.0,0.0
2009-05-22,117.34,117.34,117.34,117.34,440.0,0.0
2009-05-25,117.41,117.41,117.41,117.41,1420.0,0.0
2009-05-26,117.31,117.31,117.31,117.31,1948.0,0.0
2009-05-27,117.39,117.39,117.39,117.39,1230.0,0.0
2009-05-31,117.47,117.47,117.47,117.47,278.0,0.0
2009-06-01,117.42,117.42,117.42,117.42,670.0,0.0
2009-06-02,117.4,117.4,117.4,117.4,899.0,0.0
2009-06-03,117.49,117.49,117.49,117.49,870.0,0.0
2009-06-04,117.39,117.39,117.39,117.39,645.0,0.0
2009-06-05,117.3,117.3,117.3,117.3,775.0,0.0
2009-06-08,117.44,117.44,117.44,117.44,430.0,0.0
2009-06-09,117.38,117.38,117.38,117.38,360.0,0.0
2009-06-10,117.32,117.32,117.32,117.32,830.0,0.0
2009-06-11,117.37,117.37,117.37,117.37,1288.0,0.0
2009-06-12,117.16,117.16,117.16,117.16,3088.0,0.0
2009-06-15,117.18,117.18,117.18,117.18,950.0,0.0
2009-06-16,117.19,117.19,117.19,117.19,370.0,0.0
2009-06-17,117.24,117.24,117.24,117.24,700.0,0.0
2009-06-18,117.22,117.22,117.22,117.22,1725.0,0.0
2009-06-19,117.4,117.4,117.4,117.4,1700.0,0.0
2009-06-22,117.18,117.18,117.18,117.18,1320.0,0.0
2009-06-23,117.01,117.01,117.01,117.01,1200.0,0.0
2009-06-24,116.92,116.92,116.92,116.92,1540.0,0.0
2009-06-25,116.75,116.75,116.75,116.75,1870.0,0.0
2009-06-26,116.7,116.7,116.7,116.7,780.0,0.0
2009-06-29,116.69,116.69,116.69,116.69,1520.0,0.0
2009-06-30,116.6,116.6,116.6,116.6,1170.0,0.0
2009-07-01,116.59,116.59,116.59,116.59,2060.0,0.0
2009-07-02,116.75,116.75,116.75,116.75,1360.0,0.0
2009-07-03,116.73,116.73,116.73,116.73,1600.0,0.0
2009-07-06,116.67,116.67,116.67,116.67,1230.0,0.0
2009-07-07,116.67,116.67,116.67,116.67,800.0,0.0
2009-07-08,116.66,116.66,116.66,116.66,2810.0,0.0
2009-07-09,116.41,116.41,116.41,116.41,1640.0,0.0
2009-07-10,116.35,116.35,116.35,116.35,1610.0,0.0
2009-07-13,116.24,116.24,116.24,116.24,2040.0,0.0
2009-07-14,116.21,116.21,116.21,116.21,1510.0,0.0
2009-07-15,115.75,115.75,115.75,115.75,2340.0,0.0
2009-07-16,115.23,115.23,115.23,115.23,3120.0,0.0
2009-07-17,114.91,114.91,114.91,114.91,3320.0,0.0
2009-07-20,114.86,114.86,114.86,114.86,4130.0,0.0
2009-07-21,114.96,114.96,114.96,114.96,1570.0,0.0
2009-07-22,115.08,115.08,115.08,115.08,3885.0,0.0
2009-07-23,115.11,115.11,115.11,115.11,2380.0,0.0
2009-07-24,114.84,114.84,114.84,114.84,2210.0,0.0
2009-07-27,114.79,114.79,114.79,114.79,2240.0,0.0
2009-07-28,115.03,115.03,115.03,115.03,3060.0,0.0
2009-07-29,114.93,114.93,114.93,114.93,5190.0,0.0
2009-07-30,114.96,114.96,114.96,114.96,2680.0,0.0
2009-07-31,114.69,114.69,114.69,114.69,4390.0,0.0
2009-08-03,114.59,114.59,114.59,114.59,2620.0,0.0
2009-08-04,114.74,114.74,114.74,114.74,2820.0,0.0
2009-08-05,114.87,114.87,114.87,114.87,2780.0,0.0
2009-08-06,114.83,114.83,114.83,114.83,2821.0,0.0
2009-08-07,114.84,114.84,114.84,114.84,3462.0,0.0
2009-08-10,114.84,114.84,114.84,114.84,4445.0,0.0
2009-08-11,114.9,114.9,114.9,114.9,4434.0,0.0
2009-08-12,114.75,114.75,114.75,114.75,3700.0,0.0
2009-08-13,114.64,114.64,114.64,114.64,4341.0,0.0
2009-08-14,114.74,114.74,114.74,114.74,1592.0,0.0
2009-08-17,114.86,114.86,114.86,114.86,1590.0,0.0
2009-08-18,115.08,115.08,115.08,115.08,1620.0,0.0
2009-08-19,115.13,115.13,115.13,115.13,1622.0,0.0
2009-08-20,115.09,115.09,115.09,115.09,2620.0,0.0
2009-08-21,115.15,115.15,115.15,115.15,1981.0,0.0
2009-08-24,115.25,115.25,115.25,115.25,3620.0,0.0
2009-08-25,115.27,115.27,115.27,115.27,4410.0,0.0
2009-08-26,115.28,115.28,115.28,115.28,3370.0,0.0
2009-08-27,115.26,115.26,115.26,115.26,3330.0,0.0
2009-08-28,115.33,115.33,115.33,115.33,2311.0,0.0
2009-08-31,115.39,115.39,115.39,115.39,1711.0,0.0
2009-09-01,115.46,115.46,115.46,115.46,2721.0,0.0
2009-09-02,115.47,115.47,115.47,115.47,3388.0,0.0
2009-09-03,115.47,115.47,115.47,115.47,3120.0,0.0
2009-09-04,115.52,115.52,115.52,115.52,2006.0,0.0
2009-09-07,115.81,115.81,115.81,115.81,1840.0,0.0
2009-09-08,115.83,115.83,115.83,115.83,1620.0,0.0
2009-09-09,115.83,115.83,115.83,115.83,1620.0,0.0
2009-09-10,115.68,115.68,115.68,115.68,1700.0,0.0
2009-09-11,115.56,115.56,115.56,115.56,3543.0,0.0
2009-09-14,115.54,115.54,115.54,115.54,1749.0,0.0
2009-09-15,115.54,115.54,115.54,115.54,1701.0,0.0
2009-09-16,115.61,115.61,115.61,115.61,2401.0,0.0
2009-09-17,115.51,115.51,115.51,115.51,1912.0,0.0
2009-09-18,115.45,115.45,115.45,115.45,1990.0,0.0
2009-09-21,115.25,115.25,115.25,115.25,2630.0,0.0
2009-09-22,115.13,115.13,115.13,115.13,1740.0,0.0
2009-09-23,115.08,115.08,115.08,115.08,1162.0,0.0
2009-09-24,114.96,114.96,114.96,114.96,1500.0,0.0
2009-09-25,115.0,115.0,115.0,115.0,900.0,0.0
2009-09-27,115.02,115.02,115.02,115.02,93.0,0.0
2009-09-28,115.04,115.04,115.04,115.04,1130.0,0.0
2009-09-29,115.05,115.05,115.05,115.05,828.0,0.0
2009-09-30,115.03,115.03,115.03,115.03,160.0,0.0
2009-10-09,114.86,114.86,114.86,114.86,1502.0,0.0
2009-10-10,114.76,114.76,114.76,114.76,997.0,0.0
2009-10-12,114.53,114.53,114.53,114.53,1210.0,0.0
2009-10-13,114.42,114.42,114.42,114.42,3009.0,0.0
2009-10-14,114.03,114.03,114.03,114.03,2530.0,0.0
2009-10-15,114.06,114.06,114.06,114.06,1141.0,0.0
2009-10-16,114.01,114.01,114.01,114.01,481.0,0.0
2009-10-19,114.09,114.09,114.09,114.09,795.0,0.0
2009-10-20,114.03,114.03,114.03,114.03,422.1,0.0
2009-10-21,114.04,114.04,114.04,114.04,252.1,0.0
2009-10-22,114.08,114.08,114.08,114.08,135.0,0.0
2009-10-23,113.82,113.82,113.82,113.82,840.0,0.0
2009-10-26,113.85,113.85,113.85,113.85,1820.0,0.0
2009-10-27,113.81,113.81,113.81,113.81,490.0,0.0
2009-10-28,113.81,113.81,113.81,113.81,1580.0,0.0
2009-10-29,113.78,113.78,113.78,113.78,1190.0,0.0
2009-10-30,113.94,113.94,113.94,113.94,1250.0,0.0
2009-11-02,113.99,113.99,113.99,113.99,1110.0,0.0
2009-11-03,114.04,114.04,114.04,114.04,1400.0,0.0
2009-11-04,114.06,114.06,114.06,114.06,1700.0,0.0
2009-11-05,113.96,113.96,113.96,113.96,810.0,0.0
2009-11-06,114.0,114.0,114.0,114.0,0.0,0.0
2009-11-09,114.04,114.04,114.04,114.04,480.0,0.0
2009-11-10,114.06,114.06,114.06,114.06,210.0,0.0
2009-11-11,114.24,114.24,114.24,114.24,540.0,0.0
2009-11-12,114.39,114.39,114.39,114.39,590.0,0.0
2009-11-13,114.37,114.37,114.37,114.37,120.0,0.0
2009-11-16,114.39,114.39,114.39,114.39,10.0,0.0
2009-11-17,114.44,114.44,114.44,114.44,240.0,0.0
2009-11-18,114.53,114.53,114.53,114.53,687.0,0.0
2009-11-19,114.76,114.76,114.76,114.76,750.0,0.0
2009-11-20,114.82,114.82,114.82,114.82,860.0,0.0
2009-11-23,114.89,114.89,114.89,114.89,1970.0,0.0
2009-11-24,115.09,115.09,115.09,115.09,815.0,0.0
2009-11-25,115.12,115.12,115.12,115.12,1730.0,0.0
2009-11-26,115.09,115.09,115.09,115.09,960.0,0.0
2009-11-27,115.49,115.49,115.49,115.49,1185.0,0.0
2009-11-30,115.88,115.88,115.88,115.88,745.0,0.0
2009-12-01,115.64,115.64,115.64,115.64,120.0,0.0
2009-12-02,115.65,115.65,115.65,115.65,510.0,0.0
2009-12-03,115.54,115.54,115.54,115.54,470.0,0.0
2009-12-04,115.52,115.52,115.52,115.52,660.0,0.0
2009-12-07,115.41,115.41,115.41,115.41,280.0,0.0
2009-12-08,115.36,115.36,115.36,115.36,680.0,0.0
2009-12-09,115.45,115.45,115.45,115.45,850.0,0.0
2009-12-10,115.49,115.49,115.49,115.49,790.0,0.0
2009-12-11,115.48,115.48,115.48,115.48,1800.0,0.0
2009-12-14,115.51,115.51,115.51,115.51,1130.0,0.0
2009-12-15,115.45,115.45,115.45,115.45,3320.0,0.0
2009-12-16,115.76,115.76,115.76,115.76,1660.0,0.0
2009-12-17,115.65,115.65,115.65,115.65,1147.6,0.0
2009-12-18,115.66,115.66,115.66,115.66,856.0,0.0
2009-12-21,115.72,115.72,115.72,115.72,679.0,0.0
2009-12-22,115.66,115.66,115.66,115.66,120.0,0.0
2009-12-23,115.66,115.66,115.66,115.66,6480.0,0.0
2009-12-24,115.67,115.67,115.67,115.67,700.0,0.0
2009-12-25,115.68,115.68,115.68,115.68,620.0,0.0
2009-12-28,115.79,115.79,115.79,115.79,850.0,0.0
2009-12-29,115.82,115.82,115.82,115.82,1550.0,0.0
2009-12-30,115.8,115.8,115.8,115.8,1290.0,0.0
2009-12-31,115.77,115.77,115.77,115.77,70.0,0.0
2010-01-04,115.8,115.8,115.8,115.8,450.0,0.0
2010-01-05,115.8,115.8,115.8,115.8,530.0,0.0
2010-01-06,115.89,115.89,115.89,115.89,580.0,0.0
2010-01-07,115.76,115.76,115.76,115.76,200.0,0.0
2010-01-08,115.68,115.68,115.68,115.68,339.0,0.0
2010-01-11,115.66,115.66,115.66,115.66,481.0,0.0
2010-01-12,115.65,115.65,115.65,115.65,371.0,0.0
2010-01-13,115.52,115.52,115.52,115.52,2190.0,0.0
2010-01-14,115.46,115.46,115.46,115.46,2410.0,0.0
2010-01-15,115.5,115.5,115.5,115.5,370.0,0.0
2010-01-18,115.56,115.56,115.56,115.56,200.0,0.0
2010-01-19,115.79,115.79,115.79,115.79,241.0,0.0
2010-01-20,115.76,115.76,115.76,115.76,490.0,0.0
2010-01-21,115.82,115.82,115.82,115.82,430.0,0.0
2010-01-22,115.92,115.92,115.92,115.92,100.0,0.0
2010-01-25,116.07,116.07,116.07,116.07,2452.9,0.0
2010-01-26,116.32,116.32,116.32,116.32,530.0,0.0
2010-01-27,116.52,116.52,116.52,116.52,69.9,0.0
2010-01-28,116.37,116.37,116.37,116.37,259.7,0.0
2010-01-29,116.51,116.51,116.51,116.51,1450.0,0.0
2010-02-01,116.81,116.81,116.81,116.81,1030.0,0.0
2010-02-02,117.13,117.13,117.13,117.13,1349.1,0.0
2010-02-03,117.34,117.34,117.34,117.34,360.0,0.0
2010-02-04,117.27,117.27,117.27,117.27,598.0,0.0
2010-02-05,117.47,117.47,117.47,117.47,180.0,0.0
2010-02-08,117.42,117.42,117.42,117.42,879.0,0.0
2010-02-09,117.45,117.45,117.45,117.45,640.0,0.0
2010-02-10,117.55,117.55,117.55,117.55,760.0,0.0
2010-02-11,117.63,117.63,117.63,117.63,68.2,0.0
2010-02-12,117.62,117.62,117.62,117.62,0.0,0.0
2010-02-20,117.48,117.48,117.48,117.48,0.0,0.0
2010-02-21,117.49,117.49,117.49,117.49,20.0,0.0
2010-02-22,117.51,117.51,117.51,117.51,510.0,0.0
2010-02-23,117.43,117.43,117.43,117.43,380.0,0.0
2010-02-24,117.47,117.47,117.47,117.47,200.0,0.0
2010-02-25,117.55,117.55,117.55,117.55,1368.0,0.0
2010-02-26,118.32,118.32,118.32,118.32,2020.0,0.0
2010-03-01,118.54,118.54,118.54,118.54,1740.0,0.0
2010-03-02,118.58,118.58,118.58,118.58,1120.0,0.0
2010-03-03,118.92,118.92,118.92,118.92,500.0,0.0
2010-03-04,118.62,118.62,118.62,118.62,702.0,0.0
2010-03-05,118.93,118.93,118.93,118.93,1970.0,0.0
2010-03-08,119.11,119.11,119.11,119.11,480.0,0.0
2010-03-09,119.13,119.13,119.13,119.13,1046.0,0.0
2010-03-10,119.26,119.26,119.26,119.26,350.0,0.0
2010-03-11,118.92,118.92,118.92,118.92,190.0,0.0
2010-03-12,118.83,118.83,118.83,118.83,551.0,0.0
2010-03-15,118.66,118.66,118.66,118.66,616.0,0.0
2010-03-16,118.54,118.54,118.54,118.54,3200.0,0.0
2010-03-17,118.98,118.98,118.98,118.98,400.0,0.0
2010-03-18,119.25,119.25,119.25,119.25,850.0,0.0
2010-03-19,119.34,119.34,119.34,119.34,760.0,0.0
2010-03-22,119.18,119.18,119.18,119.18,490.0,0.0
2010-03-23,119.04,119.04,119.04,119.04,3080.0,0.0
2010-03-24,119.17,119.17,119.17,119.17,2295.0,0.0
2010-03-25,118.99,118.99,118.99,118.99,0.0,0.0
2010-03-26,118.82,118.82,118.82,118.82,500.0,0.0
2010-03-29,118.74,118.74,118.74,118.74,50.0,0.0
2010-03-30,118.53,118.53,118.53,118.53,600.0,0.0
2010-03-31,118.7,118.7,118.7,118.7,2300.0,0.0
2010-04-01,118.68,118.68,118.68,118.68,6530.0,0.0
2010-04-02,118.71,118.71,118.71,118.71,939.0,0.0
2010-04-06,118.7,118.7,118.7,118.7,809.0,0.0
2010-04-07,118.47,118.47,118.47,118.47,2260.0,0.0
2010-04-08,118.22,118.22,118.22,118.22,2390.0,0.0
2010-04-09,118.22,118.22,118.22,118.22,1000.0,0.0
2010-04-12,118.28,118.28,118.28,118.28,1820.0,0.0
2010-04-13,118.57,118.57,118.57,118.57,160.0,0.0
2010-04-14,118.47,118.47,118.47,118.47,470.0,0.0
2010-04-15,118.51,118.51,118.51,118.51,360.0,0.0
2010-04-16,118.61,118.61,118.61,118.61,150.0,0.0
2010-04-19,119.07,119.07,119.07,119.07,640.0,0.0
2010-04-20,119.27,119.27,119.27,119.27,830.0,0.0
2010-04-21,119.25,119.25,119.25,119.25,590.0,0.0
2010-04-22,119.32,119.32,119.32,119.32,950.0,0.0
2010-04-23,119.26,119.26,119.26,119.26,1310.0,0.0
2010-04-26,119.63,119.63,119.63,119.63,1910.0,0.0
2010-04-27,119.64,119.64,119.64,119.64,1973.0,0.0
2010-04-28,119.77,119.77,119.77,119.77,1360.0,0.0
2010-04-29,119.72,119.72,119.72,119.72,3348.0,0.0
2010-04-30,119.77,119.77,119.77,119.77,1025.0,0.0
2010-05-04,119.65,119.65,119.65,119.65,2090.0,0.0
2010-05-05,119.61,119.61,119.61,119.61,730.0,0.0
2010-05-06,119.66,119.66,119.66,119.66,950.0,0.0
2010-05-07,120.28,120.28,120.28,120.28,1650.0,0.0
2010-05-10,120.19,120.19,120.19,120.19,2090.0,0.0
2010-05-11,120.22,120.22,120.22,120.22,1550.0,0.0
2010-05-12,120.32,120.32,120.32,120.32,1200.0,0.0
2010-05-13,120.43,120.43,120.43,120.43,910.0,0.0
2010-05-14,120.42,120.42,120.42,120.42,1570.0,0.0
2010-05-17,120.85,120.85,120.85,120.85,130.0,0.0
2010-05-18,120.97,120.97,120.97,120.97,1100.0,0.0
2010-05-19,121.19,121.19,121.19,121.19,1240.0,0.0
2010-05-20,121.07,121.07,121.07,121.07,725.0,0.0
2010-05-21,121.08,121.08,121.08,121.08,1590.0,0.0
2010-05-24,120.87,120.87,120.87,120.87,990.0,0.0
2010-05-25,120.82,120.82,120.82,120.82,1644.0,0.0
2010-05-26,120.91,120.91,120.91,120.91,2270.0,0.0
2010-05-27,120.87,120.87,120.87,120.87,1820.0,0.0
2010-05-28,120.88,120.88,120.88,120.88,110.0,0.0
2010-05-31,120.92,120.92,120.92,120.92,490.0,0.0
2010-06-01,120.54,120.54,120.54,120.54,710.0,0.0
2010-06-02,120.63,120.63,120.63,120.63,560.0,0.0
2010-06-03,120.93,120.93,120.93,120.93,359.0,0.0
2010-06-04,120.98,120.98,120.98,120.98,460.0,0.0
2010-06-07,121.04,121.04,121.04,121.04,630.0,0.0
2010-06-08,121.07,121.07,121.07,121.07,3510.0,0.0
2010-06-09,121.0,121.0,121.0,121.0,810.0,0.0
2010-06-10,120.79,120.79,120.79,120.79,1240.0,0.0
2010-06-11,120.66,120.66,120.66,120.66,410.0,0.0
2010-06-12,120.65,120.65,120.65,120.65,480.0,0.0
2010-06-13,120.64,120.64,120.64,120.64,530.0,0.0
2010-06-17,120.66,120.66,120.66,120.66,600.0,0.0
2010-06-18,120.0,120.0,120.0,120.0,1040.0,0.0
2010-06-21,120.14,120.14,120.14,120.14,820.0,0.0
2010-06-22,120.16,120.16,120.16,120.16,1120.0,0.0
2010-06-23,120.06,120.06,120.06,120.06,569.0,0.0
2010-06-24,120.1,120.1,120.1,120.1,259.0,0.0
2010-06-25,120.3,120.3,120.3,120.3,840.0,0.0
2010-06-28,120.65,120.65,120.65,120.65,1350.0,0.0
2010-06-29,121.07,121.07,121.07,121.07,1850.0,0.0
2010-06-30,121.11,121.11,121.11,121.11,560.0,0.0
2010-07-01,121.2,121.2,121.2,121.2,8550.0,0.0
2010-07-02,121.24,121.24,121.24,121.24,6660.0,0.0
2010-07-05,121.38,121.38,121.38,121.38,2725.0,0.0
2010-07-06,121.65,121.65,121.65,121.65,2680.0,0.0
2010-07-07,121.76,121.76,121.76,121.76,2455.0,0.0
2010-07-08,121.75,121.75,121.75,121.75,3830.0,0.0
2010-07-09,121.61,121.61,121.61,121.61,5180.0,0.0
2010-07-12,121.69,121.69,121.69,121.69,5550.0,0.0
2010-07-13,122.11,122.11,122.11,122.11,5060.0,0.0
2010-07-14,121.99,121.99,121.99,121.99,7744.0,0.0
2010-07-15,122.08,122.08,122.08,122.08,4916.0,0.0
2010-07-16,122.17,122.17,122.17,122.17,5056.0,0.0
2010-07-19,122.23,122.23,122.23,122.23,5201.0,0.0
2010-07-20,122.02,122.02,122.02,122.02,4981.0,0.0
2010-07-21,122.04,122.04,122.04,122.04,4296.0,0.0
2010-07-22,122.06,122.06,122.06,122.06,5125.0,0.0
2010-07-23,121.94,121.94,121.94,121.94,3430.0,0.0
2010-07-26,121.8,121.8,121.8,121.8,3890.0,0.0
2010-07-27,121.6,121.6,121.6,121.6,3870.0,0.0
2010-07-28,121.52,121.52,121.52,121.52,4070.0,0.0
2010-07-29,121.56,121.56,121.56,121.56,6150.0,0.0
2010-07-30,121.57,121.57,121.57,121.57,5460.0,0.0
2010-08-02,121.51,121.51,121.51,121.51,5240.0,0.0
2010-08-03,121.37,121.37,121.37,121.37,4630.0,0.0
2010-08-04,121.51,121.51,121.51,121.51,4450.0,0.0
2010-08-05,121.67,121.67,121.67,121.67,8685.0,0.0
2010-08-06,121.82,121.82,121.82,121.82,4800.0,0.0
2010-08-09,121.94,121.94,121.94,121.94,4270.0,0.0
2010-08-10,121.91,121.91,121.91,121.91,4730.0,0.0
2010-08-11,122.15,122.15,122.15,122.15,4500.0,0.0
2010-08-12,122.5,122.5,122.5,122.5,5330.0,0.0
2010-08-13,122.52,122.52,122.52,122.52,5980.0,0.0
2010-08-16,122.41,122.41,122.41,122.41,5130.0,0.0
2010-08-17,122.43,122.43,122.43,122.43,5445.0,0.0
2010-08-18,122.45,122.45,122.45,122.45,4720.0,0.0
2010-08-19,122.43,122.43,122.43,122.43,7043.0,0.0
2010-08-20,122.44,122.44,122.44,122.44,5777.0,0.0
2010-08-23,122.49,122.49,122.49,122.49,5030.0,0.0
2010-08-24,122.48,122.48,122.48,122.48,4750.0,0.0
2010-08-25,122.58,122.58,122.58,122.58,5220.0,0.0
2010-08-26,122.5,122.5,122.5,122.5,5140.0,0.0
2010-08-27,122.44,122.44,122.44,122.44,4560.0,0.0
2010-08-30,122.4,122.4,122.4,122.4,4990.0,0.0
2010-08-31,122.43,122.43,122.43,122.43,4420.0,0.0
2010-09-01,122.46,122.46,122.46,122.46,3510.0,0.0
2010-09-02,122.4,122.4,122.4,122.4,4060.0,0.0
2010-09-03,122.43,122.43,122.43,122.43,3930.0,0.0
2010-09-06,122.35,122.35,122.35,122.35,1360.0,0.0
2010-09-07,122.15,122.15,122.15,122.15,5240.0,0.0
2010-09-08,122.21,122.21,122.21,122.21,5320.0,0.0
2010-09-09,122.09,122.09,122.09,122.09,4950.0,0.0
2010-09-10,121.94,121.94,121.94,121.94,5070.0,0.0
2010-09-13,121.87,121.87,121.87,121.87,2370.0,0.0
2010-09-14,121.74,121.74,121.74,121.74,4300.0,0.0
2010-09-15,121.66,121.66,121.66,121.66,4824.0,0.0
2010-09-16,121.62,121.62,121.62,121.62,4414.0,0.0
2010-09-17,121.59,121.59,121.59,121.59,3300.0,0.0
2010-09-19,121.59,121.59,121.59,121.59,130.0,0.0
2010-09-20,121.57,121.57,121.57,121.57,370.0,0.0
2010-09-21,121.61,121.61,121.61,121.61,3694.0,0.0
2010-09-25,121.68,121.68,121.68,121.68,1350.0,0.0
2010-09-26,121.66,121.66,121.66,121.66,1000.0,0.0
2010-09-27,121.62,121.62,121.62,121.62,1490.0,0.0
2010-09-28,121.63,121.63,121.63,121.63,4230.3,0.0
2010-09-29,121.64,121.64,121.64,121.64,3795.3,0.0
2010-09-30,121.73,121.73,121.73,121.73,3290.0,0.0
2010-10-08,121.78,121.78,121.78,121.78,4335.0,0.0
2010-10-09,121.78,121.78,121.78,121.78,3570.0,0.0
2010-10-11,121.38,121.38,121.38,121.38,4720.0,0.0
2010-10-12,121.27,121.27,121.27,121.27,10290.0,0.0
2010-10-13,121.29,121.29,121.29,121.29,9975.0,0.0
2010-10-14,121.22,121.22,121.22,121.22,5760.0,0.0
2010-10-15,121.22,121.22,121.22,121.22,7730.0,0.0
2010-10-18,121.24,121.24,121.24,121.24,5960.0,0.0
2010-10-19,121.27,121.27,121.27,121.27,4470.0,0.0
2010-10-20,119.29,119.29,119.29,119.29,6150.0,0.0
2010-10-21,118.75,118.75,118.75,118.75,7470.0,0.0
2010-10-22,119.01,119.01,119.01,119.01,6654.0,0.0
2010-10-25,119.1,119.1,119.1,119.1,5409.0,0.0
2010-10-26,118.66,118.66,118.66,118.66,4230.0,0.0
2010-10-27,118.68,118.68,118.68,118.68,4250.0,0.0
2010-10-28,118.75,118.75,118.75,118.75,6327.0,0.0
2010-10-29,118.68,118.68,118.68,118.68,7588.0,0.0
2010-11-01,118.84,118.84,118.84,118.84,5598.0,0.0
2010-11-02,118.35,118.35,118.35,118.35,5780.0,0.0
2010-11-03,117.44,117.44,117.44,117.44,5770.0,0.0
2010-11-04,117.06,117.06,117.06,117.06,5460.0,0.0
2010-11-05,117.05,117.05,117.05,117.05,5770.0,0.0
2010-11-08,117.14,117.14,117.14,117.14,4670.0,0.0
2010-11-09,117.11,117.11,117.11,117.11,5120.0,0.0
2010-11-10,116.49,116.49,116.49,116.49,4450.0,0.0
2010-11-11,116.22,116.22,116.22,116.22,4810.0,0.0
2010-11-12,116.23,116.23,116.23,116.23,3940.0,0.0
2010-11-15,116.31,116.31,116.31,116.31,3100.0,0.0
2010-11-16,116.72,116.72,116.72,116.72,3420.0,0.0
2010-11-17,117.2,117.2,117.2,117.2,5581.0,0.0
2010-11-18,117.51,117.51,117.51,117.51,6523.0,0.0
2010-11-19,117.16,117.16,117.16,117.16,5475.0,0.0
2010-11-22,116.68,116.68,116.68,116.68,4580.0,0.0
2010-11-23,116.47,116.47,116.47,116.47,4680.0,0.0
2010-11-24,116.33,116.33,116.33,116.33,6630.0,0.0
2010-11-25,116.39,116.39,116.39,116.39,7698.0,0.0
2010-11-26,116.03,116.03,116.03,116.03,7700.0,0.0
2010-11-29,116.06,116.06,116.06,116.06,4890.0,0.0
2010-11-30,116.28,116.28,116.28,116.28,6390.0,0.0
2010-12-01,117.03,117.03,117.03,117.03,4640.0,0.0
2010-12-02,117.33,117.33,117.33,117.33,8450.0,0.0
2010-12-03,117.36,117.36,117.36,117.36,4590.0,0.0
2010-12-06,117.64,117.64,117.64,117.64,4970.0,0.0
2010-12-07,117.72,117.72,117.72,117.72,6170.0,0.0
2010-12-08,117.5,117.5,117.5,117.5,6170.0,0.0
2010-12-09,117.24,117.24,117.24,117.24,5360.0,0.0
2010-12-10,117.33,117.33,117.33,117.33,5130.0,0.0
2010-12-13,117.6,117.6,117.6,117.6,5510.0,0.0
2010-12-14,117.63,117.63,117.63,117.63,7260.0,0.0
2010-12-15,117.78,117.78,117.78,117.78,10044.0,0.0
2010-12-16,117.85,117.85,117.85,117.85,6464.0,0.0
2010-12-17,117.97,117.97,117.97,117.97,6905.5,0.0
2010-12-20,118.15,118.15,118.15,118.15,7090.0,0.0
2010-12-21,118.05,118.05,118.05,118.05,7640.0,0.0
2010-12-22,118.04,118.04,118.04,118.04,5930.0,0.0
2010-12-23,117.93,117.93,117.93,117.93,3710.0,0.0
2010-12-24,117.93,117.93,117.93,117.93,4840.0,0.0
2010-12-27,117.4,117.4,117.4,117.4,2820.0,0.0
2010-12-28,117.39,117.39,117.39,117.39,3120.0,0.0
2010-12-29,117.45,117.45,117.45,117.45,1700.0,0.0
2010-12-30,117.55,117.55,117.55,117.55,2790.0,0.0
2010-12-31,117.72,117.72,117.72,117.72,3150.0,0.0
2011-01-04,117.92,117.92,117.92,117.92,6120.0,0.0
2011-01-05,118.38,118.38,118.38,118.38,4350.0,0.0
2011-01-06,118.28,118.28,118.28,118.28,5880.0,0.0
2011-01-07,118.39,118.39,118.39,118.39,6550.0,0.0
2011-01-10,118.43,118.43,118.43,118.43,3900.0,0.0
2011-01-11,118.21,118.21,118.21,118.21,3130.0,0.0
2011-01-12,118.23,118.23,118.23,118.23,2490.0,0.0
2011-01-13,118.12,118.12,118.12,118.12,2690.0,0.0
2011-01-14,117.92,117.92,117.92,117.92,2280.0,0.0
2011-01-17,117.52,117.52,117.52,117.52,4220.0,0.0
2011-01-18,117.2,117.2,117.2,117.2,2900.0,0.0
2011-01-19,117.16,117.16,117.16,117.16,2040.0,0.0
2011-01-20,117.14,117.14,117.14,117.14,1950.0,0.0
2011-01-21,117.2,117.2,117.2,117.2,2780.0,0.0
2011-01-24,117.24,117.24,117.24,117.24,1430.0,0.0
2011-01-25,117.1,117.1,117.1,117.1,3530.0,0.0
2011-01-26,117.03,117.03,117.03,117.03,1760.0,0.0
2011-01-27,117.06,117.06,117.06,117.06,1230.0,0.0
2011-01-28,117.14,117.14,117.14,117.14,2180.0,0.0
2011-01-30,117.14,117.14,117.14,117.14,1270.0,0.0
2011-01-31,117.14,117.14,117.14,117.14,1690.0,0.0
2011-02-01,117.18,117.18,117.18,117.18,1010.0,0.0
2011-02-09,116.72,116.72,116.72,116.72,650.0,0.0
2011-02-10,116.6,116.6,116.6,116.6,480.0,0.0
2011-02-11,116.71,116.71,116.71,116.71,1260.0,0.0
2011-02-12,116.68,116.68,116.68,116.68,830.0,0.0
2011-02-14,117.18,117.18,117.18,117.18,710.0,0.0
2011-02-15,117.23,117.23,117.23,117.23,1390.0,0.0
2011-02-16,117.16,117.16,117.16,117.16,940.0,0.0
2011-02-17,117.14,117.14,117.14,117.14,890.0,0.0
2011-02-18,117.13,117.13,117.13,117.13,960.0,0.0
2011-02-21,116.88,116.88,116.88,116.88,890.0,0.0
2011-02-22,117.07,117.07,117.07,117.07,570.0,0.0
2011-02-23,117.42,117.42,117.42,117.42,750.0,0.0
2011-02-24,117.85,117.85,117.85,117.85,1460.0,0.0
2011-02-25,117.75,117.75,117.75,117.75,900.0,0.0
2011-02-28,117.76,117.76,117.76,117.76,970.0,0.0
2011-03-01,117.79,117.79,117.79,117.79,650.0,0.0
2011-03-02,117.98,117.98,117.98,117.98,710.0,0.0
2011-03-03,117.92,117.92,117.92,117.92,800.0,0.0
2011-03-04,117.93,117.93,117.93,117.93,490.0,0.0
2011-03-07,117.94,117.94,117.94,117.94,380.0,0.0
2011-03-08,118.07,118.07,118.07,118.07,220.0,0.0
2011-03-09,118.24,118.24,118.24,118.24,910.0,0.0
2011-03-10,118.25,118.25,118.25,118.25,820.0,0.0
2011-03-11,118.15,118.15,118.15,118.15,290.0,0.0
2011-03-14,118.34,118.34,118.34,118.34,340.0,0.0
2011-03-15,118.6,118.6,118.6,118.6,330.0,0.0
2011-03-16,118.56,118.56,118.56,118.56,1040.0,0.0
2011-03-17,118.73,118.73,118.73,118.73,980.0,0.0
2011-03-18,118.7,118.7,118.7,118.7,1580.0,0.0
2011-03-21,118.69,118.69,118.69,118.69,520.0,0.0
2011-03-22,118.59,118.59,118.59,118.59,230.0,0.0
2011-03-23,118.57,118.57,118.57,118.57,2070.0,0.0
2011-03-24,118.63,118.63,118.63,118.63,2130.0,0.0
2011-03-25,118.6,118.6,118.6,118.6,2090.0,0.0
2011-03-28,118.59,118.59,118.59,118.59,3130.0,0.0
2011-03-29,118.56,118.56,118.56,118.56,2240.0,0.0
2011-03-30,118.52,118.52,118.52,118.52,980.0,0.0
2011-03-31,118.5,118.5,118.5,118.5,1760.0,0.0
2011-04-01,118.54,118.54,118.54,118.54,2250.0,0.0
2011-04-02,118.55,118.55,118.55,118.55,1560.0,0.0
2011-04-06,118.42,118.42,118.42,118.42,2030.0,0.0
2011-04-07,118.48,118.48,118.48,118.48,1480.0,0.0
2011-04-08,118.62,118.62,118.62,118.62,3680.0,0.0
2011-04-11,118.77,118.77,118.77,118.77,2640.0,0.0
2011-04-12,119.03,119.03,119.03,119.03,2100.0,0.0
2011-04-13,119.12,119.12,119.12,119.12,3050.0,0.0
2011-04-14,119.13,119.13,119.13,119.13,1782.0,0.0
2011-04-15,119.15,119.15,119.15,119.15,2440.0,0.0
2011-04-18,118.99,118.99,118.99,118.99,2022.0,0.0
2011-04-19,118.99,118.99,118.99,118.99,1220.0,0.0
2011-04-20,119.04,119.04,119.04,119.04,1220.0,0.0
2011-04-21,119.05,119.05,119.05,119.05,2030.0,0.0
2011-04-22,119.05,119.05,119.05,119.05,1300.0,0.0
2011-04-25,119.06,119.06,119.06,119.06,1750.0,0.0
2011-04-26,119.07,119.07,119.07,119.07,2400.0,0.0
2011-04-27,119.17,119.17,119.17,119.17,2660.0,0.0
2011-04-28,119.21,119.21,119.21,119.21,2470.0,0.0
2011-04-29,119.25,119.25,119.25,119.25,1670.0,0.0
2011-05-03,119.29,119.29,119.29,119.29,1380.0,0.0
2011-05-04,119.34,119.34,119.34,119.34,2786.0,0.0
2011-05-05,119.39,119.39,119.39,119.39,2126.0,0.0
2011-05-06,119.61,119.61,119.61,119.61,2936.0,0.0
2011-05-09,119.62,119.62,119.62,119.62,2400.0,0.0
2011-05-10,119.69,119.69,119.69,119.69,1610.0,0.0
2011-05-11,119.74,119.74,119.74,119.74,850.0,0.0
2011-05-12,119.8,119.8,119.8,119.8,1320.0,0.0
2011-05-13,119.78,119.78,119.78,119.78,1865.0,0.0
2011-05-16,119.74,119.74,119.74,119.74,1590.0,0.0
2011-05-17,119.79,119.79,119.79,119.79,980.0,0.0
2011-05-18,119.82,119.82,119.82,119.82,16240.0,0.0
2011-05-19,119.76,119.76,119.76,119.76,3790.0,0.0
2011-05-20,119.68,119.68,119.68,119.68,1960.0,0.0
2011-05-23,119.79,119.79,119.79,119.79,1750.0,0.0
2011-05-24,119.83,119.83,119.83,119.83,1640.0,0.0
2011-05-25,119.81,119.81,119.81,119.81,14900.0,0.0
2011-05-26,119.81,119.81,119.81,119.81,4970.0,0.0
2011-05-27,119.88,119.88,119.88,119.88,5500.0,0.0
2011-05-30,119.91,119.91,119.91,119.91,4180.0,0.0
2011-05-31,119.88,119.88,119.88,119.88,4320.0,0.0
2011-06-01,119.88,119.88,119.88,119.88,4050.0,0.0
2011-06-02,119.89,119.89,119.89,119.89,3510.0,0.0
2011-06-03,119.91,119.91,119.91,119.91,3510.0,0.0
2011-06-07,119.9,119.9,119.9,119.9,3680.0,0.0
2011-06-08,119.89,119.89,119.89,119.89,4850.0,0.0
2011-06-09,119.86,119.86,119.86,119.86,4320.0,0.0
2011-06-10,119.81,119.81,119.81,119.81,3890.0,0.0
2011-06-13,119.74,119.74,119.74,119.74,4090.0,0.0
2011-06-14,119.48,119.48,119.48,119.48,3950.0,0.0
2011-06-15,118.88,118.88,118.88,118.88,4640.0,0.0
2011-06-16,118.93,118.93,118.93,118.93,3510.0,0.0
2011-06-17,118.89,118.89,118.89,118.89,4610.0,0.0
2011-06-20,119.1,119.1,119.1,119.1,3710.0,0.0
2011-06-21,119.4,119.4,119.4,119.4,4290.0,0.0
2011-06-22,119.12,119.12,119.12,119.12,3610.0,0.0
2011-06-23,119.19,119.19,119.19,119.19,3935.0,0.0
2011-06-24,119.37,119.37,119.37,119.37,2800.0,0.0
2011-06-27,119.74,119.74,119.74,119.74,4780.0,0.0
2011-06-28,119.75,119.75,119.75,119.75,2970.0,0.0
2011-06-29,119.76,119.76,119.76,119.76,3680.0,0.0
2011-06-30,119.72,119.72,119.72,119.72,1740.0,0.0
2011-07-01,119.92,119.92,119.92,119.92,1950.0,0.0
2011-07-04,119.91,119.91,119.91,119.91,2160.0,0.0
2011-07-05,119.97,119.97,119.97,119.97,4683.0,0.0
2011-07-06,119.96,119.96,119.96,119.96,1613.0,0.0
2011-07-07,119.92,119.92,119.92,119.92,1690.0,0.0
2011-07-08,119.97,119.97,119.97,119.97,3630.0,0.0
2011-07-11,119.89,119.89,119.89,119.89,3270.0,0.0
2011-07-12,120.0,120.0,120.0,120.0,2850.0,0.0
2011-07-13,119.88,119.88,119.88,119.88,2840.0,0.0
2011-07-14,119.74,119.74,119.74,119.74,4883.0,0.0
2011-07-15,119.65,119.65,119.65,119.65,4683.0,0.0
2011-07-18,119.47,119.47,119.47,119.47,2320.0,0.0
2011-07-19,118.91,118.91,118.91,118.91,2590.0,0.0
2011-07-20,118.42,118.42,118.42,118.42,2880.0,0.0
2011-07-21,118.22,118.22,118.22,118.22,3560.0,0.0
2011-07-22,118.35,118.35,118.35,118.35,2400.0,0.0
2011-07-25,118.52,118.52,118.52,118.52,3460.0,0.0
2011-07-26,118.45,118.45,118.45,118.45,2280.0,0.0
2011-07-27,118.47,118.47,118.47,118.47,10420.0,0.0
2011-07-28,118.49,118.49,118.49,118.49,3500.0,0.0
2011-07-29,118.59,118.59,118.59,118.59,2830.0,0.0
2011-08-01,118.72,118.72,118.72,118.72,3320.0,0.0
2011-08-02,118.7,118.7,118.7,118.7,2500.0,0.0
2011-08-03,118.31,118.31,118.31,118.31,2900.0,0.0
2011-08-04,118.46,118.46,118.46,118.46,3090.0,0.0
2011-08-05,118.89,118.89,118.89,118.89,2610.0,0.0
2011-08-08,119.13,119.13,119.13,119.13,3680.0,0.0
2011-08-09,119.42,119.42,119.42,119.42,3180.0,0.0
2011-08-10,119.45,119.45,119.45,119.45,4320.0,0.0
2011-08-11,119.78,119.78,119.78,119.78,2920.0,0.0
2011-08-12,119.76,119.76,119.76,119.76,3490.0,0.0
2011-08-15,119.84,119.84,119.84,119.84,2610.0,0.0
2011-08-16,119.63,119.63,119.63,119.63,2960.0,0.0
2011-08-17,119.73,119.73,119.73,119.73,3600.0,0.0
2011-08-18,119.63,119.63,119.63,119.63,3460.0,0.0
2011-08-19,119.93,119.93,119.93,119.93,3720.0,0.0
2011-08-22,119.9,119.9,119.9,119.9,3210.0,0.0
2011-08-23,119.81,119.81,119.81,119.81,2970.0,0.0
2011-08-24,119.76,119.76,119.76,119.76,2940.0,0.0
2011-08-25,119.53,119.53,119.53,119.53,1280.0,0.0
2011-08-26,119.48,119.48,119.48,119.48,1690.0,0.0
2011-08-29,118.8,118.8,118.8,118.8,1690.0,0.0
2011-08-30,118.41,118.41,118.41,118.41,2840.0,0.0
2011-08-31,118.53,118.53,118.53,118.53,2900.0,0.0
2011-09-01,118.75,118.75,118.75,118.75,1790.0,0.0
2011-09-02,118.79,118.79,118.79,118.79,3390.0,0.0
2011-09-05,118.97,118.97,118.97,118.97,2350.0,0.0
2011-09-06,119.23,119.23,119.23,119.23,3110.0,0.0
2011-09-07,119.01,119.01,119.01,119.01,2910.0,0.0
2011-09-08,118.93,118.93,118.93,118.93,2420.0,0.0
2011-09-09,119.18,119.18,119.18,119.18,2850.0,0.0
2011-09-13,119.36,119.36,119.36,119.36,1690.0,0.0
2011-09-14,119.33,119.33,119.33,119.33,2960.0,0.0
2011-09-15,119.17,119.17,119.17,119.17,2620.0,0.0
2011-09-16,119.01,119.01,119.01,119.01,2550.0,0.0
2011-09-19,118.99,118.99,118.99,118.99,2730.0,0.0
2011-09-20,118.97,118.97,118.97,118.97,2280.0,0.0
2011-09-21,119.05,119.05,119.05,119.05,3860.0,0.0
2011-09-22,119.16,119.16,119.16,119.16,3830.0,0.0
2011-09-23,119.93,119.93,119.93,119.93,2440.0,0.0
2011-09-26,120.63,120.63,120.63,120.63,2510.0,0.0
2011-09-27,120.48,120.48,120.48,120.48,1740.0,0.0
2011-09-28,120.39,120.39,120.39,120.39,2300.0,0.0
2011-09-29,120.68,120.68,120.68,120.68,4340.0,0.0
2011-09-30,120.9,120.9,120.9,120.9,740.0,0.0
2011-10-08,121.12,121.12,121.12,121.12,2550.0,0.0
2011-10-09,121.58,121.58,121.58,121.58,910.0,0.0
2011-10-10,121.77,121.77,121.77,121.77,1420.0,0.0
2011-10-11,121.91,121.91,121.91,121.91,2270.0,0.0
2011-10-12,121.85,121.85,121.85,121.85,3760.0,0.0
2011-10-13,121.68,121.68,121.68,121.68,1795.0,0.0
2011-10-14,121.89,121.89,121.89,121.89,2260.0,0.0
2011-10-17,121.83,121.83,121.83,121.83,1980.0,0.0
2011-10-18,122.27,122.27,122.27,122.27,1720.0,0.0
2011-10-19,122.38,122.38,122.38,122.38,3100.0,0.0
2011-10-20,122.48,122.48,122.48,122.48,2520.0,0.0
2011-10-21,122.4,122.4,122.4,122.4,4870.0,0.0
2011-10-24,122.36,122.36,122.36,122.36,3910.0,0.0
2011-10-25,122.11,122.11,122.11,122.11,2840.0,0.0
2011-10-26,122.05,122.05,122.05,122.05,3040.0,0.0
2011-10-27,121.99,121.99,121.99,121.99,3440.0,0.0
2011-10-28,122.03,122.03,122.03,122.03,4530.0,0.0
2011-10-31,122.16,122.16,122.16,122.16,2270.0,0.0
2011-11-01,122.51,122.51,122.51,122.51,2010.0,0.0
2011-11-02,122.69,122.69,122.69,122.69,2290.0,0.0
2011-11-03,122.71,122.71,122.71,122.71,5280.0,0.0
2011-11-04,122.76,122.76,122.76,122.76,2190.0,0.0
2011-11-07,122.78,122.78,122.78,122.78,2120.0,0.0
2011-11-08,122.97,122.97,122.97,122.97,1760.0,0.0
2011-11-09,123.34,123.34,123.34,123.34,1050.0,0.0
2011-11-10,124.21,124.21,124.21,124.21,4090.0,0.0
2011-11-11,124.09,124.09,124.09,124.09,3700.0,0.0
2011-11-14,124.1,124.1,124.1,124.1,2100.0,0.0
2011-11-15,123.73,123.73,123.73,123.73,1410.5,0.0
2011-11-16,123.8,123.8,123.8,123.8,3660.0,0.0
2011-11-17,123.65,123.65,123.65,123.65,3340.0,0.0
2011-11-18,123.66,123.66,123.66,123.66,2390.0,0.0
2011-11-21,123.52,123.52,123.52,123.52,2660.0,0.0
2011-11-22,123.6,123.6,123.6,123.6,4860.0,0.0
2011-11-23,123.97,123.97,123.97,123.97,4390.0,0.0
2011-11-24,123.98,123.98,123.98,123.98,3630.0,0.0
2011-11-25,123.91,123.91,123.91,123.91,2880.0,0.0
2011-11-28,123.96,123.96,123.96,123.96,2150.0,0.0
2011-11-29,123.89,123.89,123.89,123.89,3120.0,0.0
2011-11-30,124.0,124.0,124.0,124.0,1250.0,0.0
2011-12-01,125.01,125.01,125.01,125.01,1790.0,0.0
2011-12-02,125.26,125.26,125.26,125.26,2540.0,0.0
2011-12-05,125.5,125.5,125.5,125.5,2870.0,0.0
2011-12-06,125.46,125.46,125.46,125.46,2110.0,0.0
2011-12-07,125.32,125.32,125.32,125.32,4540.0,0.0
2011-12-08,125.3,125.3,125.3,125.3,1160.0,0.0
2011-12-09,125.37,125.37,125.37,125.37,1840.0,0.0
2011-12-12,125.35,125.35,125.35,125.35,1500.0,0.0
2011-12-13,125.3,125.3,125.3,125.3,2190.0,0.0
2011-12-14,125.36,125.36,125.36,125.36,2310.0,0.0
2011-12-15,125.35,125.35,125.35,125.35,1470.0,0.0
2011-12-16,125.44,125.44,125.44,125.44,2640.0,0.0
2011-12-19,125.55,125.55,125.55,125.55,1860.0,0.0
2011-12-20,125.55,125.55,125.55,125.55,1250.0,0.0
2011-12-21,125.53,125.53,125.53,125.53,3124.0,0.0
2011-12-22,125.45,125.45,125.45,125.45,1660.0,0.0
2011-12-23,125.46,125.46,125.46,125.46,4660.0,0.0
2011-12-26,125.59,125.59,125.59,125.59,2960.0,0.0
2011-12-27,125.76,125.76,125.76,125.76,2180.0,0.0
2011-12-28,125.72,125.72,125.72,125.72,4715.0,0.0
2011-12-29,125.85,125.85,125.85,125.85,2990.0,0.0
2011-12-30,125.98,125.98,125.98,125.98,2160.0,0.0
2011-12-31,126.19,126.19,126.19,126.19,1070.0,0.0
2012-01-04,126.04,126.04,126.04,126.04,4435.0,0.0
2012-01-05,126.04,126.04,126.04,126.04,1640.0,0.0
2012-01-06,126.23,126.23,126.23,126.23,2465.0,0.0
2012-01-09,126.44,126.44,126.44,126.44,2335.0,0.0
2012-01-10,126.49,126.49,126.49,126.49,1750.0,0.0
2012-01-11,126.31,126.31,126.31,126.31,2090.0,0.0
2012-01-12,126.38,126.38,126.38,126.38,1310.0,0.0
2012-01-13,126.38,126.38,126.38,126.38,2360.0,0.0
2012-01-16,126.36,126.36,126.36,126.36,4100.0,0.0
2012-01-17,126.44,126.44,126.44,126.44,4100.0,0.0
2012-01-18,126.47,126.47,126.47,126.47,4670.0,0.0
2012-01-19,126.72,126.72,126.72,126.72,3460.0,0.0
2012-01-20,126.71,126.71,126.71,126.71,710.0,0.0
2012-01-21,126.77,126.77,126.77,126.77,130.0,0.0
2012-01-29,126.88,126.88,126.88,126.88,120.0,0.0
2012-01-30,126.77,126.77,126.77,126.77,330.0,0.0
2012-01-31,126.75,126.75,126.75,126.75,1490.0,0.0
2012-02-01,126.53,126.53,126.53,126.53,1800.0,0.0
2012-02-02,126.36,126.36,126.36,126.36,4110.0,0.0
2012-02-03,126.36,126.36,126.36,126.36,2955.0,0.0
2012-02-06,126.19,126.19,126.19,126.19,2010.0,0.0
2012-02-07,126.12,126.12,126.12,126.12,2280.0,0.0
2012-02-08,125.95,125.95,125.95,125.95,2750.0,0.0
2012-02-09,125.68,125.68,125.68,125.68,2480.0,0.0
2012-02-10,125.74,125.74,125.74,125.74,5460.0,0.0
2012-02-13,125.81,125.81,125.81,125.81,2790.0,0.0
2012-02-14,125.97,125.97,125.97,125.97,3080.0,0.0
2012-02-15,125.71,125.71,125.71,125.71,1620.0,0.0
2012-02-16,125.71,125.71,125.71,125.71,2530.0,0.0
2012-02-17,125.67,125.67,125.67,125.67,2370.0,0.0
2012-02-20,125.91,125.91,125.91,125.91,2640.0,0.0
2012-02-21,125.99,125.99,125.99,125.99,3390.0,0.0
2012-02-22,125.96,125.96,125.96,125.96,4000.0,0.0
2012-02-23,125.94,125.94,125.94,125.94,2930.0,0.0
2012-02-24,125.94,125.94,125.94,125.94,2930.0,0.0
2012-02-27,125.83,125.83,125.83,125.83,2480.0,0.0
2012-02-28,125.81,125.81,125.81,125.81,3080.0,0.0
2012-02-29,125.91,125.91,125.91,125.91,2260.0,0.0
2012-03-01,125.86,125.86,125.86,125.86,2830.0,0.0
2012-03-02,125.73,125.73,125.73,125.73,2540.0,0.0
2012-03-05,125.7,125.7,125.7,125.7,2900.0,0.0
2012-03-06,125.86,125.86,125.86,125.86,3020.0,0.0
2012-03-07,125.97,125.97,125.97,125.97,2450.0,0.0
2012-03-08,126.03,126.03,126.03,126.03,4260.0,0.0
2012-03-09,126.03,126.03,126.03,126.03,3000.0,0.0
2012-03-12,126.12,126.12,126.12,126.12,2410.0,0.0
2012-03-13,126.09,126.09,126.09,126.09,2750.0,0.0
2012-03-14,126.05,126.05,126.05,126.05,2530.0,0.0
2012-03-15,125.99,125.99,125.99,125.99,4620.0,0.0
2012-03-16,126.02,126.02,126.02,126.02,2790.0,0.0
2012-03-19,125.98,125.98,125.98,125.98,1920.0,0.0
2012-03-20,126.01,126.01,126.01,126.01,2340.0,0.0
2012-03-21,125.97,125.97,125.97,125.97,2400.0,0.0
2012-03-22,126.05,126.05,126.05,126.05,3430.0,0.0
2012-03-23,126.21,126.21,126.21,126.21,2450.0,0.0
2012-03-26,126.27,126.27,126.27,126.27,2340.0,0.0
2012-03-27,126.27,126.27,126.27,126.27,3870.0,0.0
2012-03-28,126.32,126.32,126.32,126.32,3545.0,0.0
2012-03-29,126.41,126.41,126.41,126.41,3240.0,0.0
2012-03-30,126.52,126.52,126.52,126.52,2730.0,0.0
2012-03-31,126.57,126.57,126.57,126.57,2530.0,0.0
2012-04-01,126.45,126.45,126.45,126.45,2054.0,0.0
2012-04-05,126.48,126.48,126.48,126.48,2060.0,0.0
2012-04-06,126.49,126.49,126.49,126.49,2040.0,0.0
2012-04-09,126.45,126.45,126.45,126.45,2230.0,0.0
2012-04-10,126.47,126.47,126.47,126.47,1930.0,0.0
2012-04-11,126.5,126.5,126.5,126.5,1970.0,0.0
2012-04-12,126.48,126.48,126.48,126.48,1660.0,0.0
2012-04-13,126.57,126.57,126.57,126.57,2400.0,0.0
2012-04-16,126.59,126.59,126.59,126.59,2060.0,0.0
2012-04-17,126.64,126.64,126.64,126.64,3030.0,0.0
2012-04-18,126.61,126.61,126.61,126.61,12480.0,0.0
2012-04-19,126.55,126.55,126.55,126.55,3790.0,0.0
2012-04-20,126.59,126.59,126.59,126.59,1980.0,0.0
2012-04-23,126.61,126.61,126.61,126.61,1750.0,0.0
2012-04-24,126.7,126.7,126.7,126.7,1400.0,0.0
2012-04-25,126.7,126.7,126.7,126.7,15265.0,0.0
2012-04-26,126.72,126.72,126.72,126.72,6420.0,0.0
2012-04-27,126.78,126.78,126.78,126.78,4750.0,0.0
2012-04-28,126.77,126.77,126.77,126.77,1900.0,0.0
2012-05-02,126.8,126.8,126.8,126.8,1510.0,0.0
2012-05-03,126.85,126.85,126.85,126.85,3210.0,0.0
2012-05-04,126.81,126.81,126.81,126.81,2200.0,0.0
2012-05-07,126.89,126.89,126.89,126.89,3680.0,0.0
2012-05-08,126.9,126.9,126.9,126.9,4850.0,0.0
2012-05-09,126.92,126.92,126.92,126.92,5450.0,0.0
2012-05-10,127.02,127.02,127.02,127.02,6350.0,0.0
2012-05-11,127.16,127.16,127.16,127.16,7930.0,0.0
2012-05-14,127.76,127.76,127.76,127.76,8640.0,0.0
2012-05-15,128.18,128.18,128.18,128.18,8890.0,0.0
2012-05-16,128.43,128.43,128.43,128.43,19180.0,0.0
2012-05-17,128.28,128.28,128.28,128.28,9470.0,0.0
2012-05-18,128.48,128.48,128.48,128.48,9040.0,0.0
2012-05-21,128.3,128.3,128.3,128.3,9740.0,0.0
2012-05-22,128.34,128.34,128.34,128.34,9230.0,0.0
2012-05-23,128.36,128.36,128.36,128.36,9490.0,0.0
2012-05-24,128.6,128.6,128.6,128.6,10820.0,0.0
2012-05-25,129.13,129.13,129.13,129.13,7230.0,0.0
2012-05-28,128.84,128.84,128.84,128.84,8180.0,0.0
2012-05-29,128.72,128.72,128.72,128.72,9430.0,0.0
2012-05-30,128.65,128.65,128.65,128.65,6140.0,0.0
2012-05-31,128.77,128.77,128.77,128.77,9560.0,0.0
2012-06-01,128.84,128.84,128.84,128.84,10410.0,0.0
2012-06-04,128.88,128.88,128.88,128.88,10230.0,0.0
2012-06-05,128.79,128.79,128.79,128.79,9510.0,0.0
2012-06-06,128.76,128.76,128.76,128.76,9980.0,0.0
2012-06-07,128.72,128.72,128.72,128.72,8470.0,0.0
2012-06-08,129.23,129.23,129.23,129.23,10510.0,0.0
2012-06-11,129.0,129.0,129.0,129.0,10050.0,0.0
2012-06-12,128.91,128.91,128.91,128.91,11770.0,0.0
2012-06-13,128.81,128.81,128.81,128.81,11090.0,0.0
2012-06-14,128.69,128.69,128.69,128.69,10430.0,0.0
2012-06-15,128.69,128.69,128.69,128.69,7110.0,0.0
2012-06-18,128.57,128.57,128.57,128.57,7160.0,0.0
2012-06-19,128.55,128.55,128.55,128.55,6780.0,0.0
2012-06-20,128.56,128.56,128.56,128.56,6630.0,0.0
2012-06-21,128.59,128.59,128.59,128.59,6490.0,0.0
2012-06-25,128.93,128.93,128.93,128.93,4025.0,0.0
2012-06-26,129.03,129.03,129.03,129.03,4795.0,0.0
2012-06-27,129.27,129.27,129.27,129.27,4550.0,0.0
2012-06-28,129.38,129.38,129.38,129.38,6070.0,0.0
2012-06-29,129.52,129.52,129.52,129.52,2780.0,0.0
2012-07-02,129.51,129.51,129.51,129.51,6970.0,0.0
2012-07-03,129.59,129.59,129.59,129.59,8310.0,0.0
2012-07-04,129.54,129.54,129.54,129.54,9030.0,0.0
2012-07-05,129.6,129.6,129.6,129.6,10775.0,0.0
2012-07-06,129.82,129.82,129.82,129.82,9785.0,0.0
2012-07-09,130.13,130.13,130.13,130.13,8170.0,0.0
2012-07-10,130.26,130.26,130.26,130.26,8410.0,0.0
2012-07-11,130.38,130.38,130.38,130.38,8040.0,0.0
2012-07-12,130.48,130.48,130.48,130.48,6925.0,0.0
2012-07-13,130.45,130.45,130.45,130.45,7955.0,0.0
2012-07-16,130.35,130.35,130.35,130.35,8080.0,0.0
2012-07-17,130.19,130.19,130.19,130.19,8480.0,0.0
2012-07-18,130.09,130.09,130.09,130.09,26810.0,0.0
2012-07-19,130.07,130.07,130.07,130.07,15900.0,0.0
2012-07-20,130.18,130.18,130.18,130.18,19705.0,0.0
2012-07-23,130.21,130.21,130.21,130.21,15490.0,0.0
2012-07-24,130.24,130.24,130.24,130.24,15200.0,0.0
2012-07-25,130.26,130.26,130.26,130.26,29030.0,0.0
2012-07-26,130.18,130.18,130.18,130.18,22610.0,0.0
2012-07-27,130.26,130.26,130.26,130.26,16000.0,0.0
2012-07-30,130.27,130.27,130.27,130.27,16000.0,0.0
2012-07-31,130.21,130.21,130.21,130.21,18410.0,0.0
2012-08-01,130.21,130.21,130.21,130.21,18080.0,0.0
2012-08-02,130.21,130.21,130.21,130.21,16800.0,0.0
2012-08-03,130.16,130.16,130.16,130.16,17650.0,0.0
2012-08-06,130.19,130.19,130.19,130.19,16660.0,0.0
2012-08-07,130.12,130.12,130.12,130.12,19390.0,0.0
2012-08-08,130.0,130.0,130.0,130.0,17600.0,0.0
2012-08-09,129.94,129.94,129.94,129.94,9620.0,0.0
2012-08-10,130.0,130.0,130.0,130.0,17750.0,0.0
2012-08-13,130.1,130.1,130.1,130.1,16860.0,0.0
2012-08-14,130.1,130.1,130.1,130.1,19120.0,0.0
2012-08-15,130.03,130.03,130.03,130.03,34100.0,0.0
2012-08-16,129.97,129.97,129.97,129.97,17560.0,0.0
2012-08-17,129.96,129.96,129.96,129.96,16260.0,0.0
2012-08-20,129.82,129.82,129.82,129.82,17820.0,0.0
2012-08-21,129.73,129.73,129.73,129.73,17420.0,0.0
2012-08-22,129.51,129.51,129.51,129.51,17470.0,0.0
2012-08-23,129.5,129.5,129.5,129.5,17330.0,0.0
2012-08-24,129.76,129.76,129.76,129.76,11060.0,0.0
2012-08-27,129.89,129.89,129.89,129.89,12200.0,0.0
2012-08-28,129.88,129.88,129.88,129.88,9560.0,0.0
2012-08-29,129.84,129.84,129.84,129.84,9890.0,0.0
2012-08-30,129.78,129.78,129.78,129.78,10400.0,0.0
2012-08-31,129.84,129.84,129.84,129.84,10480.0,0.0
2012-09-03,129.86,129.86,129.86,129.86,6740.0,0.0
2012-09-04,129.88,129.88,129.88,129.88,11840.0,0.0
2012-09-05,129.82,129.82,129.82,129.82,11880.0,0.0
2012-09-06,129.82,129.82,129.82,129.82,9720.0,0.0
2012-09-07,129.55,129.55,129.55,129.55,7790.0,0.0
2012-09-10,129.13,129.13,129.13,129.13,9150.0,0.0
2012-09-11,129.1,129.1,129.1,129.1,8650.0,0.0
2012-09-12,128.82,128.82,128.82,128.82,8340.0,0.0
2012-09-13,128.84,128.84,128.84,128.84,9560.0,0.0
2012-09-14,128.34,128.34,128.34,128.34,9550.0,0.0
2012-09-17,128.33,128.33,128.33,128.33,9440.0,0.0
2012-09-18,128.48,128.48,128.48,128.48,10240.0,0.0
2012-09-19,128.54,128.54,128.54,128.54,10340.0,0.0
2012-09-20,128.69,128.69,128.69,128.69,9330.0,0.0
2012-09-21,128.81,128.81,128.81,128.81,10130.0,0.0
2012-09-24,128.82,128.82,128.82,128.82,9990.0,0.0
2012-09-25,128.94,128.94,128.94,128.94,9100.0,0.0
2012-09-26,129.03,129.03,129.03,129.03,9320.0,0.0
2012-09-27,129.22,129.22,129.22,129.22,10850.0,0.0
2012-09-28,129.3,129.3,129.3,129.3,10894.0,0.0
2012-09-29,129.3,129.3,129.3,129.3,2390.0,0.0
2012-10-08,129.21,129.21,129.21,129.21,3290.0,0.0
2012-10-09,129.12,129.12,129.12,129.12,11641.0,0.0
2012-10-10,129.05,129.05,129.05,129.05,18060.0,0.0
2012-10-11,129.12,129.12,129.12,129.12,17860.0,0.0
2012-10-12,129.21,129.21,129.21,129.21,17200.0,0.0
2012-10-15,129.28,129.28,129.28,129.28,18430.0,0.0
2012-10-16,129.12,129.12,129.12,129.12,17650.0,0.0
2012-10-17,129.05,129.05,129.05,129.05,33690.0,0.0
2012-10-18,128.94,128.94,128.94,128.94,20910.0,0.0
2012-10-19,128.89,128.89,128.89,128.89,20700.0,0.0
2012-10-22,128.95,128.95,128.95,128.95,20390.0,0.0
2012-10-23,128.87,128.87,128.87,128.87,21050.0,0.0
2012-10-24,128.85,128.85,128.85,128.85,19960.0,0.0
2012-10-25,128.8,128.8,128.8,128.8,18600.0,0.0
2012-10-26,128.75,128.75,128.75,128.75,9360.0,0.0
2012-10-29,128.77,128.77,128.77,128.77,9250.0,0.0
2012-10-30,128.82,128.82,128.82,128.82,18570.0,0.0
2012-10-31,128.79,128.79,128.79,128.79,31930.0,0.0
2012-11-01,128.64,128.64,128.64,128.64,23390.0,0.0
2012-11-02,128.64,128.64,128.64,128.64,22650.0,0.0
2012-11-05,128.72,128.72,128.72,128.72,21960.0,0.0
2012-11-06,128.74,128.74,128.74,128.74,21190.0,0.0
2012-11-07,128.76,128.76,128.76,128.76,11390.0,0.0
2012-11-08,128.86,128.86,128.86,128.86,20590.0,0.0
2012-11-09,128.93,128.93,128.93,128.93,11530.0,0.0
2012-11-12,128.99,128.99,128.99,128.99,12670.0,0.0
2012-11-13,129.05,129.05,129.05,129.05,11550.0,0.0
2012-11-14,129.2,129.2,129.2,129.2,22610.0,0.0
2012-11-15,129.28,129.28,129.28,129.28,15240.0,0.0
2012-11-16,129.45,129.45,129.45,129.45,11640.0,0.0
2012-11-19,129.59,129.59,129.59,129.59,13390.0,0.0
2012-11-20,129.56,129.56,129.56,129.56,13820.0,0.0
2012-11-21,129.53,129.53,129.53,129.53,13000.0,0.0
2012-11-22,129.45,129.45,129.45,129.45,11330.0,0.0
2012-11-23,129.44,129.44,129.44,129.44,9130.0,0.0
2012-11-26,129.38,129.38,129.38,129.38,9190.0,0.0
2012-11-27,129.33,129.33,129.33,129.33,11440.0,0.0
2012-11-28,129.36,129.36,129.36,129.36,10710.0,0.0
2012-11-29,129.45,129.45,129.45,129.45,9810.0,0.0
2012-11-30,129.49,129.49,129.49,129.49,10070.0,0.0
2012-12-03,129.48,129.48,129.48,129.48,9190.0,0.0
2012-12-04,129.43,129.43,129.43,129.43,8940.0,0.0
2012-12-05,129.4,129.4,129.4,129.4,9680.0,0.0
2012-12-06,129.3,129.3,129.3,129.3,10620.0,0.0
2012-12-07,129.3,129.3,129.3,129.3,12460.0,0.0
2012-12-10,129.31,129.31,129.31,129.31,9800.0,0.0
2012-12-11,129.35,129.35,129.35,129.35,8490.0,0.0
2012-12-12,129.35,129.35,129.35,129.35,9950.0,0.0
2012-12-13,129.36,129.36,129.36,129.36,10660.0,0.0
2012-12-14,129.3,129.3,129.3,129.3,9710.0,0.0
2012-12-17,129.34,129.34,129.34,129.34,9900.0,0.0
2012-12-18,129.34,129.34,129.34,129.34,11600.0,0.0
2012-12-19,129.29,129.29,129.29,129.29,11740.0,0.0
2012-12-20,129.23,129.23,129.23,129.23,11870.0,0.0
2012-12-21,129.24,129.24,129.24,129.24,13300.0,0.0
2012-12-24,129.28,129.28,129.28,129.28,11860.0,0.0
2012-12-25,129.33,129.33,129.33,129.33,11018.0,0.0
2012-12-26,129.35,129.35,129.35,129.35,11528.0,0.0
2012-12-27,129.47,129.47,129.47,129.47,5920.0,0.0
2012-12-28,129.49,129.49,129.49,129.49,7430.0,0.0
2012-12-31,129.53,129.53,129.53,129.53,5560.0,0.0
2013-01-04,129.4,129.4,129.4,129.4,5670.0,0.0
2013-01-05,129.45,129.45,129.45,129.45,2780.0,0.0
2013-01-06,129.48,129.48,129.48,129.48,1950.0,0.0
2013-01-07,129.52,129.52,129.52,129.52,2840.0,0.0
2013-01-08,129.58,129.58,129.58,129.58,5300.0,0.0
2013-01-09,129.63,129.63,129.63,129.63,7880.0,0.0
2013-01-10,129.54,129.54,129.54,129.54,8060.0,0.0
2013-01-11,129.47,129.47,129.47,129.47,7850.0,0.0
2013-01-14,129.5,129.5,129.5,129.5,8213.0,0.0
2013-01-15,129.53,129.53,129.53,129.53,7990.0,0.0
2013-01-16,129.56,129.56,129.56,129.56,7780.0,0.0
2013-01-17,129.61,129.61,129.61,129.61,7990.0,0.0
2013-01-18,129.73,129.73,129.73,129.73,8390.0,0.0
2013-01-21,129.78,129.78,129.78,129.78,8040.0,0.0
2013-01-22,129.79,129.79,129.79,129.79,7620.0,0.0
2013-01-23,129.85,129.85,129.85,129.85,8000.0,0.0
2013-01-24,129.79,129.79,129.79,129.79,9780.0,0.0
2013-01-25,129.79,129.79,129.79,129.79,7952.0,0.0
2013-01-28,129.79,129.79,129.79,129.79,7200.0,0.0
2013-01-29,129.77,129.77,129.77,129.77,7890.0,0.0
2013-01-30,129.78,129.78,129.78,129.78,8100.0,0.0
2013-01-31,129.75,129.75,129.75,129.75,11370.0,0.0
2013-02-01,129.87,129.87,129.87,129.87,10640.0,0.0
2013-02-04,129.9,129.9,129.9,129.9,15400.0,0.0
2013-02-05,129.96,129.96,129.96,129.96,13940.0,0.0
2013-02-06,129.98,129.98,129.98,129.98,13220.0,0.0
2013-02-07,129.98,129.98,129.98,129.98,7560.0,0.0
2013-02-08,130.01,130.01,130.01,130.01,3660.0,0.0
2013-02-16,130.1,130.1,130.1,130.1,1090.0,0.0
2013-02-17,130.16,130.16,130.16,130.16,1590.0,0.0
2013-02-18,130.15,130.15,130.15,130.15,2480.0,0.0
2013-02-19,130.16,130.16,130.16,130.16,8200.0,0.0
2013-02-20,130.33,130.33,130.33,130.33,8560.0,0.0
2013-02-21,130.32,130.32,130.32,130.32,7920.0,0.0
2013-02-22,130.28,130.28,130.28,130.28,12570.0,0.0
2013-02-25,130.21,130.21,130.21,130.21,11400.0,0.0
2013-02-26,130.24,130.24,130.24,130.24,7250.0,0.0
2013-02-27,130.26,130.26,130.26,130.26,7290.0,0.0
2013-02-28,130.22,130.22,130.22,130.22,8130.0,0.0
2013-03-01,130.27,130.27,130.27,130.27,6790.0,0.0
2013-03-04,130.33,130.33,130.33,130.33,8370.0,0.0
2013-03-05,130.4,130.4,130.4,130.4,9150.0,0.0
2013-03-06,130.4,130.4,130.4,130.4,9800.0,0.0
2013-03-07,130.35,130.35,130.35,130.35,8700.0,0.0
2013-03-08,130.33,130.33,130.33,130.33,9050.0,0.0
2013-03-11,130.36,130.36,130.36,130.36,9150.0,0.0
2013-03-12,130.37,130.37,130.37,130.37,9130.0,0.0
2013-03-13,130.4,130.4,130.4,130.4,9870.0,0.0
2013-03-14,130.37,130.37,130.37,130.37,8690.0,0.0
2013-03-15,130.36,130.36,130.36,130.36,9090.0,0.0
2013-03-18,130.37,130.37,130.37,130.37,4780.0,0.0
2013-03-19,130.41,130.41,130.41,130.41,9630.0,0.0
2013-03-20,130.46,130.46,130.46,130.46,11580.0,0.0
2013-03-21,130.46,130.46,130.46,130.46,11910.0,0.0
2013-03-22,130.46,130.46,130.46,130.46,10980.0,0.0
2013-03-25,130.51,130.51,130.51,130.51,10650.0,0.0
2013-03-26,130.51,130.51,130.51,130.51,9340.0,0.0
2013-03-27,130.53,130.53,130.53,130.53,10880.0,0.0
2013-03-28,130.61,130.61,130.61,130.61,9480.0,0.0
2013-03-29,130.62,130.62,130.62,130.62,10770.0,0.0
2013-04-01,130.85,130.85,130.85,130.85,8253.8,0.0
2013-04-02,131.07,131.07,131.07,131.07,13810.0,0.0
2013-04-03,131.16,131.16,131.16,131.16,14090.0,0.0
2013-04-07,131.39,131.39,131.39,131.39,3960.0,0.0
2013-04-08,131.32,131.32,131.32,131.32,7260.0,0.0
2013-04-09,131.37,131.37,131.37,131.37,15510.0,0.0
2013-04-10,131.44,131.44,131.44,131.44,13490.0,0.0
2013-04-11,131.43,131.43,131.43,131.43,10260.0,0.0
2013-04-12,131.43,131.43,131.43,131.43,13730.0,0.0
2013-04-15,131.77,131.77,131.77,131.77,12290.0,0.0
2013-04-16,132.12,132.12,132.12,132.12,13050.0,0.0
2013-04-17,132.04,132.04,132.04,132.04,12420.0,0.0
2013-04-18,131.87,131.87,131.87,131.87,11930.0,0.0
2013-04-19,131.77,131.77,131.77,131.77,4880.0,0.0
2013-04-22,131.6,131.6,131.6,131.6,2520.0,0.0
2013-04-23,131.82,131.82,131.82,131.82,5380.0,0.0
2013-04-24,131.92,131.92,131.92,131.92,6240.0,0.0
2013-04-25,132.06,132.06,132.06,132.06,5140.0,0.0
2013-04-26,132.09,132.09,132.09,132.09,4610.0,0.0
2013-04-27,132.16,132.16,132.16,132.16,220.0,0.0
2013-04-28,132.12,132.12,132.12,132.12,310.0,0.0
2013-05-02,132.41,132.41,132.41,132.41,6660.0,0.0
2013-05-03,132.45,132.45,132.45,132.45,6310.0,0.0
2013-05-06,132.34,132.34,132.34,132.34,5260.0,0.0
2013-05-07,132.44,132.44,132.44,132.44,3030.0,0.0
2013-05-08,132.4,132.4,132.4,132.4,3650.0,0.0
2013-05-09,132.45,132.45,132.45,132.45,4810.0,0.0
2013-05-10,132.5,132.5,132.5,132.5,2280.0,0.0
2013-05-13,132.54,132.54,132.54,132.54,3020.0,0.0
2013-05-14,132.56,132.56,132.56,132.56,3540.0,0.0
2013-05-15,132.58,132.58,132.58,132.58,2850.0,0.0
2013-05-16,132.63,132.63,132.63,132.63,2990.0,0.0
2013-05-17,132.59,132.59,132.59,132.59,2070.0,0.0
2013-05-20,132.58,132.58,132.58,132.58,2110.0,0.0
2013-05-21,132.6,132.6,132.6,132.6,1220.0,0.0
2013-05-22,132.65,132.65,132.65,132.65,1260.0,0.0
2013-05-23,132.62,132.62,132.62,132.62,1790.0,0.0
2013-05-24,132.68,132.68,132.68,132.68,2010.0,0.0
2013-05-27,132.72,132.72,132.72,132.72,860.0,0.0
2013-05-28,132.73,132.73,132.73,132.73,590.0,0.0
2013-05-29,132.69,132.69,132.69,132.69,710.0,0.0
2013-05-30,132.64,132.64,132.64,132.64,2090.0,0.0
2013-05-31,132.66,132.66,132.66,132.66,1210.0,0.0
2013-06-03,132.58,132.58,132.58,132.58,620.0,0.0
2013-06-04,132.5,132.5,132.5,132.5,920.0,0.0
2013-06-05,132.45,132.45,132.45,132.45,1120.0,0.0
2013-06-06,132.43,132.43,132.43,132.43,1090.0,0.0
2013-06-07,132.32,132.32,132.32,132.32,1310.0,0.0
2013-06-08,132.29,132.29,132.29,132.29,1600.0,0.0
2013-06-09,132.71,132.71,132.71,132.71,1700.0,0.0
2013-06-13,132.59,132.59,132.59,132.59,2370.0,0.0
2013-06-14,132.44,132.44,132.44,132.44,2040.0,0.0
2013-06-17,132.41,132.41,132.41,132.41,2040.0,0.0
2013-06-18,132.31,132.31,132.31,132.31,2210.0,0.0
2013-06-19,131.7,131.7,131.7,131.7,2160.0,0.0
2013-06-20,130.65,130.65,130.65,130.65,2510.0,0.0
2013-06-21,131.04,131.04,131.04,131.04,2420.0,0.0
2013-06-24,131.09,131.09,131.09,131.09,2280.0,0.0
2013-06-25,131.23,131.23,131.23,131.23,2520.0,0.0
2013-06-26,131.91,131.91,131.91,131.91,1710.0,0.0
2013-06-27,132.1,132.1,132.1,132.1,2380.0,0.0
2013-06-28,132.22,132.22,132.22,132.22,3050.0,0.0
2013-07-01,132.21,132.21,132.21,132.21,1270.0,0.0
2013-07-02,132.21,132.21,132.21,132.21,1430.0,0.0
2013-07-03,132.18,132.18,132.18,132.18,1130.0,0.0
2013-07-04,132.21,132.21,132.21,132.21,610.0,0.0
2013-07-05,132.24,132.24,132.24,132.24,1130.0,0.0
2013-07-08,132.16,132.16,132.16,132.16,1050.0,0.0
2013-07-09,132.14,132.14,132.14,132.14,720.0,0.0
2013-07-10,131.67,131.67,131.67,131.67,30.0,0.0
2013-07-11,131.51,131.51,131.51,131.51,570.0,0.0
2013-07-12,131.42,131.42,131.42,131.42,1280.0,0.0
2013-07-15,131.4,131.4,131.4,131.4,760.0,0.0
2013-07-16,131.27,131.27,131.27,131.27,610.0,0.0
2013-07-17,130.88,130.88,130.88,130.88,710.0,0.0
2013-07-18,130.85,130.85,130.85,130.85,370.0,0.0
2013-07-19,130.76,130.76,130.76,130.76,250.0,0.0
2013-07-22,130.48,130.48,130.48,130.48,350.0,0.0
2013-07-23,130.34,130.34,130.34,130.34,320.0,0.0
2013-07-24,129.85,129.85,129.85,129.85,8590.0,0.0
2013-07-25,130.55,130.55,130.55,130.55,1930.0,0.0
2013-07-26,130.57,130.57,130.57,130.57,1300.0,0.0
2013-07-29,130.52,130.52,130.52,130.52,320.0,0.0
2013-07-30,130.58,130.58,130.58,130.58,590.0,0.0
2013-07-31,130.67,130.67,130.67,130.67,710.0,0.0
2013-08-01,130.8,130.8,130.8,130.8,750.0,0.0
2013-08-02,130.86,130.86,130.86,130.86,1990.0,0.0
2013-08-05,130.81,130.81,130.81,130.81,660.0,0.0
2013-08-06,130.74,130.74,130.74,130.74,1060.0,0.0
2013-08-07,130.33,130.33,130.33,130.33,310.0,0.0
2013-08-08,129.87,129.87,129.87,129.87,600.0,0.0
2013-08-09,129.8,129.8,129.8,129.8,970.0,0.0
2013-08-12,129.65,129.65,129.65,129.65,950.0,0.0
2013-08-13,129.06,129.06,129.06,129.06,590.0,0.0
2013-08-14,128.75,128.75,128.75,128.75,1800.0,0.0
2013-08-15,128.63,128.63,128.63,128.63,3800.0,0.0
2013-08-16,128.73,128.73,128.73,128.73,3520.0,0.0
2013-08-19,128.35,128.35,128.35,128.35,1500.0,0.0
2013-08-20,127.94,127.94,127.94,127.94,790.0,0.0
2013-08-21,128.12,128.12,128.12,128.12,980.0,0.0
2013-08-22,128.14,128.14,128.14,128.14,570.0,0.0
2013-08-23,128.47,128.47,128.47,128.47,2000.0,0.0
2013-08-26,128.7,128.7,128.7,128.7,680.0,0.0
2013-08-27,128.63,128.63,128.63,128.63,1640.0,0.0
2013-08-28,128.27,128.27,128.27,128.27,730.0,0.0
2013-08-29,128.23,128.23,128.23,128.23,1040.0,0.0
2013-08-30,128.28,128.28,128.28,128.28,370.0,0.0
2013-09-02,128.26,128.26,128.26,128.26,150.0,0.0
2013-09-03,128.27,128.27,128.27,128.27,0.0,0.0
2013-09-04,128.12,128.12,128.12,128.12,620.0,0.0
2013-09-05,128.15,128.15,128.15,128.15,1450.0,0.0
2013-09-06,128.24,128.24,128.24,128.24,1390.0,0.0
2013-09-09,128.1,128.1,128.1,128.1,560.0,0.0
2013-09-10,127.92,127.92,127.92,127.92,1000.0,0.0
2013-09-11,127.61,127.61,127.61,127.61,810.0,0.0
2013-09-12,127.47,127.47,127.47,127.47,640.0,0.0
2013-09-13,127.41,127.41,127.41,127.41,640.0,0.0
2013-09-16,127.53,127.53,127.53,127.53,790.0,0.0
2013-09-17,127.89,127.89,127.89,127.89,470.0,0.0
2013-09-18,127.97,127.97,127.97,127.97,850.0,0.0
2013-09-22,128.62,128.62,128.62,128.62,350.0,0.0
2013-09-23,128.54,128.54,128.54,128.54,700.0,0.0
2013-09-24,128.44,128.44,128.44,128.44,930.0,0.0
2013-09-25,128.53,128.53,128.53,128.53,810.0,0.0
2013-09-26,128.74,128.74,128.74,128.74,490.0,0.0
2013-09-27,128.68,128.68,128.68,128.68,530.0,0.0
2013-09-29,128.66,128.66,128.66,128.66,300.0,0.0
2013-09-30,128.72,128.72,128.72,128.72,720.0,0.0
2013-10-08,128.81,128.81,128.81,128.81,1050.0,0.0
2013-10-09,128.74,128.74,128.74,128.74,3110.0,0.0
2013-10-10,128.82,128.82,128.82,128.82,2320.0,0.0
2013-10-11,128.8,128.8,128.8,128.8,2240.0,0.0
2013-10-12,128.82,128.82,128.82,128.82,1440.0,0.0
2013-10-14,128.52,128.52,128.52,128.52,1610.0,0.0
2013-10-15,128.42,128.42,128.42,128.42,2330.0,0.0
2013-10-16,128.31,128.31,128.31,128.31,2610.0,0.0
2013-10-17,128.23,128.23,128.23,128.23,5200.0,0.0
2013-10-18,128.12,128.12,128.12,128.12,2210.0,0.0
2013-10-21,128.07,128.07,128.07,128.07,1580.0,0.0
2013-10-22,127.99,127.99,127.99,127.99,3740.0,0.0
2013-10-23,127.85,127.85,127.85,127.85,5450.0,0.0
2013-10-24,127.65,127.65,127.65,127.65,6120.0,0.0
2013-10-25,127.61,127.61,127.61,127.61,3800.0,0.0
2013-10-28,127.63,127.63,127.63,127.63,1150.0,0.0
2013-10-29,127.54,127.54,127.54,127.54,1435.0,0.0
2013-10-30,127.41,127.41,127.41,127.41,13634.0,0.0
2013-10-31,127.63,127.63,127.63,127.63,4531.0,0.0
2013-11-01,127.82,127.82,127.82,127.82,3470.0,0.0
2013-11-04,127.76,127.76,127.76,127.76,5030.0,0.0
2013-11-05,127.61,127.61,127.61,127.61,6360.0,0.0
2013-11-06,127.44,127.44,127.44,127.44,5110.0,0.0
2013-11-07,126.9,126.9,126.9,126.9,7210.0,0.0
2013-11-08,126.66,126.66,126.66,126.66,8890.0,0.0
2013-11-11,125.95,125.95,125.95,125.95,5020.0,0.0
2013-11-12,125.94,125.94,125.94,125.94,5990.0,0.0
2013-11-13,125.43,125.43,125.43,125.43,5520.0,0.0
2013-11-14,125.13,125.13,125.13,125.13,6370.0,0.0
2013-11-15,124.58,124.58,124.58,124.58,6200.0,0.0
2013-11-18,124.4,124.4,124.4,124.4,6250.0,0.0
2013-11-19,124.1,124.1,124.1,124.1,5090.0,0.0
2013-11-20,123.69,123.69,123.69,123.69,2620.0,0.0
2013-11-21,123.68,123.68,123.68,123.68,4130.0,0.0
2013-11-22,124.32,124.32,124.32,124.32,3060.0,0.0
2013-11-25,124.33,124.33,124.33,124.33,4005.0,0.0
2013-11-26,124.38,124.38,124.38,124.38,4910.0,0.0
2013-11-27,124.72,124.72,124.72,124.72,10645.0,0.0
2013-11-28,125.37,125.37,125.37,125.37,5890.0,0.0
2013-11-29,126.01,126.01,126.01,126.01,5520.0,0.0
2013-12-02,125.41,125.41,125.41,125.41,5640.0,0.0
2013-12-03,125.77,125.77,125.77,125.77,6330.0,0.0
2013-12-04,125.65,125.65,125.65,125.65,3720.0,0.0
2013-12-05,125.37,125.37,125.37,125.37,3630.0,0.0
2013-12-06,125.37,125.37,125.37,125.37,4800.0,0.0
2013-12-09,125.07,125.07,125.07,125.07,2380.0,0.0
2013-12-10,124.54,124.54,124.54,124.54,4060.0,0.0
2013-12-11,124.2,124.2,124.2,124.2,3730.0,0.0
2013-12-12,124.35,124.35,124.35,124.35,3560.0,0.0
2013-12-13,124.91,124.91,124.91,124.91,5070.0,0.0
2013-12-16,124.85,124.85,124.85,124.85,4590.0,0.0
2013-12-17,124.85,124.85,124.85,124.85,3580.0,0.0
2013-12-18,124.78,124.78,124.78,124.78,3430.0,0.0
2013-12-19,124.62,124.62,124.62,124.62,3580.0,0.0
2013-12-20,124.59,124.59,124.59,124.59,3510.0,0.0
2013-12-23,124.55,124.55,124.55,124.55,3310.0,0.0
2013-12-24,124.7,124.7,124.7,124.7,920.0,0.0
2013-12-25,124.75,124.75,124.75,124.75,1520.0,0.0
2013-12-26,124.81,124.81,124.81,124.81,1200.0,0.0
2013-12-27,124.77,124.77,124.77,124.77,1710.0,0.0
2013-12-30,124.85,124.85,124.85,124.85,1990.0,0.0
2013-12-31,124.82,124.82,124.82,124.82,1460.0,0.0
2014-01-02,124.68,124.68,124.68,124.68,2120.0,0.0
2014-01-03,124.54,124.54,124.54,124.54,1400.0,0.0
2014-01-06,124.52,124.52,124.52,124.52,2050.0,0.0
2014-01-07,124.44,124.44,124.44,124.44,1860.0,0.0
2014-01-08,124.62,124.62,124.62,124.62,1970.0,0.0
2014-01-09,124.75,124.75,124.75,124.75,3390.0,0.0
2014-01-10,124.88,124.88,124.88,124.88,2510.0,0.0
2014-01-13,124.91,124.91,124.91,124.91,4330.0,0.0
2014-01-14,124.9,124.9,124.9,124.9,2180.0,0.0
2014-01-15,125.05,125.05,125.05,125.05,2000.0,0.0
2014-01-16,125.0,125.0,125.0,125.0,3500.0,0.0
2014-01-17,124.97,124.97,124.97,124.97,2660.0,0.0
2014-01-20,125.01,125.01,125.01,125.01,2120.0,0.0
2014-01-21,125.23,125.23,125.23,125.23,3590.0,0.0
2014-01-22,125.49,125.49,125.49,125.49,4370.0,0.0
2014-01-23,125.68,125.68,125.68,125.68,3060.0,0.0
2014-01-24,125.55,125.55,125.55,125.55,2820.0,0.0
2014-01-26,125.85,125.85,125.85,125.85,1030.0,0.0
2014-01-27,125.94,125.94,125.94,125.94,6830.0,0.0
2014-01-28,126.11,126.11,126.11,126.11,3940.0,0.0
2014-01-29,126.07,126.07,126.07,126.07,2710.0,0.0
2014-01-30,126.01,126.01,126.01,126.01,1120.0,0.0
2014-02-07,126.35,126.35,126.35,126.35,1740.0,0.0
2014-02-08,126.4,126.4,126.4,126.4,2020.0,0.0
2014-02-10,126.34,126.34,126.34,126.34,2960.0,0.0
2014-02-11,126.34,126.34,126.34,126.34,4140.0,0.0
2014-02-12,126.32,126.32,126.32,126.32,4990.0,0.0
2014-02-13,126.37,126.37,126.37,126.37,5430.0,0.0
2014-02-14,126.4,126.4,126.4,126.4,5590.0,0.0
2014-02-17,126.38,126.38,126.38,126.38,5680.0,0.0
2014-02-18,126.28,126.28,126.28,126.28,5610.0,0.0
2014-02-19,126.19,126.19,126.19,126.19,3810.0,0.0
2014-02-20,126.19,126.19,126.19,126.19,4050.0,0.0
2014-02-21,126.25,126.25,126.25,126.25,3790.0,0.0
2014-02-24,126.41,126.41,126.41,126.41,4060.0,0.0
2014-02-25,127.41,127.41,127.41,127.41,6095.0,0.0
2014-02-26,127.28,127.28,127.28,127.28,7990.0,0.0
2014-02-27,127.86,127.86,127.86,127.86,4950.0,0.0
2014-02-28,127.66,127.66,127.66,127.66,6345.0,0.0
2014-03-03,127.48,127.48,127.48,127.48,4350.0,0.0
2014-03-04,127.02,127.02,127.02,127.02,6775.0,0.0
2014-03-05,127.0,127.0,127.0,127.0,5700.0,0.0
2014-03-06,126.92,126.92,126.92,126.92,5350.0,0.0
2014-03-07,126.99,126.99,126.99,126.99,6080.0,0.0
2014-03-10,127.23,127.23,127.23,127.23,5690.0,0.0
2014-03-11,127.15,127.15,127.15,127.15,6600.0,0.0
2014-03-12,127.37,127.37,127.37,127.37,5330.0,0.0
2014-03-13,127.5,127.5,127.5,127.5,5800.0,0.0
2014-03-14,127.57,127.57,127.57,127.57,5080.0,0.0
2014-03-17,127.79,127.79,127.79,127.79,4730.0,0.0
2014-03-18,127.71,127.71,127.71,127.71,4320.0,0.0
2014-03-19,127.64,127.64,127.64,127.64,4260.0,0.0
2014-03-20,127.62,127.62,127.62,127.62,4530.0,0.0
2014-03-21,127.66,127.66,127.66,127.66,4450.0,0.0
2014-03-24,127.71,127.71,127.71,127.71,4230.0,0.0
2014-03-25,127.71,127.71,127.71,127.71,4230.0,0.0
2014-03-26,127.73,127.73,127.73,127.73,4230.0,0.0
2014-03-27,127.72,127.72,127.72,127.72,3670.0,0.0
2014-03-28,127.61,127.61,127.61,127.61,2450.0,0.0
2014-03-31,127.79,127.79,127.79,127.79,2700.0,0.0
2014-04-01,127.8,127.8,127.8,127.8,1360.0,0.0
2014-04-02,127.73,127.73,127.73,127.73,2450.0,0.0
2014-04-03,127.63,127.63,127.63,127.63,3880.0,0.0
2014-04-04,127.55,127.55,127.55,127.55,4670.0,0.0
2014-04-08,127.6,127.6,127.6,127.6,3930.0,0.0
2014-04-09,127.57,127.57,127.57,127.57,4330.0,0.0
2014-04-10,127.66,127.66,127.66,127.66,4030.0,0.0
2014-04-11,127.77,127.77,127.77,127.77,4620.0,0.0
2014-04-14,128.03,128.03,128.03,128.03,4160.0,0.0
2014-04-15,128.13,128.13,128.13,128.13,4870.0,0.0
2014-04-16,128.24,128.24,128.24,128.24,3940.0,0.0
2014-04-17,128.78,128.78,128.78,128.78,4810.0,0.0
2014-04-18,128.78,128.78,128.78,128.78,5410.0,0.0
2014-04-21,128.89,128.89,128.89,128.89,3830.0,0.0
2014-04-22,128.9,128.9,128.9,128.9,4210.0,0.0
2014-04-23,128.76,128.76,128.76,128.76,10950.0,0.0
2014-04-24,128.79,128.79,128.79,128.79,5610.0,0.0
2014-04-25,128.75,128.75,128.75,128.75,3430.0,0.0
2014-04-28,128.8,128.8,128.8,128.8,3230.0,0.0
2014-04-29,128.9,128.9,128.9,128.9,2260.0,0.0
2014-04-30,129.0,129.0,129.0,129.0,1840.0,0.0
2014-05-04,129.27,129.27,129.27,129.27,570.0,0.0
2014-05-05,129.3,129.3,129.3,129.3,2170.0,0.0
2014-05-06,129.48,129.48,129.48,129.48,3680.0,0.0
2014-05-07,129.68,129.68,129.68,129.68,4980.0,0.0
2014-05-08,130.03,130.03,130.03,130.03,4590.0,0.0
2014-05-09,131.19,131.19,131.19,131.19,5200.0,0.0
2014-05-12,131.1,131.1,131.1,131.1,5740.0,0.0
2014-05-13,130.94,130.94,130.94,130.94,3090.0,0.0
2014-05-14,130.88,130.88,130.88,130.88,2070.0,0.0
2014-05-15,130.77,130.77,130.77,130.77,1660.0,0.0
2014-05-16,130.72,130.72,130.72,130.72,1880.0,0.0
2014-05-19,130.78,130.78,130.78,130.78,1570.0,0.0
2014-05-20,130.89,130.89,130.89,130.89,1260.0,0.0
2014-05-21,130.89,130.89,130.89,130.89,1710.0,0.0
2014-05-22,130.91,130.91,130.91,130.91,2120.0,0.0
2014-05-23,131.09,131.09,131.09,131.09,1870.0,0.0
2014-05-26,131.06,131.06,131.06,131.06,1290.0,0.0
2014-05-27,131.11,131.11,131.11,131.11,1240.0,0.0
2014-05-28,131.29,131.29,131.29,131.29,4180.0,0.0
2014-05-29,131.56,131.56,131.56,131.56,2020.0,0.0
2014-05-30,131.86,131.86,131.86,131.86,3590.0,0.0
2014-06-03,132.4,132.4,132.4,132.4,3150.0,0.0
2014-06-04,132.6,132.6,132.6,132.6,2100.0,0.0
2014-06-05,132.47,132.47,132.47,132.47,3990.0,0.0
2014-06-06,132.4,132.4,132.4,132.4,3190.0,0.0
2014-06-09,132.31,132.31,132.31,132.31,2300.0,0.0
2014-06-10,132.44,132.44,132.44,132.44,1770.0,0.0
2014-06-11,132.42,132.42,132.42,132.42,1980.0,0.0
2014-06-12,132.43,132.43,132.43,132.43,2770.0,0.0
2014-06-13,132.32,132.32,132.32,132.32,2495.0,0.0
2014-06-16,132.47,132.47,132.47,132.47,2290.0,0.0
2014-06-17,132.55,132.55,132.55,132.55,2190.0,0.0
2014-06-18,132.57,132.57,132.57,132.57,2580.0,0.0
2014-06-19,132.56,132.56,132.56,132.56,2780.0,0.0
2014-06-20,132.66,132.66,132.66,132.66,2060.0,0.0
2014-06-23,132.67,132.67,132.67,132.67,1840.0,0.0
2014-06-24,132.75,132.75,132.75,132.75,1790.0,0.0
2014-06-25,132.75,132.75,132.75,132.75,2710.0,0.0
2014-06-26,132.8,132.8,132.8,132.8,1720.0,0.0
2014-06-27,132.75,132.75,132.75,132.75,2660.0,0.0
2014-06-30,132.71,132.71,132.71,132.71,1430.0,0.0
2014-07-01,132.57,132.57,132.57,132.57,1167.0,0.0
2014-07-02,132.22,132.22,132.22,132.22,800.0,0.0
2014-07-03,131.98,131.98,131.98,131.98,2007.0,0.0
2014-07-04,131.87,131.87,131.87,131.87,1020.0,0.0
2014-07-07,132.06,132.06,132.06,132.06,1490.0,0.0
2014-07-08,132.13,132.13,132.13,132.13,2350.0,0.0
2014-07-09,132.17,132.17,132.17,132.17,2330.0,0.0
2014-07-10,132.12,132.12,132.12,132.12,2070.0,0.0
2014-07-11,132.14,132.14,132.14,132.14,2400.0,0.0
2014-07-14,132.1,132.1,132.1,132.1,1550.0,0.0
2014-07-15,131.98,131.98,131.98,131.98,1060.0,0.0
2014-07-16,131.44,131.44,131.44,131.44,1460.0,0.0
2014-07-17,131.08,131.08,131.08,131.08,1290.0,0.0
2014-07-18,130.95,130.95,130.95,130.95,1200.0,0.0
2014-07-21,131.02,131.02,131.02,131.02,820.0,0.0
2014-07-22,131.13,131.13,131.13,131.13,860.0,0.0
2014-07-23,131.13,131.13,131.13,131.13,7310.0,0.0
2014-07-24,131.13,131.13,131.13,131.13,2460.0,0.0
2014-07-25,131.19,131.19,131.19,131.19,1470.0,0.0
2014-07-28,131.34,131.34,131.34,131.34,2040.0,0.0
2014-07-29,131.31,131.31,131.31,131.31,1730.0,0.0
2014-07-30,131.28,131.28,131.28,131.28,2020.0,0.0
2014-07-31,131.37,131.37,131.37,131.37,1180.0,0.0
2014-08-01,131.36,131.36,131.36,131.36,2970.0,0.0
2014-08-04,131.65,131.65,131.65,131.65,3030.0,0.0
2014-08-05,131.58,131.58,131.58,131.58,2000.0,0.0
2014-08-06,131.58,131.58,131.58,131.58,1740.0,0.0
2014-08-07,131.54,131.54,131.54,131.54,1910.0,0.0
2014-08-08,131.51,131.51,131.51,131.51,1720.0,0.0
2014-08-11,131.4,131.4,131.4,131.4,1330.0,0.0
2014-08-12,131.41,131.41,131.41,131.41,2050.0,0.0
2014-08-13,131.47,131.47,131.47,131.47,1910.0,0.0
2014-08-14,131.83,131.83,131.83,131.83,2030.0,0.0
2014-08-15,131.95,131.95,131.95,131.95,2120.0,0.0
2014-08-18,131.93,131.93,131.93,131.93,980.0,0.0
2014-08-19,131.9,131.9,131.9,131.9,1300.0,0.0
2014-08-20,131.86,131.86,131.86,131.86,1890.0,0.0
2014-08-21,131.8,131.8,131.8,131.8,500.0,0.0
2014-08-22,131.72,131.72,131.72,131.72,730.0,0.0
2014-08-25,131.89,131.89,131.89,131.89,1420.0,0.0
2014-08-26,131.96,131.96,131.96,131.96,1250.0,0.0
2014-08-27,132.07,132.07,132.07,132.07,8900.0,0.0
2014-08-28,132.15,132.15,132.15,132.15,2960.0,0.0
2014-08-29,132.13,132.13,132.13,132.13,1660.0,0.0
2014-09-01,132.13,132.13,132.13,132.13,2050.0,0.0
2014-09-02,132.1,132.1,132.1,132.1,2350.0,0.0
2014-09-03,132.06,132.06,132.06,132.06,3390.0,0.0
2014-09-04,131.99,131.99,131.99,131.99,3060.0,0.0
2014-09-05,131.91,131.91,131.91,131.91,3020.0,0.0
2014-09-09,131.95,131.95,131.95,131.95,2680.0,0.0
2014-09-10,131.92,131.92,131.92,131.92,2740.0,0.0
2014-09-11,131.95,131.95,131.95,131.95,2700.0,0.0
2014-09-12,132.03,132.03,132.03,132.03,2950.0,0.0
2014-09-15,132.11,132.11,132.11,132.11,2950.0,0.0
2014-09-16,132.15,132.15,132.15,132.15,3880.0,0.0
2014-09-17,132.49,132.49,132.49,132.49,3630.0,0.0
2014-09-18,133.25,133.25,133.25,133.25,3280.0,0.0
2014-09-19,133.98,133.98,133.98,133.98,4730.0,0.0
2014-09-22,134.24,134.24,134.24,134.24,4500.0,0.0
2014-09-23,134.38,134.38,134.38,134.38,2420.0,0.0
2014-09-24,134.29,134.29,134.29,134.29,3290.0,0.0
2014-09-25,134.37,134.37,134.37,134.37,3290.0,0.0
2014-09-26,134.31,134.31,134.31,134.31,5020.0,0.0
2014-09-28,134.36,134.36,134.36,134.36,1270.0,0.0
2014-09-29,134.5,134.5,134.5,134.5,2250.0,0.0
2014-09-30,134.64,134.64,134.64,134.64,2310.0,0.0
2014-10-08,134.67,134.67,134.67,134.67,4450.0,0.0
2014-10-09,134.61,134.61,134.61,134.61,4180.0,0.0
2014-10-10,134.58,134.58,134.58,134.58,5050.0,0.0
2014-10-11,134.63,134.63,134.63,134.63,1190.0,0.0
2014-10-13,134.8,134.8,134.8,134.8,2480.0,0.0
2014-10-14,135.61,135.61,135.61,135.61,3410.0,0.0
2014-10-15,136.28,136.28,136.28,136.28,7430.0,0.0
2014-10-16,136.39,136.39,136.39,136.39,6230.0,0.0
2014-10-17,136.54,136.54,136.54,136.54,6691.5,0.0
2014-10-20,137.16,137.16,137.16,137.16,4870.0,0.0
2014-10-21,137.31,137.31,137.31,137.31,5840.0,0.0
2014-10-22,136.99,136.99,136.99,136.99,12770.0,0.0
2014-10-23,136.75,136.75,136.75,136.75,6800.0,0.0
2014-10-24,136.64,136.64,136.64,136.64,3770.0,0.0
2014-10-27,136.94,136.94,136.94,136.94,3870.0,0.0
2014-10-28,137.11,137.11,137.11,137.11,2980.0,0.0
2014-10-29,137.45,137.45,137.45,137.45,3340.0,0.0
2014-10-30,137.26,137.26,137.26,137.26,3400.0,0.0
2014-10-31,137.25,137.25,137.25,137.25,3360.0,0.0
2014-11-03,137.73,137.73,137.73,137.73,2421.6,0.0
2014-11-04,138.46,138.46,138.46,138.46,5480.0,0.0
2014-11-05,138.84,138.84,138.84,138.84,7110.0,0.0
2014-11-06,138.57,138.57,138.57,138.57,3580.0,0.0
2014-11-07,139.32,139.32,139.32,139.32,2130.0,0.0
2014-11-10,139.83,139.83,139.83,139.83,3260.0,0.0
2014-11-11,139.9,139.9,139.9,139.9,2070.0,0.0
2014-11-12,139.58,139.58,139.58,139.58,4430.0,0.0
2014-11-13,139.1,139.1,139.1,139.1,4060.0,0.0
2014-11-14,138.74,138.74,138.74,138.74,2250.0,0.0
2014-11-17,138.44,138.44,138.44,138.44,4020.0,0.0
2014-11-18,138.82,138.82,138.82,138.82,1530.0,0.0
2014-11-19,138.79,138.79,138.79,138.79,1820.0,0.0
2014-11-20,138.59,138.59,138.59,138.59,1490.0,0.0
2014-11-21,138.46,138.46,138.46,138.46,1050.0,0.0
2014-11-24,140.28,140.28,140.28,140.28,2650.0,0.0
2014-11-25,139.91,139.91,139.91,139.91,3550.0,0.0
2014-11-26,139.92,139.92,139.92,139.92,13510.0,0.0
2014-11-27,139.93,139.93,139.93,139.93,5270.0,0.0
2014-11-28,140.0,140.0,140.0,140.0,2710.0,0.0
2014-12-01,140.1,140.1,140.1,140.1,2990.0,0.0
2014-12-02,139.96,139.96,139.96,139.96,3120.0,0.0
2014-12-03,139.18,139.18,139.18,139.18,2100.0,0.0
2014-12-04,138.71,138.71,138.71,138.71,4930.0,0.0
2014-12-05,137.51,137.51,137.51,137.51,2370.0,0.0
2014-12-08,137.52,137.52,137.52,137.52,3790.0,0.0
2014-12-09,137.6,137.6,137.6,137.6,2800.0,0.0
2014-12-10,138.03,138.03,138.03,138.03,7840.0,0.0
2014-12-11,137.91,137.91,137.91,137.91,2010.6,0.0
2014-12-12,137.83,137.83,137.83,137.83,1080.0,0.0
2014-12-15,137.65,137.65,137.65,137.65,2420.0,0.0
2014-12-16,137.83,137.83,137.83,137.83,2570.0,0.0
2014-12-17,137.96,137.96,137.96,137.96,2345.0,0.0
2014-12-18,137.96,137.96,137.96,137.96,1745.0,0.0
2014-12-19,138.33,138.33,138.33,138.33,650.0,0.0
2014-12-22,138.43,138.43,138.43,138.43,330.0,0.0
2014-12-23,138.82,138.82,138.82,138.82,630.0,0.0
2014-12-24,139.35,139.35,139.35,139.35,880.0,0.0
2014-12-25,139.26,139.26,139.26,139.26,2860.0,0.0
2014-12-26,139.48,139.48,139.48,139.48,2210.0,0.0
2014-12-29,139.39,139.39,139.39,139.39,1170.0,0.0
2014-12-30,139.36,139.36,139.36,139.36,1620.0,0.0
2014-12-31,139.24,139.24,139.24,139.24,1530.0,0.0
2015-01-04,139.39,139.39,139.39,139.39,2410.0,0.0
2015-01-05,139.3,139.3,139.3,139.3,4420.0,0.0
2015-01-06,139.23,139.23,139.23,139.23,6150.0,0.0
2015-01-07,139.25,139.25,139.25,139.25,7750.0,0.0
2015-01-08,139.33,139.33,139.33,139.33,6360.4,0.0
2015-01-09,139.3,139.3,139.3,139.3,3850.0,0.0
2015-01-12,139.35,139.35,139.35,139.35,6150.0,0.0
2015-01-13,139.7,139.7,139.7,139.7,4641.0,0.0
2015-01-14,140.12,140.12,140.12,140.12,6780.0,0.0
2015-01-15,140.33,140.33,140.33,140.33,5101.0,0.0
2015-01-16,140.67,140.67,140.67,140.67,4690.0,0.0
2015-01-19,140.91,140.91,140.91,140.91,6590.0,0.0
2015-01-20,141.01,141.01,141.01,141.01,8590.5,0.0
2015-01-21,141.09,141.09,141.09,141.09,4280.0,0.0
2015-01-22,141.23,141.23,141.23,141.23,4480.0,0.0
2015-01-23,141.39,141.39,141.39,141.39,8520.0,0.0
2015-01-26,141.5,141.5,141.5,141.5,3590.0,0.0
2015-01-27,141.44,141.44,141.44,141.44,4105.0,0.0
2015-01-28,141.32,141.32,141.32,141.32,6175.0,0.0
2015-01-29,141.04,141.04,141.04,141.04,5000.0,0.0
2015-01-30,141.01,141.01,141.01,141.01,3680.0,0.0
2015-02-02,141.21,141.21,141.21,141.21,2500.0,0.0
2015-02-03,141.43,141.43,141.43,141.43,3980.0,0.0
2015-02-04,141.41,141.41,141.41,141.41,10290.0,0.0
2015-02-05,141.62,141.62,141.62,141.62,6334.0,0.0
2015-02-06,141.56,141.56,141.56,141.56,9440.0,0.0
2015-02-09,141.81,141.81,141.81,141.81,4840.0,0.0
2015-02-10,141.92,141.92,141.92,141.92,4240.0,0.0
2015-02-11,142.09,142.09,142.09,142.09,5740.0,0.0
2015-02-12,142.32,142.32,142.32,142.32,8720.0,0.0
2015-02-13,142.62,142.62,142.62,142.62,6680.0,0.0
2015-02-15,142.83,142.83,142.83,142.83,2880.0,0.0
2015-02-16,142.93,142.93,142.93,142.93,2290.0,0.0
2015-02-17,143.03,143.03,143.03,143.03,1570.0,0.0
2015-02-25,143.26,143.26,143.26,143.26,310.0,0.0
2015-02-26,143.02,143.02,143.02,143.02,2290.0,0.0
2015-02-27,143.03,143.03,143.03,143.03,3610.0,0.0
2015-02-28,143.13,143.13,143.13,143.13,2330.0,0.0
2015-03-02,142.9,142.9,142.9,142.9,9790.0,0.0
2015-03-03,142.62,142.62,142.62,142.62,5060.0,0.0
2015-03-04,142.54,142.54,142.54,142.54,4840.0,0.0
2015-03-05,142.1,142.1,142.1,142.1,6100.0,0.0
2015-03-06,142.06,142.06,142.06,142.06,4720.0,0.0
2015-03-09,141.62,141.62,141.62,141.62,4020.0,0.0
2015-03-10,141.71,141.71,141.71,141.71,4050.0,0.0
2015-03-11,142.41,142.41,142.41,142.41,12200.0,0.0
2015-03-12,142.39,142.39,142.39,142.39,8410.0,0.0
2015-03-13,142.22,142.22,142.22,142.22,5950.0,0.0
2015-03-16,141.76,141.76,141.76,141.76,4190.0,0.0
2015-03-17,141.66,141.66,141.66,141.66,5150.0,0.0
2015-03-18,141.53,141.53,141.53,141.53,4990.0,0.0
2015-03-19,141.58,141.58,141.58,141.58,3730.0,0.0
2015-03-20,141.75,141.75,141.75,141.75,4040.0,0.0
2015-03-23,141.83,141.83,141.83,141.83,4300.0,0.0
2015-03-24,141.87,141.87,141.87,141.87,4080.0,0.0
2015-03-25,141.82,141.82,141.82,141.82,15360.0,0.0
2015-03-26,141.17,141.17,141.17,141.17,6930.0,0.0
2015-03-27,141.16,141.16,141.16,141.16,7320.0,0.0
2015-03-30,140.89,140.89,140.89,140.89,6550.0,0.0
2015-03-31,140.19,140.19,140.19,140.19,5540.0,0.0
2015-04-01,140.6,140.6,140.6,140.6,6080.0,0.0
2015-04-02,141.04,141.04,141.04,141.04,8670.0,0.0
2015-04-03,140.9,140.9,140.9,140.9,4620.0,0.0
2015-04-07,140.79,140.79,140.79,140.79,4630.0,0.0
2015-04-08,139.82,139.82,139.82,139.82,6030.0,0.0
2015-04-09,139.82,139.82,139.82,139.82,9691.0,0.0
2015-04-10,140.04,140.04,140.04,140.04,7820.0,0.0
2015-04-13,140.27,140.27,140.27,140.27,6570.0,0.0
2015-04-14,140.54,140.54,140.54,140.54,5610.0,0.0
2015-04-15,140.86,140.86,140.86,140.86,6770.0,0.0
2015-04-16,141.03,141.03,141.03,141.03,14250.0,0.0
2015-04-17,141.14,141.14,141.14,141.14,7940.0,0.0
2015-04-20,142.29,142.29,142.29,142.29,9460.0,0.0
2015-04-21,142.77,142.77,142.77,142.77,9710.0,0.0
2015-04-22,142.62,142.62,142.62,142.62,11600.0,0.0
2015-04-23,142.37,142.37,142.37,142.37,16160.0,0.0
2015-04-24,142.36,142.36,142.36,142.36,12160.0,0.0
2015-04-27,142.58,142.58,142.58,142.58,11530.0,0.0
2015-04-28,142.93,142.93,142.93,142.93,12670.0,0.0
2015-04-29,142.88,142.88,142.88,142.88,14620.0,0.0
2015-04-30,143.06,143.06,143.06,143.06,14040.0,0.0
2015-05-04,143.23,143.23,143.23,143.23,13930.0,0.0
2015-05-05,143.04,143.04,143.04,143.04,12820.0,0.0
2015-05-06,142.54,142.54,142.54,142.54,11420.0,0.0
2015-05-07,142.53,142.53,142.53,142.53,11710.0,0.0
2015-05-08,142.85,142.85,142.85,142.85,11380.0,0.0
2015-05-11,142.77,142.77,142.77,142.77,12070.0,0.0
2015-05-12,142.87,142.87,142.87,142.87,11020.0,0.0
2015-05-13,143.0,143.0,143.0,143.0,21730.0,0.0
2015-05-14,143.12,143.12,143.12,143.12,14110.0,0.0
2015-05-15,143.2,143.2,143.2,143.2,12880.0,0.0
2015-05-18,143.22,143.22,143.22,143.22,11310.0,0.0
2015-05-19,143.07,143.07,143.07,143.07,11300.0,0.0
2015-05-20,143.01,143.01,143.01,143.01,11700.0,0.0
2015-05-21,142.98,142.98,142.98,142.98,8970.0,0.0
2015-05-22,143.06,143.06,143.06,143.06,9860.0,0.0
2015-05-25,143.06,143.06,143.06,143.06,10570.0,0.0
2015-05-26,142.31,142.31,142.31,142.31,11370.0,0.0
2015-05-27,142.32,142.32,142.32,142.32,17510.0,0.0
2015-05-28,141.65,141.65,141.65,141.65,10140.0,0.0
2015-05-29,141.59,141.59,141.59,141.59,8920.0,0.0
2015-06-01,140.98,140.98,140.98,140.98,9780.0,0.0
2015-06-02,141.29,141.29,141.29,141.29,12510.0,0.0
2015-06-03,141.47,141.47,141.47,141.47,9620.0,0.0
2015-06-04,141.56,141.56,141.56,141.56,11063.0,0.0
2015-06-05,141.6,141.6,141.6,141.6,10310.0,0.0
2015-06-08,141.91,141.91,141.91,141.91,9190.0,0.0
2015-06-09,141.99,141.99,141.99,141.99,8640.0,0.0
2015-06-10,141.95,141.95,141.95,141.95,20785.0,0.0
2015-06-11,141.81,141.81,141.81,141.81,12160.0,0.0
2015-06-12,141.68,141.68,141.68,141.68,14670.0,0.0
2015-06-15,141.52,141.52,141.52,141.52,12560.0,0.0
2015-06-16,141.45,141.45,141.45,141.45,13200.0,0.0
2015-06-17,141.6,141.6,141.6,141.6,11170.0,0.0
2015-06-18,141.87,141.87,141.87,141.87,9690.0,0.0
2015-06-19,142.03,142.03,142.03,142.03,11070.0,0.0
2015-06-23,141.93,141.93,141.93,141.93,10470.0,0.0
2015-06-24,141.87,141.87,141.87,141.87,11590.0,0.0
2015-06-25,141.82,141.82,141.82,141.82,14140.0,0.0
2015-06-26,141.92,141.92,141.92,141.92,12300.0,0.0
2015-06-29,141.92,141.92,141.92,141.92,8950.0,0.0
2015-06-30,141.98,141.98,141.98,141.98,13375.0,0.0
2015-07-01,141.84,141.84,141.84,141.84,9265.0,0.0
2015-07-02,141.82,141.82,141.82,141.82,7970.0,0.0
2015-07-03,142.12,142.12,142.12,142.12,12570.0,0.0
2015-07-06,142.86,142.86,142.86,142.86,10380.0,0.0
2015-07-07,143.37,143.37,143.37,143.37,14970.0,0.0
2015-07-08,143.4,143.4,143.4,143.4,11830.0,0.0
2015-07-09,143.62,143.62,143.62,143.62,15250.0,0.0
2015-07-10,143.1,143.1,143.1,143.1,10710.0,0.0
2015-07-13,143.17,143.17,143.17,143.17,9512.0,0.0
2015-07-14,142.86,142.86,142.86,142.86,9260.0,0.0
2015-07-15,142.74,142.74,142.74,142.74,10312.0,0.0
2015-07-16,142.74,142.74,142.74,142.74,13850.0,0.0
2015-07-17,142.88,142.88,142.88,142.88,10580.0,0.0
2015-07-20,143.09,143.09,143.09,143.09,9760.0,0.0
2015-07-21,143.07,143.07,143.07,143.07,9280.0,0.0
2015-07-22,142.99,142.99,142.99,142.99,11770.0,0.0
2015-07-23,143.15,143.15,143.15,143.15,13090.0,0.0
2015-07-24,143.44,143.44,143.44,143.44,14780.0,0.0
2015-07-27,143.62,143.62,143.62,143.62,10030.0,0.0
2015-07-28,143.79,143.79,143.79,143.79,11000.0,0.0
2015-07-29,143.84,143.84,143.84,143.84,10620.0,0.0
2015-07-30,143.89,143.89,143.89,143.89,10320.0,0.0
2015-07-31,143.5,143.5,143.5,143.5,8820.0,0.0
2015-08-03,143.43,143.43,143.43,143.43,11780.0,0.0
2015-08-04,143.58,143.58,143.58,143.58,11410.0,0.0
2015-08-05,143.67,143.67,143.67,143.67,12020.0,0.0
2015-08-06,143.73,143.73,143.73,143.73,10790.0,0.0
2015-08-07,143.78,143.78,143.78,143.78,8940.0,0.0
2015-08-10,143.81,143.81,143.81,143.81,9090.0,0.0
2015-08-11,143.4,143.4,143.4,143.4,8660.0,0.0
2015-08-12,143.32,143.32,143.32,143.32,9720.0,0.0
2015-08-13,143.26,143.26,143.26,143.26,8460.0,0.0
2015-08-14,143.41,143.41,143.41,143.41,8740.0,0.0
2015-08-17,143.39,143.39,143.39,143.39,9890.0,0.0
2015-08-18,143.38,143.38,143.38,143.38,8530.0,0.0
2015-08-19,143.29,143.29,143.29,143.29,5840.0,0.0
2015-08-20,143.31,143.31,143.31,143.31,6590.0,0.0
2015-08-21,143.39,143.39,143.39,143.39,5390.0,0.0
2015-08-24,143.57,143.57,143.57,143.57,7910.0,0.0
2015-08-25,143.75,143.75,143.75,143.75,5460.0,0.0
2015-08-26,143.82,143.82,143.82,143.82,6800.0,0.0
2015-08-27,144.58,144.58,144.58,144.58,9420.0,0.0
2015-08-28,144.66,144.66,144.66,144.66,13200.0,0.0
2015-08-31,145.16,145.16,145.16,145.16,9090.0,0.0
2015-09-01,145.4,145.4,145.4,145.4,11130.0,0.0
2015-09-02,145.48,145.48,145.48,145.48,5580.0,0.0
2015-09-06,145.49,145.49,145.49,145.49,3030.0,0.0
2015-09-07,145.37,145.37,145.37,145.37,3790.0,0.0
2015-09-08,145.33,145.33,145.33,145.33,15350.0,0.0
2015-09-09,145.26,145.26,145.26,145.26,22460.0,0.0
2015-09-10,145.27,145.27,145.27,145.27,12640.0,0.0
2015-09-11,145.31,145.31,145.31,145.31,13380.0,0.0
2015-09-14,145.36,145.36,145.36,145.36,8280.0,0.0
2015-09-15,145.47,145.47,145.47,145.47,8520.0,0.0
2015-09-16,145.53,145.53,145.53,145.53,20600.0,0.0
2015-09-17,145.53,145.53,145.53,145.53,10750.0,0.0
2015-09-18,145.64,145.64,145.64,145.64,8220.0,0.0
2015-09-21,145.62,145.62,145.62,145.62,9590.0,0.0
2015-09-22,145.59,145.59,145.59,145.59,9110.0,0.0
2015-09-23,145.51,145.51,145.51,145.51,17380.0,0.0
2015-09-24,145.68,145.68,145.68,145.68,9656.4,0.0
2015-09-25,145.67,145.67,145.67,145.67,12209.0,0.0
2015-09-28,145.94,145.94,145.94,145.94,11840.0,0.0
2015-09-29,146.18,146.18,146.18,146.18,16440.0,0.0
2015-09-30,146.4,146.4,146.4,146.4,11950.0,0.0
2015-10-08,146.6,146.6,146.6,146.6,5259.0,0.0
2015-10-09,147.58,147.58,147.58,147.58,13821.6,0.0
2015-10-10,147.62,147.62,147.62,147.62,7720.0,0.0
2015-10-12,147.52,147.52,147.52,147.52,7900.0,0.0
2015-10-13,148.13,148.13,148.13,148.13,10800.0,0.0
2015-10-14,148.91,148.91,148.91,148.91,14160.0,0.0
2015-10-15,148.43,148.43,148.43,148.43,15250.0,0.0
2015-10-16,147.99,147.99,147.99,147.99,12500.0,0.0
2015-10-19,148.02,148.02,148.02,148.02,13460.0,0.0
2015-10-20,148.54,148.54,148.54,148.54,12450.0,0.0
2015-10-21,148.51,148.51,148.51,148.51,13650.0,0.0
2015-10-22,148.54,148.54,148.54,148.54,10455.0,0.0
2015-10-23,148.78,148.78,148.78,148.78,12580.0,0.0
2015-10-26,149.25,149.25,149.25,149.25,12810.0,0.0
2015-10-27,149.61,149.61,149.61,149.61,14550.0,0.0
2015-10-28,149.51,149.51,149.51,149.51,15970.0,0.0
2015-10-29,149.17,149.17,149.17,149.17,14990.0,0.0
2015-10-30,148.95,148.95,148.95,148.95,14240.0,0.0
2015-11-02,149.07,149.07,149.07,149.07,12660.0,0.0
2015-11-03,148.77,148.77,148.77,148.77,10120.0,0.0
2015-11-04,148.45,148.45,148.45,148.45,9640.0,0.0
2015-11-05,148.27,148.27,148.27,148.27,11232.6,0.0
2015-11-06,148.29,148.29,148.29,148.29,11710.0,0.0
2015-11-09,147.37,147.37,147.37,147.37,12150.0,0.0
2015-11-10,147.6,147.6,147.6,147.6,8950.0,0.0
2015-11-11,148.06,148.06,148.06,148.06,31240.0,0.0
2015-11-12,148.11,148.11,148.11,148.11,14280.0,0.0
2015-11-13,148.2,148.2,148.2,148.2,7680.0,0.0
2015-11-16,148.2,148.2,148.2,148.2,7500.0,0.0
2015-11-17,148.22,148.22,148.22,148.22,10790.0,0.0
2015-11-18,148.08,148.08,148.08,148.08,12820.0,0.0
2015-11-19,147.94,147.94,147.94,147.94,12320.0,0.0
2015-11-20,148.11,148.11,148.11,148.11,9940.0,0.0
2015-11-23,148.15,148.15,148.15,148.15,10880.0,0.0
2015-11-24,148.32,148.32,148.32,148.32,10630.0,0.0
2015-11-25,148.53,148.53,148.53,148.53,12440.0,0.0
2015-11-26,148.89,148.89,148.89,148.89,11350.0,0.0
2015-11-27,148.85,148.85,148.85,148.85,14190.0,0.0
2015-11-30,149.14,149.14,149.14,149.14,8390.0,0.0
2015-12-01,149.14,149.14,149.14,149.14,14370.0,0.0
2015-12-02,149.22,149.22,149.22,149.22,13930.0,0.0
2015-12-03,149.33,149.33,149.33,149.33,12440.0,0.0
2015-12-04,149.45,149.45,149.45,149.45,18180.0,0.0
2015-12-07,149.48,149.48,149.48,149.48,12360.0,0.0
2015-12-08,149.62,149.62,149.62,149.62,13920.0,0.0
2015-12-09,149.81,149.81,149.81,149.81,13320.0,0.0
2015-12-10,149.8,149.8,149.8,149.8,11340.0,0.0
2015-12-11,149.95,149.95,149.95,149.95,10600.0,0.0
2015-12-14,149.76,149.76,149.76,149.76,12780.0,0.0
2015-12-15,149.69,149.69,149.69,149.69,12610.0,0.0
2015-12-16,149.91,149.91,149.91,149.91,24280.0,0.0
2015-12-17,149.94,149.94,149.94,149.94,14820.0,0.0
2015-12-18,150.51,150.51,150.51,150.51,17010.0,0.0
2015-12-21,151.28,151.28,151.28,151.28,11980.0,0.0
2015-12-22,151.56,151.56,151.56,151.56,9855.0,0.0
2015-12-23,151.5,151.5,151.5,151.5,10870.0,0.0
2015-12-24,152.08,152.08,152.08,152.08,11440.0,0.0
2015-12-25,151.9,151.9,151.9,151.9,11660.0,0.0
2015-12-28,152.22,152.22,152.22,152.22,12000.0,0.0
2015-12-29,152.07,152.07,152.07,152.07,11050.0,0.0
2015-12-30,152.07,152.07,152.07,152.07,10955.0,0.0
2015-12-31,152.08,152.08,152.08,152.08,3140.0,0.0
2016-01-04,151.61,151.61,151.61,151.61,5550.0,0.0
2016-01-05,151.42,151.42,151.42,151.42,11230.0,0.0
2016-01-06,151.47,151.47,151.47,151.47,12155.0,0.0
2016-01-07,151.7,151.7,151.7,151.7,19010.0,0.0
2016-01-08,151.92,151.92,151.92,151.92,12862.4,0.0
2016-01-11,151.96,151.96,151.96,151.96,24157.0,0.0
2016-01-12,152.29,152.29,152.29,152.29,25110.0,0.0
2016-01-13,152.95,152.95,152.95,152.95,24843.0,0.0
2016-01-14,152.67,152.67,152.67,152.67,19550.0,0.0
2016-01-15,152.71,152.71,152.71,152.71,19980.0,0.0
2016-01-18,152.5,152.5,152.5,152.5,13388.0,0.0
2016-01-19,152.3,152.3,152.3,152.3,11890.0,0.0
2016-01-20,152.12,152.12,152.12,152.12,14098.0,0.0
2016-01-21,152.31,152.31,152.31,152.31,17760.0,0.0
2016-01-22,152.43,152.43,152.43,152.43,12600.0,0.0
2016-01-25,152.04,152.04,152.04,152.04,20480.0,0.0
2016-01-26,151.94,151.94,151.94,151.94,16163.0,0.0
2016-01-27,151.73,151.73,151.73,151.73,19687.0,0.0
2016-01-28,151.66,151.66,151.66,151.66,18860.0,0.0
2016-01-29,151.99,151.99,151.99,151.99,12590.0,0.0
2016-02-01,152.07,152.07,152.07,152.07,9600.0,0.0
2016-02-02,151.96,151.96,151.96,151.96,7680.0,0.0
2016-02-03,151.82,151.82,151.82,151.82,20970.0,0.0
2016-02-04,151.69,151.69,151.69,151.69,16010.0,0.0
2016-02-05,151.81,151.81,151.81,151.81,2440.0,0.0
2016-02-06,151.87,151.87,151.87,151.87,300.0,0.0
2016-02-14,152.48,152.48,152.48,152.48,1140.0,0.0
2016-02-15,152.29,152.29,152.29,152.29,3930.0,0.0
2016-02-16,152.22,152.22,152.22,152.22,9520.0,0.0
2016-02-17,152.18,152.18,152.18,152.18,7370.0,0.0
2016-02-18,152.19,152.19,152.19,152.19,9480.0,0.0
2016-02-19,152.3,152.3,152.3,152.3,10910.0,0.0
2016-02-22,152.29,152.29,152.29,152.29,10620.0,0.0
2016-02-23,152.33,152.33,152.33,152.33,7050.0,0.0
2016-02-24,152.2,152.2,152.2,152.2,7890.0,0.0
2016-02-25,152.19,152.19,152.19,152.19,10350.0,0.0
2016-02-26,152.25,152.25,152.25,152.25,9462.0,0.0
2016-02-29,152.32,152.32,152.32,152.32,11140.0,0.0
2016-03-01,152.43,152.43,152.43,152.43,8370.0,0.0
2016-03-02,152.33,152.33,152.33,152.33,8320.0,0.0
2016-03-03,152.29,152.29,152.29,152.29,14500.0,0.0
2016-03-04,152.17,152.17,152.17,152.17,21950.0,0.0
2016-03-07,151.95,151.95,151.95,151.95,25670.0,0.0
2016-03-08,152.03,152.03,152.03,152.03,18990.0,0.0
2016-03-09,152.21,152.21,152.21,152.21,13230.0,0.0
2016-03-10,152.38,152.38,152.38,152.38,14920.0,0.0
2016-03-11,152.5,152.5,152.5,152.5,11680.0,0.0
2016-03-14,152.6,152.6,152.6,152.6,12430.0,0.0
2016-03-15,152.76,152.76,152.76,152.76,15660.0,0.0
2016-03-16,152.87,152.87,152.87,152.87,12890.0,0.0
2016-03-17,152.98,152.98,152.98,152.98,12428.0,0.0
2016-03-18,152.96,152.96,152.96,152.96,11351.0,0.0
2016-03-21,152.97,152.97,152.97,152.97,9520.0,0.0
2016-03-22,153.0,153.0,153.0,153.0,10800.0,0.0
2016-03-23,152.97,152.97,152.97,152.97,10680.0,0.0
2016-03-24,153.0,153.0,153.0,153.0,9570.0,0.0
2016-03-25,153.12,153.12,153.12,153.12,9181.0,0.0
2016-03-28,153.03,153.03,153.03,153.03,7630.0,0.0
2016-03-29,153.06,153.06,153.06,153.06,10060.0,0.0
2016-03-30,153.05,153.05,153.05,153.05,7687.0,0.0
2016-03-31,153.16,153.16,153.16,153.16,10404.0,0.0
2016-04-01,153.14,153.14,153.14,153.14,5994.0,0.0
2016-04-05,153.22,153.22,153.22,153.22,5277.0,0.0
2016-04-06,153.2,153.2,153.2,153.2,6610.0,0.0
2016-04-07,153.07,153.07,153.07,153.07,8970.0,0.0
2016-04-08,153.02,153.02,153.02,153.02,7420.0,0.0
2016-04-11,153.01,153.01,153.01,153.01,30360.0,0.0
2016-04-12,153.1,153.1,153.1,153.1,10950.0,0.0
2016-04-13,152.97,152.97,152.97,152.97,9850.0,0.0
2016-04-14,152.8,152.8,152.8,152.8,16370.0,0.0
2016-04-15,152.75,152.75,152.75,152.75,17352.0,0.0
2016-04-18,152.89,152.89,152.89,152.89,20480.0,0.0
2016-04-19,152.96,152.96,152.96,152.96,11750.0,0.0
2016-04-20,152.81,152.81,152.81,152.81,10610.0,0.0
2016-04-21,152.78,152.78,152.78,152.78,25880.0,0.0
2016-04-22,152.39,152.39,152.39,152.39,23670.0,0.0
2016-04-25,152.07,152.07,152.07,152.07,45530.0,0.0
2016-04-26,152.21,152.21,152.21,152.21,21540.0,0.0
2016-04-27,152.44,152.44,152.44,152.44,8510.0,0.0
2016-04-28,152.53,152.53,152.53,152.53,12430.0,0.0
2016-04-29,152.55,152.55,152.55,152.55,8240.0,0.0
2016-05-03,152.65,152.65,152.65,152.65,5350.0,0.0
2016-05-04,152.79,152.79,152.79,152.79,11020.0,0.0
2016-05-05,152.87,152.87,152.87,152.87,7080.0,0.0
2016-05-06,152.72,152.72,152.72,152.72,6020.0,0.0
2016-05-09,152.86,152.86,152.86,152.86,5780.0,0.0
2016-05-10,152.85,152.85,152.85,152.85,9500.0,0.0
2016-05-11,152.91,152.91,152.91,152.91,15740.0,0.0
2016-05-12,152.9,152.9,152.9,152.9,9420.0,0.0
2016-05-13,153.03,153.03,153.03,153.03,8970.0,0.0
2016-05-16,152.87,152.87,152.87,152.87,9240.0,0.0
2016-05-17,152.87,152.87,152.87,152.87,7380.0,0.0
2016-05-18,152.71,152.71,152.71,152.71,7250.0,0.0
2016-05-19,152.52,152.52,152.52,152.52,7539.5,0.0
2016-05-20,152.67,152.67,152.67,152.67,7100.0,0.0
2016-05-23,152.7,152.7,152.7,152.7,33490.0,0.0
2016-05-24,152.83,152.83,152.83,152.83,13370.0,0.0
2016-05-25,152.79,152.79,152.79,152.79,13650.0,0.0
2016-05-26,152.75,152.75,152.75,152.75,11190.0,0.0
2016-05-27,152.74,152.74,152.74,152.74,9880.0,0.0
2016-05-30,152.59,152.59,152.59,152.59,10120.0,0.0
2016-05-31,152.66,152.66,152.66,152.66,9509.5,0.0
2016-06-01,152.6,152.6,152.6,152.6,10990.0,0.0
2016-06-02,152.4,152.4,152.4,152.4,12570.0,0.0
2016-06-03,152.28,152.28,152.28,152.28,12340.0,0.0
2016-06-06,152.54,152.54,152.54,152.54,39415.0,0.0
2016-06-07,152.5,152.5,152.5,152.5,16470.0,0.0
2016-06-08,152.6,152.6,152.6,152.6,15370.0,0.0
2016-06-12,152.64,152.64,152.64,152.64,10840.0,0.0
2016-06-13,152.62,152.62,152.62,152.62,12555.0,0.0
2016-06-14,152.78,152.78,152.78,152.78,16600.0,0.0
2016-06-15,153.01,153.01,153.01,153.01,16120.0,0.0
2016-06-16,153.09,153.09,153.09,153.09,15080.0,0.0
2016-06-17,153.03,153.03,153.03,153.03,14250.0,0.0
2016-06-20,153.15,153.15,153.15,153.15,11640.0,0.0
2016-06-21,153.08,153.08,153.08,153.08,14710.0,0.0
2016-06-22,153.21,153.21,153.21,153.21,12695.0,0.0
2016-06-23,153.25,153.25,153.25,153.25,10880.0,0.0
2016-06-24,153.42,153.42,153.42,153.42,10400.0,0.0
2016-06-27,154.03,154.03,154.03,154.03,15160.0,0.0
2016-06-28,154.07,154.07,154.07,154.07,19970.0,0.0
2016-06-29,154.15,154.15,154.15,154.15,15420.0,0.0
2016-06-30,154.05,154.05,154.05,154.05,10470.0,0.0
2016-07-01,154.46,154.46,154.46,154.46,10980.0,0.0
2016-07-04,154.53,154.53,154.53,154.53,15270.0,0.0
2016-07-05,154.41,154.41,154.41,154.41,12687.0,0.0
2016-07-06,154.45,154.45,154.45,154.45,8974.0,0.0
2016-07-07,154.53,154.53,154.53,154.53,9444.0,0.0
2016-07-08,154.57,154.57,154.57,154.57,13844.0,0.0
2016-07-11,154.63,154.63,154.63,154.63,53854.0,0.0
2016-07-12,154.55,154.55,154.55,154.55,12584.0,0.0
2016-07-13,154.53,154.53,154.53,154.53,17674.0,0.0
2016-07-14,154.55,154.55,154.55,154.55,13124.0,0.0
2016-07-15,154.59,154.59,154.59,154.59,11594.0,0.0
2016-07-18,154.63,154.63,154.63,154.63,14744.0,0.0
2016-07-19,154.65,154.65,154.65,154.65,13084.0,0.0
2016-07-20,154.75,154.75,154.75,154.75,13104.0,0.0
2016-07-21,154.99,154.99,154.99,154.99,20264.0,0.0
2016-07-22,155.08,155.08,155.08,155.08,16974.0,0.0
2016-07-25,154.98,154.98,154.98,154.98,37434.0,0.0
2016-07-26,155.06,155.06,155.06,155.06,17104.0,0.0
2016-07-27,154.97,154.97,154.97,154.97,15284.0,0.0
2016-07-28,155.07,155.07,155.07,155.07,17894.0,0.0
2016-07-29,155.1,155.1,155.1,155.1,21024.0,0.0
2016-08-01,155.23,155.23,155.23,155.23,18944.0,0.0
2016-08-02,155.29,155.29,155.29,155.29,12424.0,0.0
2016-08-03,155.25,155.25,155.25,155.25,14714.0,0.0
2016-08-04,155.33,155.33,155.33,155.33,18777.0,0.0
2016-08-05,155.61,155.61,155.61,155.61,12300.0,0.0
2016-08-08,155.62,155.62,155.62,155.62,15150.0,0.0
2016-08-09,155.83,155.83,155.83,155.83,16450.0,0.0
2016-08-10,155.91,155.91,155.91,155.91,20960.0,0.0
2016-08-11,156.07,156.07,156.07,156.07,23367.0,0.0
2016-08-12,156.24,156.24,156.24,156.24,18144.0,0.0
2016-08-15,156.53,156.53,156.53,156.53,19744.0,0.0
2016-08-16,156.67,156.67,156.67,156.67,24404.0,0.0
2016-08-17,156.58,156.58,156.58,156.58,24194.0,0.0
2016-08-18,156.42,156.42,156.42,156.42,22394.0,0.0
2016-08-19,156.38,156.38,156.38,156.38,26554.0,0.0
2016-08-22,156.33,156.33,156.33,156.33,41060.0,0.0
2016-08-23,156.14,156.14,156.14,156.14,27026.0,0.0
2016-08-24,155.89,155.89,155.89,155.89,20304.0,0.0
2016-08-25,156.0,156.0,156.0,156.0,27734.0,0.0
2016-08-26,155.97,155.97,155.97,155.97,22374.0,0.0
2016-08-29,156.06,156.06,156.06,156.06,30352.0,0.0
2016-08-30,155.84,155.84,155.84,155.84,38884.0,0.0
2016-08-31,155.71,155.71,155.71,155.71,30304.0,0.0
2016-09-01,155.72,155.72,155.72,155.72,24984.0,0.0
2016-09-02,155.74,155.74,155.74,155.74,16684.0,0.0
2016-09-05,155.7,155.7,155.7,155.7,16974.0,0.0
2016-09-06,155.66,155.66,155.66,155.66,28194.0,0.0
2016-09-07,155.67,155.67,155.67,155.67,19314.0,0.0
2016-09-08,155.63,155.63,155.63,155.63,22034.0,0.0
2016-09-09,155.68,155.68,155.68,155.68,17374.0,0.0
2016-09-12,155.59,155.59,155.59,155.59,45904.0,0.0
2016-09-13,155.63,155.63,155.63,155.63,24784.0,0.0
2016-09-14,155.71,155.71,155.71,155.71,22299.0,0.0
2016-09-18,155.89,155.89,155.89,155.89,6410.0,0.0
2016-09-19,155.9,155.9,155.9,155.9,11990.0,0.0
2016-09-20,156.04,156.04,156.04,156.04,18299.0,0.0
2016-09-21,156.04,156.04,156.04,156.04,21601.0,0.0
2016-09-22,156.07,156.07,156.07,156.07,15310.0,0.0
2016-09-23,156.04,156.04,156.04,156.04,23490.0,0.0
2016-09-26,156.22,156.22,156.22,156.22,46300.0,0.0
2016-09-27,156.16,156.16,156.16,156.16,23247.0,0.0
2016-09-28,156.21,156.21,156.21,156.21,18040.0,0.0
2016-09-29,156.14,156.14,156.14,156.14,14131.0,0.0
2016-09-30,156.29,156.29,156.29,156.29,10400.0,0.0
2016-10-08,156.42,156.42,156.42,156.42,8500.0,0.0
2016-10-09,156.71,156.71,156.71,156.71,5660.0,0.0
2016-10-10,156.83,156.83,156.83,156.83,10390.0,0.0
2016-10-11,156.83,156.83,156.83,156.83,15060.0,0.0
2016-10-12,156.77,156.77,156.77,156.77,14080.0,0.0
2016-10-13,156.85,156.85,156.85,156.85,19437.0,0.0
2016-10-14,156.97,156.97,156.97,156.97,12070.0,0.0
2016-10-17,156.96,156.96,156.96,156.96,36242.0,0.0
2016-10-18,157.04,157.04,157.04,157.04,22266.0,0.0
2016-10-19,157.22,157.22,157.22,157.22,17710.0,0.0
2016-10-20,157.43,157.43,157.43,157.43,21464.0,0.0
2016-10-21,157.71,157.71,157.71,157.71,24848.0,0.0
2016-10-24,157.84,157.84,157.84,157.84,21830.0,0.0
2016-10-25,157.78,157.78,157.78,157.78,19860.0,0.0
2016-10-26,157.57,157.57,157.57,157.57,22450.0,0.0
2016-10-27,157.34,157.34,157.34,157.34,25420.0,0.0
2016-10-28,157.48,157.48,157.48,157.48,18990.0,0.0
2016-10-31,157.28,157.28,157.28,157.28,27830.0,0.0
2016-11-01,157.28,157.28,157.28,157.28,23140.0,0.0
2016-11-02,157.23,157.23,157.23,157.23,17730.0,0.0
2016-11-03,157.23,157.23,157.23,157.23,14846.0,0.0
2016-11-04,157.25,157.25,157.25,157.25,11920.0,0.0
2016-11-07,157.22,157.22,157.22,157.22,11990.0,0.0
2016-11-08,157.07,157.07,157.07,157.07,14550.0,0.0
2016-11-09,157.01,157.01,157.01,157.01,14590.0,0.0
2016-11-10,156.86,156.86,156.86,156.86,17220.0,0.0
2016-11-11,156.71,156.71,156.71,156.71,22220.0,0.0
2016-11-14,156.35,156.35,156.35,156.35,19260.0,0.0
2016-11-15,156.25,156.25,156.25,156.25,19660.0,0.0
2016-11-16,156.08,156.08,156.08,156.08,20840.0,0.0
2016-11-17,155.92,155.92,155.92,155.92,13379.0,0.0
2016-11-18,155.88,155.88,155.88,155.88,17472.0,0.0
2016-11-21,155.76,155.76,155.76,155.76,21655.0,0.0
2016-11-22,155.9,155.9,155.9,155.9,19460.0,0.0
2016-11-23,156.17,156.17,156.17,156.17,19630.0,0.0
2016-11-24,156.21,156.21,156.21,156.21,19960.0,0.0
2016-11-25,155.9,155.9,155.9,155.9,15320.0,0.0
2016-11-28,156.09,156.09,156.09,156.09,18110.0,0.0
2016-11-29,155.6,155.6,155.6,155.6,16230.0,0.0
2016-11-30,155.2,155.2,155.2,155.2,23493.1,0.0
2016-12-01,154.85,154.85,154.85,154.85,21778.0,0.0
2016-12-02,154.78,154.78,154.78,154.78,23714.4,0.0
2016-12-05,154.41,154.41,154.41,154.41,17630.0,0.0
2016-12-06,153.51,153.51,153.51,153.51,20374.2,0.0
2016-12-07,153.81,153.81,153.81,153.81,17811.0,0.0
2016-12-08,154.01,154.01,154.01,154.01,28539.0,0.0
2016-12-09,153.97,153.97,153.97,153.97,15930.0,0.0
2016-12-12,153.42,153.42,153.42,153.42,34560.0,0.0
2016-12-13,153.06,153.06,153.06,153.06,27632.0,0.0
2016-12-14,152.92,152.92,152.92,152.92,17070.0,0.0
2016-12-15,151.55,151.55,151.55,151.55,22355.0,0.0
2016-12-16,151.94,151.94,151.94,151.94,24856.0,0.0
2016-12-19,151.5,151.5,151.5,151.5,29110.0,0.0
2016-12-20,151.29,151.29,151.29,151.29,10380.0,0.0
2016-12-21,151.98,151.98,151.98,151.98,7960.0,0.0
2016-12-22,152.87,152.87,152.87,152.87,11790.0,0.0
2016-12-23,153.2,153.2,153.2,153.2,7025.0,0.0
2016-12-26,153.76,153.76,153.76,153.76,7245.0,0.0
2016-12-27,153.48,153.48,153.48,153.48,6800.0,0.0
2016-12-28,153.81,153.81,153.81,153.81,14207.4,0.0
2016-12-29,154.52,154.52,154.52,154.52,10965.4,0.0
2016-12-30,154.85,154.85,154.85,154.85,8170.0,0.0
2016-12-31,154.85,154.85,154.85,154.85,340.0,0.0
2017-01-03,154.17,154.17,154.17,154.17,3790.0,0.0
2017-01-04,153.6,153.6,153.6,153.6,7430.0,0.0
2017-01-05,153.12,153.12,153.12,153.12,9030.0,0.0
2017-01-06,153.25,153.25,153.25,153.25,8540.0,0.0
2017-01-09,153.58,153.58,153.58,153.58,16728.5,0.0
2017-01-10,153.62,153.62,153.62,153.62,6640.0,0.0
2017-01-11,153.32,153.32,153.32,153.32,6420.0,0.0
2017-01-12,153.54,153.54,153.54,153.54,8460.0,0.0
2017-01-13,153.53,153.53,153.53,153.53,7980.0,0.0
2017-01-16,153.27,153.27,153.27,153.27,6230.0,0.0
2017-01-17,153.03,153.03,153.03,153.03,7360.0,0.0
2017-01-18,152.96,152.96,152.96,152.96,6450.0,0.0
2017-01-19,152.79,152.79,152.79,152.79,3054.0,0.0
2017-01-20,153.0,153.0,153.0,153.0,4050.0,0.0
2017-01-22,152.97,152.97,152.97,152.97,530.0,0.0
2017-01-23,152.97,152.97,152.97,152.97,9240.0,0.0
2017-01-24,152.62,152.62,152.62,152.62,2900.0,0.0
2017-01-25,152.1,152.1,152.1,152.1,7570.0,0.0
2017-01-26,152.0,152.0,152.0,152.0,2510.0,0.0
2017-02-03,151.61,151.61,151.61,151.61,2500.0,0.0
2017-02-04,151.72,151.72,151.72,151.72,2560.0,0.0
2017-02-06,151.23,151.23,151.23,151.23,5720.0,0.0
2017-02-07,151.15,151.15,151.15,151.15,8190.0,0.0
2017-02-08,151.44,151.44,151.44,151.44,5590.0,0.0
2017-02-09,151.86,151.86,151.86,151.86,6810.0,0.0
2017-02-10,151.58,151.58,151.58,151.58,6260.0,0.0
2017-02-13,151.68,151.68,151.68,151.68,4260.0,0.0
2017-02-14,151.78,151.78,151.78,151.78,5100.0,0.0
2017-02-15,151.83,151.83,151.83,151.83,4200.0,0.0
2017-02-16,152.18,152.18,152.18,152.18,4310.0,0.0
2017-02-17,152.46,152.46,152.46,152.46,7030.0,0.0
2017-02-20,152.73,152.73,152.73,152.73,7840.0,0.0
2017-02-21,152.61,152.61,152.61,152.61,6620.0,0.0
2017-02-22,152.7,152.7,152.7,152.7,7390.0,0.0
2017-02-23,152.79,152.79,152.79,152.79,6270.0,0.0
2017-02-24,152.66,152.66,152.66,152.66,7790.0,0.0
2017-02-27,152.83,152.83,152.83,152.83,12530.0,0.0
2017-02-28,152.85,152.85,152.85,152.85,7660.0,0.0
2017-03-01,152.77,152.77,152.77,152.77,5210.0,0.0
2017-03-02,152.73,152.73,152.73,152.73,6720.0,0.0
2017-03-03,152.69,152.69,152.69,152.69,10890.0,0.0
2017-03-06,152.69,152.69,152.69,152.69,13660.0,0.0
2017-03-07,152.7,152.7,152.7,152.7,9720.0,0.0
2017-03-08,152.49,152.49,152.49,152.49,10670.0,0.0
2017-03-09,152.41,152.41,152.41,152.41,11850.0,0.0
2017-03-10,152.5,152.5,152.5,152.5,9050.0,0.0
2017-03-13,152.55,152.55,152.55,152.55,7290.0,0.0
2017-03-14,152.74,152.74,152.74,152.74,7350.0,0.0
2017-03-15,152.74,152.74,152.74,152.74,6980.0,0.0
2017-03-16,153.16,153.16,153.16,153.16,9780.0,0.0
2017-03-17,153.14,153.14,153.14,153.14,11860.0,0.0
2017-03-20,152.95,152.95,152.95,152.95,6420.0,0.0
2017-03-21,152.7,152.7,152.7,152.7,11140.0,0.0
2017-03-22,152.82,152.82,152.82,152.82,10230.0,0.0
2017-03-23,152.93,152.93,152.93,152.93,7962.0,0.0
2017-03-24,153.35,153.35,153.35,153.35,6732.0,0.0
2017-03-27,153.49,153.49,153.49,153.49,13350.0,0.0
2017-03-28,153.35,153.35,153.35,153.35,8620.0,0.0
2017-03-29,153.24,153.24,153.24,153.24,5638.0,0.0
2017-03-30,153.19,153.19,153.19,153.19,6540.0,0.0
2017-03-31,153.18,153.18,153.18,153.18,7922.0,0.0
2017-04-01,153.29,153.29,153.29,153.29,3620.0,0.0
2017-04-05,153.16,153.16,153.16,153.16,4092.0,0.0
2017-04-06,153.27,153.27,153.27,153.27,10730.0,0.0
2017-04-07,153.22,153.22,153.22,153.22,7820.0,0.0
2017-04-10,153.16,153.16,153.16,153.16,39570.0,0.0
2017-04-11,153.21,153.21,153.21,153.21,10130.0,0.0
2017-04-12,153.16,153.16,153.16,153.16,13929.95,0.0
2017-04-13,153.05,153.05,153.05,153.05,11180.0,0.0
2017-04-14,152.53,152.53,152.53,152.53,10390.0,0.0
2017-04-17,151.94,151.94,151.94,151.94,9035.0,0.0
2017-04-18,151.89,151.89,151.89,151.89,11380.0,0.0
2017-04-19,151.91,151.91,151.91,151.91,10775.0,0.0
2017-04-20,151.65,151.65,151.65,151.65,8297.0,0.0
2017-04-21,151.22,151.22,151.22,151.22,6997.0,0.0
2017-04-24,151.0,151.0,151.0,151.0,27070.0,0.0
2017-04-25,151.41,151.41,151.41,151.41,15850.0,0.0
2017-04-26,151.45,151.45,151.45,151.45,11100.0,0.0
2017-04-27,151.47,151.47,151.47,151.47,9370.0,0.0
2017-04-28,151.38,151.38,151.38,151.38,6850.0,0.0
2017-05-02,151.21,151.21,151.21,151.21,6730.0,0.0
2017-05-03,150.87,150.87,150.87,150.87,7270.0,0.0
2017-05-04,150.55,150.55,150.55,150.55,6520.0,0.0
2017-05-05,150.46,150.46,150.46,150.46,9300.0,0.0
2017-05-08,150.09,150.09,150.09,150.09,4640.0,0.0
2017-05-09,149.81,149.81,149.81,149.81,11180.0,0.0
2017-05-10,149.2,149.2,149.2,149.2,19490.0,0.0
2017-05-11,149.61,149.61,149.61,149.61,15490.0,0.0
2017-05-12,149.59,149.59,149.59,149.59,15750.0,0.0
2017-05-15,149.85,149.85,149.85,149.85,8770.0,0.0
2017-05-16,149.77,149.77,149.77,149.77,7910.0,0.0
2017-05-17,149.43,149.43,149.43,149.43,7840.0,0.0
2017-05-18,149.49,149.49,149.49,149.49,7060.0,0.0
2017-05-19,149.3,149.3,149.3,149.3,7580.0,0.0
2017-05-22,148.97,148.97,148.97,148.97,36160.0,0.0
2017-05-23,149.11,149.11,149.11,149.11,12520.0,0.0
2017-05-24,149.3,149.3,149.3,149.3,12080.0,0.0
2017-05-25,149.49,149.49,149.49,149.49,10050.0,0.0
2017-05-26,149.48,149.48,149.48,149.48,7670.0,0.0
2017-05-27,149.58,149.58,149.58,149.58,860.0,0.0
2017-05-31,150.05,150.05,150.05,150.05,2520.0,0.0
2017-06-01,149.98,149.98,149.98,149.98,4510.0,0.0
2017-06-02,149.94,149.94,149.94,149.94,3250.0,0.0
2017-06-05,150.06,150.06,150.06,150.06,4590.0,0.0
2017-06-06,149.99,149.99,149.99,149.99,5600.0,0.0
2017-06-07,149.82,149.82,149.82,149.82,5990.0,0.0
2017-06-08,149.84,149.84,149.84,149.84,7190.0,0.0
2017-06-09,150.05,150.05,150.05,150.05,4566.0,0.0
2017-06-12,150.63,150.63,150.63,150.63,49446.0,0.0
2017-06-13,150.73,150.73,150.73,150.73,18175.0,0.0
2017-06-14,151.01,151.01,151.01,151.01,14570.0,0.0
2017-06-15,150.91,150.91,150.91,150.91,20270.0,0.0
2017-06-16,150.79,150.79,150.79,150.79,21600.0,0.0
2017-06-19,151.51,151.51,151.51,151.51,14950.0,0.0
2017-06-20,151.55,151.55,151.55,151.55,20830.0,0.0
2017-06-21,151.03,151.03,151.03,151.03,16030.0,0.0
2017-06-22,150.9,150.9,150.9,150.9,14220.0,0.0
2017-06-23,151.0,151.0,151.0,151.0,11280.0,0.0
2017-06-26,151.34,151.34,151.34,151.34,11150.0,0.0
2017-06-27,151.46,151.46,151.46,151.46,22240.0,0.0
2017-06-28,151.27,151.27,151.27,151.27,18730.0,0.0
2017-06-29,151.18,151.18,151.18,151.18,20600.0,0.0
2017-06-30,150.96,150.96,150.96,150.96,14930.0,0.0
2017-07-03,150.63,150.63,150.63,150.63,17840.0,0.0
2017-07-04,150.67,150.67,150.67,150.67,14080.0,0.0
2017-07-05,151.01,151.01,151.01,151.01,12010.0,0.0
2017-07-06,151.15,151.15,151.15,151.15,17050.0,0.0
2017-07-07,151.02,151.02,151.02,151.02,13310.0,0.0
2017-07-10,150.99,150.99,150.99,150.99,39400.0,0.0
2017-07-11,151.08,151.08,151.08,151.08,8186.0,0.0
2017-07-12,151.19,151.19,151.19,151.19,9330.0,0.0
2017-07-13,151.36,151.36,151.36,151.36,15660.0,0.0
2017-07-14,151.34,151.34,151.34,151.34,16040.0,0.0
2017-07-17,151.43,151.43,151.43,151.43,12190.0,0.0
2017-07-18,151.12,151.12,151.12,151.12,15911.0,0.0
2017-07-19,151.12,151.12,151.12,151.12,10832.0,0.0
2017-07-20,151.19,151.19,151.19,151.19,10612.0,0.0
2017-07-21,151.15,151.15,151.15,151.15,9442.0,0.0
2017-07-24,151.18,151.18,151.18,151.18,38505.0,0.0
2017-07-25,151.11,151.11,151.11,151.11,11942.0,0.0
2017-07-26,150.86,150.86,150.86,150.86,13682.0,0.0
2017-07-27,151.0,151.0,151.0,151.0,13962.0,0.0
2017-07-28,151.01,151.01,151.01,151.01,11321.0,0.0
2017-07-31,150.93,150.93,150.93,150.93,6860.0,0.0
2017-08-01,150.77,150.77,150.77,150.77,8140.0,0.0
2017-08-02,150.88,150.88,150.88,150.88,8160.0,0.0
2017-08-03,150.94,150.94,150.94,150.94,6890.0,0.0
2017-08-04,151.01,151.01,151.01,151.01,7010.0,0.0
2017-08-07,150.69,150.69,150.69,150.69,7620.0,0.0
2017-08-08,150.74,150.74,150.74,150.74,12780.0,0.0
2017-08-09,150.68,150.68,150.68,150.68,11940.0,0.0
2017-08-10,150.88,150.88,150.88,150.88,9720.0,0.0
2017-08-11,151.11,151.11,151.11,151.11,11000.0,0.0
2017-08-14,151.3,151.3,151.3,151.3,11400.0,0.0
2017-08-15,151.28,151.28,151.28,151.28,14800.0,0.0
2017-08-16,151.11,151.11,151.11,151.11,16535.0,0.0
2017-08-17,151.15,151.15,151.15,151.15,9505.0,0.0
2017-08-18,151.14,151.14,151.14,151.14,8020.0,0.0
2017-08-21,150.97,150.97,150.97,150.97,35540.0,0.0
2017-08-22,150.96,150.96,150.96,150.96,8890.0,0.0
2017-08-23,151.05,151.05,151.05,151.05,10500.0,0.0
2017-08-24,150.95,150.95,150.95,150.95,9350.0,0.0
2017-08-25,150.91,150.91,150.91,150.91,11360.0,0.0
2017-08-28,150.78,150.78,150.78,150.78,9570.0,0.0
2017-08-29,150.9,150.9,150.9,150.9,9540.0,0.0
2017-08-30,150.94,150.94,150.94,150.94,10780.0,0.0
2017-08-31,151.01,151.01,151.01,151.01,13650.0,0.0
2017-09-01,150.98,150.98,150.98,150.98,13530.0,0.0
2017-09-04,150.94,150.94,150.94,150.94,6290.0,0.0
2017-09-05,150.75,150.75,150.75,150.75,8430.0,0.0
2017-09-06,150.85,150.85,150.85,150.85,9750.0,0.0
2017-09-07,151.21,151.21,151.21,151.21,11220.0,0.0
2017-09-08,151.36,151.36,151.36,151.36,10893.0,0.0
2017-09-11,151.34,151.34,151.34,151.34,41125.0,0.0
2017-09-12,151.38,151.38,151.38,151.38,19719.0,0.0
2017-09-13,151.28,151.28,151.28,151.28,9160.0,0.0
2017-09-14,151.58,151.58,151.58,151.58,10340.0,0.0
2017-09-15,151.59,151.59,151.59,151.59,15790.0,0.0
2017-09-18,151.42,151.42,151.42,151.42,12700.0,0.0
2017-09-19,151.49,151.49,151.49,151.49,12410.0,0.0
2017-09-20,151.44,151.44,151.44,151.44,7860.0,0.0
2017-09-21,151.28,151.28,151.28,151.28,10600.0,0.0
2017-09-22,151.47,151.47,151.47,151.47,11740.0,0.0
2017-09-25,151.69,151.69,151.69,151.69,6520.0,0.0
2017-09-26,151.62,151.62,151.62,151.62,7710.0,0.0
2017-09-27,151.63,151.63,151.63,151.63,8795.0,0.0
2017-09-28,151.68,151.68,151.68,151.68,9475.0,0.0
2017-09-29,151.68,151.68,151.68,151.68,7010.0,0.0
2017-09-30,151.74,151.74,151.74,151.74,3140.0,0.0
2017-10-09,151.59,151.59,151.59,151.59,7760.0,0.0
2017-10-10,151.63,151.63,151.63,151.63,9170.0,0.0
2017-10-11,151.62,151.62,151.62,151.62,10720.1,0.0
2017-10-12,151.45,151.45,151.45,151.45,12610.0,0.0
2017-10-13,151.51,151.51,151.51,151.51,12477.0,0.0
2017-10-16,151.16,151.16,151.16,151.16,38325.0,0.0
2017-10-17,150.8,150.8,150.8,150.8,16697.0,0.0
2017-10-18,150.79,150.79,150.79,150.79,13582.0,0.0
2017-10-19,150.93,150.93,150.93,150.93,9570.0,0.0
2017-10-20,150.92,150.92,150.92,150.92,10960.0,0.0
2017-10-23,150.94,150.94,150.94,150.94,7660.0,0.0
2017-10-24,150.89,150.89,150.89,150.89,8375.0,0.0
2017-10-25,150.36,150.36,150.36,150.36,6880.0,0.0
2017-10-26,150.43,150.43,150.43,150.43,9640.0,0.0
2017-10-27,149.94,149.94,149.94,149.94,8750.0,0.0
2017-10-30,149.04,149.04,149.04,149.04,26970.0,0.0
2017-10-31,149.15,149.15,149.15,149.15,17308.0,0.0
2017-11-01,149.48,149.48,149.48,149.48,10642.0,0.0
2017-11-02,149.44,149.44,149.44,149.44,8965.0,0.0
2017-11-03,149.37,149.37,149.37,149.37,7380.0,0.0
2017-11-06,149.45,149.45,149.45,149.45,7270.0,0.0
2017-11-07,149.31,149.31,149.31,149.31,6445.0,0.0
2017-11-08,149.36,149.36,149.36,149.36,8070.0,0.0
2017-11-09,149.27,149.27,149.27,149.27,5795.0,0.0
2017-11-10,149.1,149.1,149.1,149.1,5030.0,0.0
2017-11-13,148.63,148.63,148.63,148.63,6320.0,0.0
2017-11-14,148.62,148.62,148.62,148.62,7400.0,0.0
2017-11-15,148.69,148.69,148.69,148.69,7220.0,0.0
2017-11-16,148.96,148.96,148.96,148.96,4440.0,0.0
2017-11-17,148.98,148.98,148.98,148.98,6436.0,0.0
2017-11-20,148.84,148.84,148.84,148.84,9517.0,0.0
2017-11-21,148.76,148.76,148.76,148.76,5170.0,0.0
2017-11-22,148.33,148.33,148.33,148.33,9760.0,0.0
2017-11-23,148.56,148.56,148.56,148.56,6840.0,0.0
2017-11-24,148.9,148.9,148.9,148.9,7545.0,0.0
2017-11-27,148.9,148.9,148.9,148.9,6022.0,0.0
2017-11-28,148.92,148.92,148.92,148.92,5537.0,0.0
2017-11-29,149.31,149.31,149.31,149.31,4230.0,0.0
2017-11-30,149.53,149.53,149.53,149.53,5477.0,0.0
2017-12-01,149.57,149.57,149.57,149.57,3874.0,0.0
2017-12-04,149.7,149.7,149.7,149.7,4872.0,0.0
2017-12-05,149.81,149.81,149.81,149.81,4480.0,0.0
2017-12-06,149.84,149.84,149.84,149.84,7246.0,0.0
2017-12-07,149.75,149.75,149.75,149.75,4701.0,0.0
2017-12-08,149.58,149.58,149.58,149.58,7367.0,0.0
2017-12-11,149.24,149.24,149.24,149.24,13374.0,0.0
2017-12-12,149.16,149.16,149.16,149.16,8338.0,0.0
2017-12-13,149.19,149.19,149.19,149.19,11036.0,0.0
2017-12-14,149.34,149.34,149.34,149.34,6728.0,0.0
2017-12-15,149.55,149.55,149.55,149.55,7652.0,0.0
2017-12-18,149.62,149.62,149.62,149.62,6628.0,0.0
2017-12-19,149.65,149.65,149.65,149.65,4644.0,0.0
2017-12-20,149.71,149.71,149.71,149.71,6938.0,0.0
2017-12-21,149.79,149.79,149.79,149.79,6510.0,0.0
2017-12-22,149.93,149.93,149.93,149.93,7738.0,0.0
2017-12-25,149.9,149.9,149.9,149.9,13540.0,0.0
2017-12-26,149.87,149.87,149.87,149.87,6550.0,0.0
2017-12-27,149.84,149.84,149.84,149.84,4610.0,0.0
2017-12-28,149.86,149.86,149.86,149.86,4186.0,0.0
2017-12-29,149.98,149.98,149.98,149.98,3110.0,0.0
2017-12-30,149.99,149.99,149.99,149.99,0.0,0.0
2017-12-31,150.01,150.01,150.01,150.01,0.0,0.0
2018-01-02,149.96,149.96,149.96,149.96,4130.0,0.0
2018-01-03,149.82,149.82,149.82,149.82,6564.0,0.0
2018-01-04,149.7,149.7,149.7,149.7,7440.0,0.0
2018-01-05,149.76,149.76,149.76,149.76,15270.0,0.0
2018-01-08,149.83,149.83,149.83,149.83,5460.0,0.0
2018-01-09,149.99,149.99,149.99,149.99,5090.0,0.0
2018-01-10,149.89,149.89,149.89,149.89,6550.0,0.0
2018-01-11,149.78,149.78,149.78,149.78,5400.0,0.0
2018-01-12,149.84,149.84,149.84,149.84,6450.0,0.0
2018-01-15,149.72,149.72,149.72,149.72,15430.0,0.0
2018-01-16,149.67,149.67,149.67,149.67,5826.0,0.0
2018-01-17,149.69,149.69,149.69,149.69,4610.0,0.0
2018-01-18,149.43,149.43,149.43,149.43,4230.0,0.0
2018-01-19,149.49,149.49,149.49,149.49,3609.0,0.0
2018-01-22,149.37,149.37,149.37,149.37,2576.0,0.0
2018-01-23,149.39,149.39,149.39,149.39,2690.0,0.0
2018-01-24,149.44,149.44,149.44,149.44,4751.2,0.0
2018-01-25,149.52,149.52,149.52,149.52,6362.0,0.0
2018-01-26,149.53,149.53,149.53,149.53,3220.0,0.0
2018-01-29,149.61,149.61,149.61,149.61,8680.0,0.0
2018-01-30,149.64,149.64,149.64,149.64,7360.0,0.0
2018-01-31,149.82,149.82,149.82,149.82,7530.0,0.0
2018-02-01,149.92,149.92,149.92,149.92,4146.0,0.0
2018-02-02,149.95,149.95,149.95,149.95,1921.01,0.0
2018-02-05,149.89,149.89,149.89,149.89,3261.52,0.0
2018-02-06,150.26,150.26,150.26,150.26,4280.0,0.0
2018-02-07,150.38,150.38,150.38,150.38,5105.7,0.0
2018-02-08,150.35,150.35,150.35,150.35,5080.0,0.0
2018-02-09,150.35,150.35,150.35,150.35,4730.0,0.0
2018-02-11,150.35,150.35,150.35,150.35,1120.0,0.0
2018-02-12,150.45,150.45,150.45,150.45,4150.0,0.0
2018-02-13,150.48,150.48,150.48,150.48,3560.0,0.0
2018-02-14,150.57,150.57,150.57,150.57,240.0,0.0
2018-02-22,150.64,150.64,150.64,150.64,260.0,0.0
2018-02-23,150.65,150.65,150.65,150.65,1775.0,0.0
2018-02-24,150.67,150.67,150.67,150.67,610.0,0.0
2018-02-26,150.93,150.93,150.93,150.93,2590.0,0.0
2018-02-27,151.21,151.21,151.21,151.21,8200.0,0.0
2018-02-28,151.2,151.2,151.2,151.2,12380.0,0.0
2018-03-01,151.17,151.17,151.17,151.17,8880.0,0.0
2018-03-02,151.09,151.09,151.09,151.09,7305.0,0.0
2018-03-05,151.07,151.07,151.07,151.07,4540.0,0.0
2018-03-06,151.17,151.17,151.17,151.17,6522.0,0.0
2018-03-07,151.32,151.32,151.32,151.32,4900.0,0.0
2018-03-08,151.37,151.37,151.37,151.37,6750.0,0.0
2018-03-09,151.38,151.38,151.38,151.38,7080.0,0.0
2018-03-12,151.51,151.51,151.51,151.51,3350.0,0.0
2018-03-13,151.5,151.5,151.5,151.5,4740.0,0.0
2018-03-14,151.48,151.48,151.48,151.48,7260.0,0.0
2018-03-15,151.57,151.57,151.57,151.57,7310.0,0.0
2018-03-16,151.61,151.61,151.61,151.61,7638.0,0.0
2018-03-19,151.69,151.69,151.69,151.69,9030.0,0.0
2018-03-20,151.99,151.99,151.99,151.99,7920.0,0.0
2018-03-21,152.11,152.11,152.11,152.11,8420.0,0.0
2018-03-22,152.28,152.28,152.28,152.28,8150.0,0.0
2018-03-23,152.7,152.7,152.7,152.7,6590.0,0.0
2018-03-26,152.73,152.73,152.73,152.73,6880.0,0.0
2018-03-27,152.62,152.62,152.62,152.62,5640.0,0.0
2018-03-28,152.63,152.63,152.63,152.63,4840.0,0.0
2018-03-29,152.52,152.52,152.52,152.52,6393.0,0.0
2018-03-30,152.63,152.63,152.63,152.63,8040.0,0.0
2018-04-02,152.72,152.72,152.72,152.72,1440.0,0.0
2018-04-03,152.57,152.57,152.57,152.57,1240.0,0.0
2018-04-04,152.77,152.77,152.77,152.77,5570.0,0.0
2018-04-08,152.95,152.95,152.95,152.95,1590.0,0.0
2018-04-09,153.18,153.18,153.18,153.18,5080.0,0.0
2018-04-10,153.04,153.04,153.04,153.04,5520.0,0.0
2018-04-11,153.2,153.2,153.2,153.2,5700.0,0.0
2018-04-12,153.27,153.27,153.27,153.27,3811.0,0.0
2018-04-13,153.37,153.37,153.37,153.37,3040.0,0.0
2018-04-16,153.94,153.94,153.94,153.94,17505.0,0.0
2018-04-17,154.04,154.04,154.04,154.04,7550.0,0.0
2018-04-18,155.54,155.54,155.54,155.54,8630.0,0.0
2018-04-19,155.54,155.54,155.54,155.54,11870.0,0.0
2018-04-20,155.47,155.47,155.47,155.47,11270.0,0.0
2018-04-23,155.01,155.01,155.01,155.01,15783.0,0.0
2018-04-24,155.11,155.11,155.11,155.11,7630.0,0.0
2018-04-25,154.82,154.82,154.82,154.82,6092.0,0.0
2018-04-26,154.57,154.57,154.57,154.57,6050.0,0.0
2018-04-27,154.48,154.48,154.48,154.48,2550.0,0.0
2018-04-28,154.56,154.56,154.56,154.56,3790.0,0.0
2018-05-02,154.18,154.18,154.18,154.18,11170.0,0.0
2018-05-03,154.38,154.38,154.38,154.38,7640.0,0.0
2018-05-04,154.64,154.64,154.64,154.64,12270.0,0.0
2018-05-07,154.58,154.58,154.58,154.58,21815.0,0.0
2018-05-08,154.24,154.24,154.24,154.24,12280.0,0.0
2018-05-09,154.13,154.13,154.13,154.13,11095.0,0.0
2018-05-10,154.27,154.27,154.27,154.27,12640.0,0.0
2018-05-11,154.41,154.41,154.41,154.41,9918.0,0.0
2018-05-14,154.41,154.41,154.41,154.41,10794.72,0.0
2018-05-15,154.3,154.3,154.3,154.3,10070.0,0.0
2018-05-16,154.29,154.29,154.29,154.29,7830.0,0.0
2018-05-17,154.33,154.33,154.33,154.33,12010.0,0.0
2018-05-18,154.36,154.36,154.36,154.36,9330.0,0.0
2018-05-21,154.52,154.52,154.52,154.52,6540.0,0.0
2018-05-22,154.71,154.71,154.71,154.71,9770.0,0.0
2018-05-23,154.89,154.89,154.89,154.89,12760.0,0.0
2018-05-24,154.94,154.94,154.94,154.94,12860.0,0.0
2018-05-25,155.27,155.27,155.27,155.27,11375.0,0.0
2018-05-28,155.4,155.4,155.4,155.4,12170.0,0.0
2018-05-29,155.43,155.43,155.43,155.43,5500.0,0.0
2018-05-30,155.54,155.54,155.54,155.54,8880.0,0.0
2018-05-31,155.44,155.44,155.44,155.44,11600.0,0.0
2018-06-01,155.4,155.4,155.4,155.4,7697.04,0.0
2018-06-04,155.12,155.12,155.12,155.12,9290.3,0.0
2018-06-05,155.07,155.07,155.07,155.07,15960.81,0.0
2018-06-06,155.07,155.07,155.07,155.07,10170.0,0.0
2018-06-07,155.0,155.0,155.0,155.0,12670.0,0.0
2018-06-08,155.24,155.24,155.24,155.24,7150.0,0.0
2018-06-11,155.14,155.14,155.14,155.14,6420.0,0.0
2018-06-12,154.89,154.89,154.89,154.89,10180.0,0.0
2018-06-13,155.06,155.06,155.06,155.06,12120.0,0.0
2018-06-14,155.38,155.38,155.38,155.38,9330.0,0.0
2018-06-15,155.69,155.69,155.69,155.69,5080.0,0.0
2018-06-19,156.12,156.12,156.12,156.12,7510.0,0.0
2018-06-20,155.85,155.85,155.85,155.85,17710.0,0.0
2018-06-21,156.09,156.09,156.09,156.09,6550.0,0.0
2018-06-22,156.2,156.2,156.2,156.2,11790.0,0.0
2018-06-25,156.16,156.16,156.16,156.16,50570.0,0.0
2018-06-26,156.18,156.18,156.18,156.18,17078.0,0.0
2018-06-27,156.39,156.39,156.39,156.39,11740.0,0.0
2018-06-28,156.69,156.69,156.69,156.69,12870.0,0.0
2018-06-29,157.23,157.23,157.23,157.23,12635.0,0.0
2018-07-02,157.32,157.32,157.32,157.32,9325.0,0.0
2018-07-03,157.16,157.16,157.16,157.16,15636.44,0.0
2018-07-04,157.07,157.07,157.07,157.07,13810.0,0.0
2018-07-05,157.11,157.11,157.11,157.11,11990.0,0.0
2018-07-06,157.0,157.0,157.0,157.0,8323.0,0.0
2018-07-09,156.82,156.82,156.82,156.82,23730.0,0.0
2018-07-10,156.79,156.79,156.79,156.79,13460.0,0.0
2018-07-11,157.13,157.13,157.13,157.13,8962.34,0.0
2018-07-12,157.07,157.07,157.07,157.07,10570.0,0.0
2018-07-13,157.33,157.33,157.33,157.33,12260.0,0.0
2018-07-16,157.49,157.49,157.49,157.49,8772.0,0.0
2018-07-17,157.54,157.54,157.54,157.54,5934.0,0.0
2018-07-18,157.67,157.67,157.67,157.67,11110.0,0.0
2018-07-19,157.89,157.89,157.89,157.89,13094.0,0.0
2018-07-20,157.35,157.35,157.35,157.35,7332.0,0.0
2018-07-23,157.35,157.35,157.35,157.35,29700.0,0.0
2018-07-24,156.97,156.97,156.97,156.97,10340.0,0.0
2018-07-25,156.93,156.93,156.93,156.93,14150.0,0.0
2018-07-26,157.18,157.18,157.18,157.18,8020.0,0.0
2018-07-27,157.34,157.34,157.34,157.34,9410.0,0.0
2018-07-30,157.36,157.36,157.36,157.36,8430.0,0.0
2018-07-31,157.76,157.76,157.76,157.76,6130.0,0.0
2018-08-01,157.86,157.86,157.86,157.86,11330.0,0.0
2018-08-02,157.92,157.92,157.92,157.92,14420.0,0.0
2018-08-03,158.15,158.15,158.15,158.15,9400.0,0.0
2018-08-06,158.17,158.17,158.17,158.17,30090.0,0.0
2018-08-07,158.01,158.01,158.01,158.01,12150.0,0.0
2018-08-08,157.64,157.64,157.64,157.64,18720.0,0.0
2018-08-09,157.41,157.41,157.41,157.41,7170.0,0.0
2018-08-10,157.31,157.31,157.31,157.31,6610.0,0.0
2018-08-13,157.04,157.04,157.04,157.04,4160.0,0.0
2018-08-14,157.27,157.27,157.27,157.27,5470.0,0.0
2018-08-15,157.11,157.11,157.11,157.11,4330.8,0.0
2018-08-16,156.87,156.87,156.87,156.87,6301.2,0.0
2018-08-17,156.58,156.58,156.58,156.58,4560.0,0.0
2018-08-20,156.59,156.59,156.59,156.59,9390.0,0.0
2018-08-21,156.53,156.53,156.53,156.53,22938.74,0.0
2018-08-22,156.77,156.77,156.77,156.77,8090.0,0.0
2018-08-23,156.82,156.82,156.82,156.82,5580.0,0.0
2018-08-24,156.77,156.77,156.77,156.77,5370.55,0.0
2018-08-27,156.72,156.72,156.72,156.72,3060.0,0.0
2018-08-28,156.79,156.79,156.79,156.79,7960.0,0.0
2018-08-29,156.8,156.8,156.8,156.8,5960.0,0.0
2018-08-30,157.12,157.12,157.12,157.12,7088.0,0.0
2018-08-31,157.12,157.12,157.12,157.12,10729.0,0.0
2018-09-03,157.01,157.01,157.01,157.01,10381.0,0.0
2018-09-04,156.86,156.86,156.86,156.86,5240.0,0.0
2018-09-05,156.84,156.84,156.84,156.84,6360.0,0.0
2018-09-06,156.81,156.81,156.81,156.81,12830.0,0.0
2018-09-07,156.74,156.74,156.74,156.74,9192.0,0.0
2018-09-10,156.5,156.5,156.5,156.5,8680.0,0.0
2018-09-11,156.33,156.33,156.33,156.33,18320.0,0.0
2018-09-12,156.44,156.44,156.44,156.44,10184.0,0.0
2018-09-13,156.53,156.53,156.53,156.53,11840.0,0.0
2018-09-14,156.66,156.66,156.66,156.66,15190.0,0.0
2018-09-17,156.74,156.74,156.74,156.74,20561.54,0.0
2018-09-18,156.71,156.71,156.71,156.71,14520.5,0.0
2018-09-19,156.46,156.46,156.46,156.46,19001.17,0.0
2018-09-20,156.25,156.25,156.25,156.25,15214.28,0.0
2018-09-21,156.45,156.45,156.45,156.45,22080.0,0.0
2018-09-25,156.55,156.55,156.55,156.55,38880.7,0.0
2018-09-26,156.74,156.74,156.74,156.74,28730.0,0.0
2018-09-27,157.04,157.04,157.04,157.04,19280.0,0.0
2018-09-28,157.11,157.11,157.11,157.11,18880.0,0.0
2018-09-29,157.18,157.18,157.18,157.18,4911.0,0.0
2018-09-30,157.18,157.18,157.18,157.18,350.0,0.0
2018-10-08,157.28,157.28,157.28,157.28,3080.0,0.0
2018-10-09,157.29,157.29,157.29,157.29,12240.0,0.0
2018-10-10,157.36,157.36,157.36,157.36,10990.0,0.0
2018-10-11,157.79,157.79,157.79,157.79,14057.0,0.0
2018-10-12,157.77,157.77,157.77,157.77,15580.0,0.0
2018-10-15,157.82,157.82,157.82,157.82,24010.0,0.0
2018-10-16,157.92,157.92,157.92,157.92,20140.0,0.0
2018-10-17,157.9,157.9,157.9,157.9,17913.0,0.0
2018-10-18,158.26,158.26,158.26,158.26,16200.0,0.0
2018-10-19,158.17,158.17,158.17,158.17,19890.0,0.0
2018-10-22,158.03,158.03,158.03,158.03,14740.0,0.0
2018-10-23,158.17,158.17,158.17,158.17,15140.4,0.0
2018-10-24,158.43,158.43,158.43,158.43,12497.0,0.0
2018-10-25,158.5,158.5,158.5,158.5,13912.6,0.0
2018-10-26,158.57,158.57,158.57,158.57,13660.0,0.0
2018-10-29,158.95,158.95,158.95,158.95,16570.0,0.0
2018-10-30,158.93,158.93,158.93,158.93,16700.0,0.0
2018-10-31,158.99,158.99,158.99,158.99,11510.0,0.0
2018-11-01,159.12,159.12,159.12,159.12,12956.0,0.0
2018-11-02,158.7,158.7,158.7,158.7,23754.81,0.0
2018-11-05,158.88,158.88,158.88,158.88,19320.0,0.0
2018-11-06,159.14,159.14,159.14,159.14,19810.0,0.0
2018-11-07,159.4,159.4,159.4,159.4,17495.0,0.0
2018-11-08,159.42,159.42,159.42,159.42,11090.0,0.0
2018-11-09,159.47,159.47,159.47,159.47,13290.0,0.0
2018-11-12,159.5,159.5,159.5,159.5,19400.0,0.0
2018-11-13,159.58,159.58,159.58,159.58,11890.0,0.0
2018-11-14,160.19,160.19,160.19,160.19,21770.0,0.0
2018-11-15,160.4,160.4,160.4,160.4,23446.0,0.0
2018-11-16,160.85,160.85,160.85,160.85,14050.0,0.0
2018-11-19,160.8,160.8,160.8,160.8,18230.0,0.0
2018-11-20,160.69,160.69,160.69,160.69,15859.0,0.0
2018-11-21,160.76,160.76,160.76,160.76,29780.0,0.0
2018-11-22,160.68,160.68,160.68,160.68,26455.0,0.0
2018-11-23,160.69,160.69,160.69,160.69,14295.0,0.0
2018-11-26,160.59,160.59,160.59,160.59,13855.0,0.0
2018-11-27,160.67,160.67,160.67,160.67,38640.0,0.0
2018-11-28,160.83,160.83,160.83,160.83,16000.0,0.0
2018-11-29,161.03,161.03,161.03,161.03,13768.0,0.0
2018-11-30,160.94,160.94,160.94,160.94,15860.0,0.0
2018-12-03,160.96,160.96,160.96,160.96,16490.0,0.0
2018-12-04,161.51,161.51,161.51,161.51,16920.0,0.0
2018-12-05,161.7,161.7,161.7,161.7,16470.0,0.0
2018-12-06,161.92,161.92,161.92,161.92,21480.0,0.0
2018-12-07,161.97,161.97,161.97,161.97,12500.66,0.0
2018-12-10,162.24,162.24,162.24,162.24,6641.56,0.0
2018-12-11,162.26,162.26,162.26,162.26,25160.0,0.0
2018-12-12,162.29,162.29,162.29,162.29,10900.0,0.0
2018-12-13,161.82,161.82,161.82,161.82,16610.0,0.0
2018-12-14,161.77,161.77,161.77,161.77,21410.0,0.0
2018-12-17,161.24,161.24,161.24,161.24,14520.0,0.0
2018-12-18,161.32,161.32,161.32,161.32,17007.0,0.0
2018-12-19,161.53,161.53,161.53,161.53,12415.0,0.0
2018-12-20,161.83,161.83,161.83,161.83,11810.0,0.0
2018-12-21,161.96,161.96,161.96,161.96,8550.0,0.0
2018-12-24,161.89,161.89,161.89,161.89,17820.0,0.0
2018-12-25,161.97,161.97,161.97,161.97,9850.0,0.0
2018-12-26,162.12,162.12,162.12,162.12,11440.0,0.0
2018-12-27,162.48,162.48,162.48,162.48,8270.0,0.0
2018-12-28,162.99,162.99,162.99,162.99,5165.0,0.0
2018-12-29,163.07,163.07,163.07,163.07,1070.0,0.0
2018-12-30,163.08,163.08,163.08,163.08,0.0,0.0
2018-12-31,163.09,163.09,163.09,163.09,0.0,0.0
2019-01-02,163.79,163.79,163.79,163.79,4790.0,0.0
2019-01-03,163.91,163.91,163.91,163.91,10325.0,0.0
2019-01-04,163.93,163.93,163.93,163.93,17280.0,0.0
2019-01-07,163.84,163.84,163.84,163.84,17030.0,0.0
2019-01-08,164.28,164.28,164.28,164.28,12639.0,0.0
2019-01-09,164.27,164.27,164.27,164.27,23250.83,0.0
2019-01-10,164.23,164.23,164.23,164.23,13970.0,0.0
2019-01-11,164.3,164.3,164.3,164.3,11310.0,0.0
2019-01-14,164.12,164.12,164.12,164.12,10471.5,0.0
2019-01-15,164.12,164.12,164.12,164.12,11920.0,0.0
2019-01-16,164.63,164.63,164.63,164.63,21470.0,0.0
2019-01-17,164.78,164.78,164.78,164.78,18868.5,0.0
2019-01-18,164.74,164.74,164.74,164.74,11610.0,0.0
2019-01-21,164.63,164.63,164.63,164.63,15830.0,0.0
2019-01-22,164.66,164.66,164.66,164.66,12845.0,0.0
2019-01-23,164.61,164.61,164.61,164.61,13305.0,0.0
2019-01-24,164.47,164.47,164.47,164.47,11580.0,0.0
2019-01-25,164.51,164.51,164.51,164.51,9957.0,0.0
2019-01-28,164.45,164.45,164.45,164.45,11100.0,0.0
2019-01-29,164.54,164.54,164.54,164.54,11146.0,0.0
2019-01-30,164.76,164.76,164.76,164.76,7640.0,0.0
2019-01-31,164.87,164.87,164.87,164.87,5118.0,0.0
2019-02-01,164.88,164.88,164.88,164.88,2510.0,0.0
2019-02-02,164.93,164.93,164.93,164.93,50.0,0.0
2019-02-03,165.0,165.0,165.0,165.0,0.0,0.0
2019-02-11,165.3,165.3,165.3,165.3,770.0,0.0
2019-02-12,165.3,165.3,165.3,165.3,5530.0,0.0
2019-02-13,165.27,165.27,165.27,165.27,12091.0,0.0
2019-02-14,165.21,165.21,165.21,165.21,13610.8,0.0
2019-02-15,165.25,165.25,165.25,165.25,15618.0,0.0
2019-02-18,164.95,164.95,164.95,164.95,16132.7,0.0
2019-02-19,164.91,164.91,164.91,164.91,25380.0,0.0
2019-02-20,164.99,164.99,164.99,164.99,21393.0,0.0
2019-02-21,164.88,164.88,164.88,164.88,24022.0,0.0
2019-02-22,164.77,164.77,164.77,164.77,15678.0,0.0
2019-02-25,164.4,164.4,164.4,164.4,6295.0,0.0
2019-02-26,164.16,164.16,164.16,164.16,20040.0,0.0
2019-02-27,164.44,164.44,164.44,164.44,19800.0,0.0
2019-02-28,164.39,164.39,164.39,164.39,13518.7,0.0
2019-03-01,164.17,164.17,164.17,164.17,6105.0,0.0
2019-03-04,164.09,164.09,164.09,164.09,18435.0,0.0
2019-03-05,164.01,164.01,164.01,164.01,12130.64,0.0
2019-03-06,164.07,164.07,164.07,164.07,10391.0,0.0
2019-03-07,164.5,164.5,164.5,164.5,12269.66,0.0
2019-03-08,164.63,164.63,164.63,164.63,13789.3,0.0
2019-03-11,164.66,164.66,164.66,164.66,18860.0,0.0
2019-03-12,164.63,164.63,164.63,164.63,17150.0,0.0
2019-03-13,164.66,164.66,164.66,164.66,14040.96,0.0
2019-03-14,164.66,164.66,164.66,164.66,19342.0,0.0
2019-03-15,164.65,164.65,164.65,164.65,9990.0,0.0
2019-03-18,164.74,164.74,164.74,164.74,14685.3,0.0
2019-03-19,164.75,164.75,164.75,164.75,14444.0,0.0
2019-03-20,164.73,164.73,164.73,164.73,22930.3,0.0
2019-03-21,164.85,164.85,164.85,164.85,22940.1,0.0
2019-03-22,165.05,165.05,165.05,165.05,21860.0,0.0
2019-03-25,165.27,165.27,165.27,165.27,26061.2,0.0
2019-03-26,165.5,165.5,165.5,165.5,10120.2,0.0
2019-03-27,165.45,165.45,165.45,165.45,17581.1,0.0
2019-03-28,165.54,165.54,165.54,165.54,11271.4,0.0
2019-03-29,165.54,165.54,165.54,165.54,14992.5,0.0
2019-04-01,164.93,164.93,164.93,164.93,9626.2,0.0
2019-04-02,164.59,164.59,164.59,164.59,11503.36,0.0
2019-04-03,163.91,163.91,163.91,163.91,12850.5,0.0
2019-04-04,163.7,163.7,163.7,163.7,15159.74,0.0
2019-04-08,163.94,163.94,163.94,163.94,13644.3,0.0
2019-04-09,163.58,163.58,163.58,163.58,50230.1,0.0
2019-04-10,163.59,163.59,163.59,163.59,21993.1,0.0
2019-04-11,163.76,163.76,163.76,163.76,15065.0,0.0
2019-04-12,163.37,163.37,163.37,163.37,17840.8,0.0
2019-04-15,162.96,162.96,162.96,162.96,15665.6,0.0
2019-04-16,162.68,162.68,162.68,162.68,12530.3,0.0
2019-04-17,162.72,162.72,162.72,162.72,14200.0,0.0
2019-04-18,163.0,163.0,163.0,163.0,16141.0,0.0
2019-04-19,162.91,162.91,162.91,162.91,8745.0,0.0
2019-04-22,162.5,162.5,162.5,162.5,49450.0,0.0
2019-04-23,162.55,162.55,162.55,162.55,15789.5,0.0
2019-04-24,162.31,162.31,162.31,162.31,19060.0,0.0
2019-04-25,162.4,162.4,162.4,162.4,16463.0,0.0
2019-04-26,162.45,162.45,162.45,162.45,19187.1,0.0
2019-04-28,162.46,162.46,162.46,162.46,8450.0,0.0
2019-04-29,162.45,162.45,162.45,162.45,9100.0,0.0
2019-04-30,162.67,162.67,162.67,162.67,9620.0,0.0
2019-05-05,162.78,162.78,162.78,162.78,6061.2,0.0
2019-05-06,163.18,163.18,163.18,163.18,5802.6,0.0
2019-05-07,163.16,163.16,163.16,163.16,13920.0,0.0
2019-05-08,163.31,163.31,163.31,163.31,16104.8,0.0
2019-05-09,163.7,163.7,163.7,163.7,18629.99,0.0
2019-05-10,163.78,163.78,163.78,163.78,20115.0,0.0
2019-05-13,164.13,164.13,164.13,164.13,45857.8,0.0
2019-05-14,163.98,163.98,163.98,163.98,22717.4,0.0
2019-05-15,164.07,164.07,164.07,164.07,18235.0,0.0
2019-05-16,164.24,164.24,164.24,164.24,15088.05,0.0
2019-05-17,164.26,164.26,164.26,164.26,24860.23,0.0
2019-05-20,164.25,164.25,164.25,164.25,17701.0,0.0
2019-05-21,164.05,164.05,164.05,164.05,13967.0,0.0
2019-05-22,163.87,163.87,163.87,163.87,15720.3,0.0
2019-05-23,163.98,163.98,163.98,163.98,21593.9,0.0
2019-05-24,164.05,164.05,164.05,164.05,18408.0,0.0
2019-05-27,163.73,163.73,163.73,163.73,13970.4,0.0
2019-05-28,163.93,163.93,163.93,163.93,28724.4,0.0
2019-05-29,164.28,164.28,164.28,164.28,16905.0,0.0
2019-05-30,164.4,164.4,164.4,164.4,26316.1,0.0
2019-05-31,164.49,164.49,164.49,164.49,19343.0,0.0
2019-06-03,164.88,164.88,164.88,164.88,14804.4,0.0
2019-06-04,165.15,165.15,165.15,165.15,23633.84,0.0
2019-06-05,165.15,165.15,165.15,165.15,25539.4,0.0
2019-06-06,165.33,165.33,165.33,165.33,22295.3,0.0
2019-06-10,165.29,165.29,165.29,165.29,12330.1,0.0
2019-06-11,164.9,164.9,164.9,164.9,20149.5,0.0
2019-06-12,164.99,164.99,164.99,164.99,32757.49,0.0
2019-06-13,165.14,165.14,165.14,165.14,26339.9,0.0
2019-06-14,165.32,165.32,165.32,165.32,19640.75,0.0
2019-06-17,165.46,165.46,165.46,165.46,12857.97,0.0
2019-06-18,165.37,165.37,165.37,165.37,8103.1,0.0
2019-06-19,165.27,165.27,165.27,165.27,20201.0,0.0
2019-06-20,165.36,165.36,165.36,165.36,19370.0,0.0
2019-06-21,165.37,165.37,165.37,165.37,23213.09,0.0
2019-06-24,165.36,165.36,165.36,165.36,57445.3,0.0
2019-06-25,165.4,165.4,165.4,165.4,25293.0,0.0
2019-06-26,165.4,165.4,165.4,165.4,20680.0,0.0
2019-06-27,165.34,165.34,165.34,165.34,22850.0,0.0
2019-06-28,165.55,165.55,165.55,165.55,9862.0,0.0
2019-07-01,165.56,165.56,165.56,165.56,18013.0,0.0
2019-07-02,166.11,166.11,166.11,166.11,22019.42,0.0
2019-07-03,166.4,166.4,166.4,166.4,25511.0,0.0
2019-07-04,166.44,166.44,166.44,166.44,21626.84,0.0
2019-07-05,166.33,166.33,166.33,166.33,21915.8,0.0
2019-07-08,166.33,166.33,166.33,166.33,41498.43,0.0
2019-07-09,166.36,166.36,166.36,166.36,24739.3,0.0
2019-07-10,166.37,166.37,166.37,166.37,19897.0,0.0
2019-07-11,166.48,166.48,166.48,166.48,17525.63,0.0
2019-07-12,166.59,166.59,166.59,166.59,22280.0,0.0
2019-07-15,166.52,166.52,166.52,166.52,16670.3,0.0
2019-07-16,166.6,166.6,166.6,166.6,27068.5,0.0
2019-07-17,166.54,166.54,166.54,166.54,22013.4,0.0
2019-07-18,166.71,166.71,166.71,166.71,23717.2,0.0
2019-07-19,166.8,166.8,166.8,166.8,21215.44,0.0
2019-07-22,166.88,166.88,166.88,166.88,45430.1,0.0
2019-07-23,166.93,166.93,166.93,166.93,36293.0,0.0
2019-07-24,166.8,166.8,166.8,166.8,36999.0,0.0
2019-07-25,166.88,166.88,166.88,166.88,37904.5,0.0
2019-07-26,166.85,166.85,166.85,166.85,20913.0,0.0
2019-07-29,166.77,166.77,166.77,166.77,24065.0,0.0
2019-07-30,166.83,166.83,166.83,166.83,35357.1,0.0
2019-07-31,167.0,167.0,167.0,167.0,24404.0,0.0
2019-08-01,167.11,167.11,167.11,167.11,31334.0,0.0
2019-08-02,167.66,167.66,167.66,167.66,36871.82,0.0
2019-08-05,168.1,168.1,168.1,168.1,34730.0,0.0
2019-08-06,168.11,168.11,168.11,168.11,29109.0,0.0
2019-08-07,168.19,168.19,168.19,168.19,43884.0,0.0
2019-08-08,168.17,168.17,168.17,168.17,42709.6,0.0
2019-08-09,168.47,168.47,168.47,168.47,31394.7,0.0
2019-08-12,168.36,168.36,168.36,168.36,81852.8,0.0
2019-08-13,168.68,168.68,168.68,168.68,44798.3,0.0
2019-08-14,168.64,168.64,168.64,168.64,49253.0,0.0
2019-08-15,168.72,168.72,168.72,168.72,48702.4,0.0
2019-08-16,168.7,168.7,168.7,168.7,51997.37,0.0
2019-08-19,168.75,168.75,168.75,168.75,40382.0,0.0
2019-08-20,168.68,168.68,168.68,168.68,41530.5,0.0
2019-08-21,168.46,168.46,168.46,168.46,38647.1,0.0
2019-08-22,168.45,168.45,168.45,168.45,45327.6,0.0
2019-08-23,168.44,168.44,168.44,168.44,34979.64,0.0
2019-08-26,168.64,168.64,168.64,168.64,61156.9,0.0
2019-08-27,168.6,168.6,168.6,168.6,53561.88,0.0
2019-08-28,168.57,168.57,168.57,168.57,43207.0,0.0
2019-08-29,168.82,168.82,168.82,168.82,46408.0,0.0
2019-08-30,168.58,168.58,168.58,168.58,47490.29,0.0
2019-09-02,168.47,168.47,168.47,168.47,38173.1,0.0
2019-09-03,168.53,168.53,168.53,168.53,61201.46,0.0
2019-09-04,168.64,168.64,168.64,168.64,62451.5,0.0
2019-09-05,169.1,169.1,169.1,169.1,52044.95,0.0
2019-09-06,169.1,169.1,169.1,169.1,49285.8,0.0
2019-09-09,169.07,169.07,169.07,169.07,96353.98,0.0
2019-09-10,168.85,168.85,168.85,168.85,68256.3,0.0
2019-09-11,168.78,168.78,168.78,168.78,51397.6,0.0
2019-09-12,168.39,168.39,168.39,168.39,45194.76,0.0
2019-09-16,168.43,168.43,168.43,168.43,46058.43,0.0
2019-09-17,168.31,168.31,168.31,168.31,46961.0,0.0
2019-09-18,167.93,167.93,167.93,167.93,57804.8,0.0
2019-09-19,168.1,168.1,168.1,168.1,46137.2,0.0
2019-09-20,168.18,168.18,168.18,168.18,56581.4,0.0
2019-09-23,168.25,168.25,168.25,168.25,83496.08,0.0
2019-09-24,168.1,168.1,168.1,168.1,67047.55,0.0
2019-09-25,168.14,168.14,168.14,168.14,55602.21,0.0
2019-09-26,167.99,167.99,167.99,167.99,44575.0,0.0
2019-09-27,167.83,167.83,167.83,167.83,58772.91,0.0
2019-09-29,167.92,167.92,167.92,167.92,6900.0,0.0
2019-09-30,167.89,167.89,167.89,167.89,4937.0,0.0
2019-10-08,168.38,168.38,168.38,168.38,15153.5,0.0
2019-10-09,168.38,168.38,168.38,168.38,49592.49,0.0
2019-10-10,168.25,168.25,168.25,168.25,63946.1,0.0
2019-10-11,167.96,167.96,167.96,167.96,46400.65,0.0
2019-10-12,167.81,167.81,167.81,167.81,19139.8,0.0
2019-10-14,167.9,167.9,167.9,167.9,59853.8,0.0
2019-10-15,167.85,167.85,167.85,167.85,53078.78,0.0
2019-10-16,167.9,167.9,167.9,167.9,51460.25,0.0
2019-10-17,168.01,168.01,168.01,168.01,46106.2,0.0
2019-10-18,167.78,167.78,167.78,167.78,41848.7,0.0
2019-10-21,167.45,167.45,167.45,167.45,39503.75,0.0
2019-10-22,167.49,167.49,167.49,167.49,49736.3,0.0
2019-10-23,167.44,167.44,167.44,167.44,55059.5,0.0
2019-10-24,167.47,167.47,167.47,167.47,59300.4,0.0
2019-10-25,167.3,167.3,167.3,167.3,37988.05,0.0
2019-10-28,166.75,166.75,166.75,166.75,81589.34,0.0
2019-10-29,166.76,166.76,166.76,166.76,58812.5,0.0
2019-10-30,166.58,166.58,166.58,166.58,60303.5,0.0
2019-10-31,166.96,166.96,166.96,166.96,53460.1,0.0
2019-11-01,167.1,167.1,167.1,167.1,64319.0,0.0
2019-11-04,166.9,166.9,166.9,166.9,52084.17,0.0
2019-11-05,167.43,167.43,167.43,167.43,51134.95,0.0
2019-11-06,167.39,167.39,167.39,167.39,49861.62,0.0
2019-11-07,167.35,167.35,167.35,167.35,60577.0,0.0
2019-11-08,167.33,167.33,167.33,167.33,50973.0,0.0
2019-11-11,167.63,167.63,167.63,167.63,57418.2,0.0
2019-11-12,167.65,167.65,167.65,167.65,71012.33,0.0
2019-11-13,167.86,167.86,167.86,167.86,49733.58,0.0
2019-11-14,167.72,167.72,167.72,167.72,54268.0,0.0
2019-11-15,167.84,167.84,167.84,167.84,33903.02,0.0
2019-11-18,168.37,168.37,168.37,168.37,38265.7,0.0
2019-11-19,168.68,168.68,168.68,168.68,58340.0,0.0
2019-11-20,168.66,168.66,168.66,168.66,46365.2,0.0
2019-11-21,168.69,168.69,168.69,168.69,44249.0,0.0
2019-11-22,168.73,168.73,168.73,168.73,37617.17,0.0
2019-11-25,168.52,168.52,168.52,168.52,25059.1,0.0
2019-11-26,168.65,168.65,168.65,168.65,56065.6,0.0
2019-11-27,168.68,168.68,168.68,168.68,40509.18,0.0
2019-11-28,168.72,168.72,168.72,168.72,55456.93,0.0
2019-11-29,168.81,168.81,168.81,168.81,33268.06,0.0
2019-12-02,168.51,168.51,168.51,168.51,39785.36,0.0
2019-12-03,168.67,168.67,168.67,168.67,56740.37,0.0
2019-12-04,168.71,168.71,168.71,168.71,39157.73,0.0
2019-12-05,168.77,168.77,168.77,168.77,48241.02,0.0
2019-12-06,168.77,168.77,168.77,168.77,39838.66,0.0
2019-12-09,168.82,168.82,168.82,168.82,35375.95,0.0
2019-12-10,168.82,168.82,168.82,168.82,29900.0,0.0
2019-12-11,168.96,168.96,168.96,168.96,36639.68,0.0
2019-12-12,168.99,168.99,168.99,168.99,44920.54,0.0
2019-12-13,168.98,168.98,168.98,168.98,40325.0,0.0
2019-12-16,169.02,169.02,169.02,169.02,48452.02,0.0
2019-12-17,168.89,168.89,168.89,168.89,50395.0,0.0
2019-12-18,168.9,168.9,168.9,168.9,54002.61,0.0
2019-12-19,168.95,168.95,168.95,168.95,40982.2,0.0
2019-12-20,169.29,169.29,169.29,169.29,38956.26,0.0
2019-12-23,169.42,169.42,169.42,169.42,61537.65,0.0
2019-12-24,169.6,169.6,169.6,169.6,47571.64,0.0
2019-12-25,169.68,169.68,169.68,169.68,45360.8,0.0
2019-12-26,170.05,170.05,170.05,170.05,28305.0,0.0
2019-12-27,170.03,170.03,170.03,170.03,37750.8,0.0
2019-12-30,170.05,170.05,170.05,170.05,25000.0,0.0
2019-12-31,170.2,170.2,170.2,170.2,5748.4,0.0
2020-01-02,169.96,169.96,169.96,169.96,11432.25,0.0
2020-01-03,169.88,169.88,169.88,169.88,28191.7,0.0
2020-01-06,170.06,170.06,170.06,170.06,36513.42,0.0
2020-01-07,169.99,169.99,169.99,169.99,37324.2,0.0
2020-01-08,170.04,170.04,170.04,170.04,37181.9,0.0
2020-01-09,170.16,170.16,170.16,170.16,30534.9,0.0
2020-01-10,170.45,170.45,170.45,170.45,45256.0,0.0
2020-01-13,170.49,170.49,170.49,170.49,48016.3,0.0
2020-01-14,170.39,170.39,170.39,170.39,35551.0,0.0
2020-01-15,170.43,170.43,170.43,170.43,49863.76,0.0
2020-01-16,170.46,170.46,170.46,170.46,35793.3,0.0
2020-01-17,170.58,170.58,170.58,170.58,50014.01,0.0
2020-01-19,170.67,170.67,170.67,170.67,25475.7,0.0
2020-01-20,170.9,170.9,170.9,170.9,31339.1,0.0
2020-01-21,171.4,171.4,171.4,171.4,44169.0,0.0
2020-01-22,171.49,171.49,171.49,171.49,34470.22,0.0
2020-01-23,171.9,171.9,171.9,171.9,14178.6,0.0
2020-02-03,173.91,173.91,173.91,173.91,7863.05,0.0
2020-02-04,173.83,173.83,173.83,173.83,13205.0,0.0
2020-02-05,173.73,173.73,173.73,173.73,9259.35,0.0
2020-02-06,173.91,173.91,173.91,173.91,19105.95,0.0
2020-02-07,174.24,174.24,174.24,174.24,13535.4,0.0
2020-02-10,174.41,174.41,174.41,174.41,17565.73,0.0
2020-02-11,174.02,174.02,174.02,174.02,15175.84,0.0
2020-02-12,173.97,173.97,173.97,173.97,19195.8,0.0
2020-02-13,174.0,174.0,174.0,174.0,20509.7,0.0
2020-02-14,173.7,173.7,173.7,173.7,20485.7,0.0
2020-02-17,173.47,173.47,173.47,173.47,21976.52,0.0
2020-02-18,173.61,173.61,173.61,173.61,30288.0,0.0
2020-02-19,173.52,173.52,173.52,173.52,23301.3,0.0
2020-02-20,173.41,173.41,173.41,173.41,26064.01,0.0
2020-02-21,173.76,173.76,173.76,173.76,25535.1,0.0
2020-02-24,174.09,174.09,174.09,174.09,56868.35,0.0
2020-02-25,174.1,174.1,174.1,174.1,41433.58,0.0
2020-02-26,174.2,174.2,174.2,174.2,50943.16,0.0
2020-02-27,174.53,174.53,174.53,174.53,42919.31,0.0
2020-02-28,175.1,175.1,175.1,175.1,47528.56,0.0
2020-03-02,175.09,175.09,175.09,175.09,47404.97,0.0
2020-03-03,175.03,175.03,175.03,175.03,66876.3,0.0
2020-03-04,175.74,175.74,175.74,175.74,51469.59,0.0
2020-03-05,175.7,175.7,175.7,175.7,57386.71,0.0
2020-03-06,176.29,176.29,176.29,176.29,41144.82,0.0
2020-03-09,177.49,177.49,177.49,177.49,58867.64,0.0
2020-03-10,176.45,176.45,176.45,176.45,45486.54,0.0
2020-03-11,176.43,176.43,176.43,176.43,54529.35,0.0
2020-03-12,176.31,176.31,176.31,176.31,50812.16,0.0
2020-03-13,175.76,175.76,175.76,175.76,46927.77,0.0
2020-03-16,175.79,175.79,175.79,175.79,52617.73,0.0
2020-03-17,175.41,175.41,175.41,175.41,41534.13,0.0
2020-03-18,175.39,175.39,175.39,175.39,43477.71,0.0
2020-03-19,175.25,175.25,175.25,175.25,48291.5,0.0
2020-03-20,175.52,175.52,175.52,175.52,51813.69,0.0
2020-03-23,176.08,176.08,176.08,176.08,77645.91,0.0
2020-03-24,176.18,176.18,176.18,176.18,61141.53,0.0
2020-03-25,176.3,176.3,176.3,176.3,74868.89,0.0
2020-03-26,176.72,176.72,176.72,176.72,69105.95,0.0
2020-03-27,176.6,176.6,176.6,176.6,52965.73,0.0
2020-03-30,176.55,176.55,176.55,176.55,48580.56,0.0
2020-03-31,176.88,176.88,176.88,176.88,44884.45,0.0
2020-04-01,177.31,177.31,177.31,177.31,38322.57,0.0
2020-04-02,177.01,177.01,177.01,177.01,49458.15,0.0
2020-04-03,176.78,176.78,176.78,176.78,40380.54,0.0
2020-04-07,177.94,177.94,177.94,177.94,78347.0,0.0
2020-04-08,178.37,178.37,178.37,178.37,67755.09,0.0
2020-04-09,178.03,178.03,178.03,178.03,82860.64,0.0
2020-04-10,177.89,177.89,177.89,177.89,49531.8,0.0
2020-04-13,177.74,177.74,177.74,177.74,48554.06,0.0
2020-04-14,177.81,177.81,177.81,177.81,44347.1,0.0
2020-04-15,178.06,178.06,178.06,178.06,42437.0,0.0
2020-04-16,178.44,178.44,178.44,178.44,60517.3,0.0
2020-04-17,178.16,178.16,178.16,178.16,54561.77,0.0
2020-04-20,177.87,177.87,177.87,177.87,96775.22,0.0
2020-04-21,178.01,178.01,178.01,178.01,63463.9,0.0
2020-04-22,178.28,178.28,178.28,178.28,58060.1,0.0
2020-04-23,179.04,179.04,179.04,179.04,54485.53,0.0
2020-04-24,179.33,179.33,179.33,179.33,100334.53,0.0
2020-04-26,179.26,179.26,179.26,179.26,26723.6,0.0
2020-04-27,179.09,179.09,179.09,179.09,58221.1,0.0
2020-04-28,179.31,179.31,179.31,179.31,50603.57,0.0
2020-04-29,179.73,179.73,179.73,179.73,39209.9,0.0
2020-04-30,179.31,179.31,179.31,179.31,43044.84,0.0
2020-05-06,178.89,178.89,178.89,178.89,29874.98,0.0
2020-05-07,178.04,178.04,178.04,178.04,63111.97,0.0
2020-05-08,178.15,178.15,178.15,178.15,76723.81,0.0
2020-05-09,177.97,177.97,177.97,177.97,18959.5,0.0
2020-05-11,177.52,177.52,177.52,177.52,76470.63,0.0
2020-05-12,177.61,177.61,177.61,177.61,61779.6,0.0
2020-05-13,177.41,177.41,177.41,177.41,57132.0,0.0
2020-05-14,177.4,177.4,177.4,177.4,53395.06,0.0
2020-05-15,177.65,177.65,177.65,177.65,61482.17,0.0
2020-05-18,177.19,177.19,177.19,177.19,48796.83,0.0
2020-05-19,177.06,177.06,177.06,177.06,43522.67,0.0
2020-05-20,177.31,177.31,177.31,177.31,52976.05,0.0
2020-05-21,177.34,177.34,177.34,177.34,51494.32,0.0
2020-05-22,178.23,178.23,178.23,178.23,43817.34,0.0
2020-05-25,177.65,177.65,177.65,177.65,62776.65,0.0
2020-05-26,176.97,176.97,176.97,176.97,70101.2,0.0
2020-05-27,176.77,176.77,176.77,176.77,55063.19,0.0
2020-05-28,176.93,176.93,176.93,176.93,49734.69,0.0
2020-05-29,177.19,177.19,177.19,177.19,61596.59,0.0
2020-06-01,176.89,176.89,176.89,176.89,88405.65,0.0
2020-06-02,176.1,176.1,176.1,176.1,54300.75,0.0
2020-06-03,175.63,175.63,175.63,175.63,59912.13,0.0
2020-06-04,175.29,175.29,175.29,175.29,57305.97,0.0
2020-06-05,175.1,175.1,175.1,175.1,63841.25,0.0
2020-06-08,175.51,175.51,175.51,175.51,40884.69,0.0
2020-06-09,175.5,175.5,175.5,175.5,55174.18,0.0
2020-06-10,175.53,175.53,175.53,175.53,44435.55,0.0
2020-06-11,175.98,175.98,175.98,175.98,42660.96,0.0
2020-06-12,176.19,176.19,176.19,176.19,60875.53,0.0
2020-06-15,176.08,176.08,176.08,176.08,50563.0,0.0
2020-06-16,175.22,175.22,175.22,175.22,63668.58,0.0
2020-06-17,174.8,174.8,174.8,174.8,52563.65,0.0
2020-06-18,175.13,175.13,175.13,175.13,59681.42,0.0
2020-06-19,175.01,175.01,175.01,175.01,51464.76,0.0
2020-06-22,174.71,174.71,174.71,174.71,105913.52,0.0
2020-06-23,174.66,174.66,174.66,174.66,46746.88,0.0
2020-06-24,175.02,175.02,175.02,175.02,60573.8,0.0
2020-06-28,175.28,175.28,175.28,175.28,25100.0,0.0
2020-06-29,175.21,175.21,175.21,175.21,39521.94,0.0
2020-06-30,175.51,175.51,175.51,175.51,40501.42,0.0
2020-07-01,175.37,175.37,175.37,175.37,39319.93,0.0
2020-07-02,175.37,175.37,175.37,175.37,36807.07,0.0
2020-07-03,174.96,174.96,174.96,174.96,64184.9,0.0
2020-07-06,173.83,173.83,173.83,173.83,56919.59,0.0
2020-07-07,173.53,173.53,173.53,173.53,72685.38,0.0
2020-07-08,173.08,173.08,173.08,173.08,56554.09,0.0
2020-07-09,172.6,172.6,172.6,172.6,51107.64,0.0
2020-07-10,173.09,173.09,173.09,173.09,69945.15,0.0
2020-07-13,173.02,173.02,173.02,173.02,38444.23,0.0
2020-07-14,173.38,173.38,173.38,173.38,64822.2,0.0
2020-07-15,174.0,174.0,174.0,174.0,38842.03,0.0
2020-07-16,174.27,174.27,174.27,174.27,46060.33,0.0
2020-07-17,174.17,174.17,174.17,174.17,34990.18,0.0
2020-07-20,174.35,174.35,174.35,174.35,30210.85,0.0
2020-07-21,174.73,174.73,174.73,174.73,28217.02,0.0
2020-07-22,175.04,175.04,175.04,175.04,31435.65,0.0
2020-07-23,174.86,174.86,174.86,174.86,35636.53,0.0
2020-07-24,175.4,175.4,175.4,175.4,41893.36,0.0
2020-07-27,175.25,175.25,175.25,175.25,31933.5,0.0
2020-07-28,174.71,174.71,174.71,174.71,48109.04,0.0
2020-07-29,174.44,174.44,174.44,174.44,31136.04,0.0
2020-07-30,174.4,174.4,174.4,174.4,35455.69,0.0
2020-07-31,174.05,174.05,174.05,174.05,57046.75,0.0
2020-08-03,174.15,174.15,174.15,174.15,37188.45,0.0
2020-08-04,174.22,174.22,174.22,174.22,64261.6,0.0
2020-08-05,174.09,174.09,174.09,174.09,35414.9,0.0
2020-08-06,173.89,173.89,173.89,173.89,44110.73,0.0
2020-08-07,173.79,173.79,173.79,173.79,36312.91,0.0
2020-08-10,174.13,174.13,174.13,174.13,92781.34,0.0
2020-08-11,174.13,174.13,174.13,174.13,46422.18,0.0
2020-08-12,174.12,174.12,174.12,174.12,37225.98,0.0
2020-08-13,174.23,174.23,174.23,174.23,35203.6,0.0
2020-08-14,174.49,174.49,174.49,174.49,31814.09,0.0
2020-08-17,174.59,174.59,174.59,174.59,23952.77,0.0
2020-08-18,174.32,174.32,174.32,174.32,28881.05,0.0
2020-08-19,174.09,174.09,174.09,174.09,27541.21,0.0
2020-08-20,173.83,173.83,173.83,173.83,30766.59,0.0
2020-08-21,174.07,174.07,174.07,174.07,37477.86,0.0
2020-08-24,173.95,173.95,173.95,173.95,87108.71,0.0
2020-08-25,173.41,173.41,173.41,173.41,31220.9,0.0
2020-08-26,173.35,173.35,173.35,173.35,41521.27,0.0
2020-08-27,173.31,173.31,173.31,173.31,29779.5,0.0
2020-08-28,173.05,173.05,173.05,173.05,27913.37,0.0
2020-08-31,173.61,173.61,173.61,173.61,35884.08,0.0
2020-09-01,173.48,173.48,173.48,173.48,43982.45,0.0
2020-09-02,172.92,172.92,172.92,172.92,29324.74,0.0
2020-09-03,172.93,172.93,172.93,172.93,48809.27,0.0
2020-09-04,172.83,172.83,172.83,172.83,33671.06,0.0
2020-09-07,172.62,172.62,172.62,172.62,108822.71,0.0
2020-09-08,172.86,172.86,172.86,172.86,39902.58,0.0
2020-09-09,173.29,173.29,173.29,173.29,28798.86,0.0
2020-09-10,173.33,173.33,173.33,173.33,35915.19,0.0
2020-09-11,172.87,172.87,172.87,172.87,32739.79,0.0
2020-09-14,172.72,172.72,172.72,172.72,39127.77,0.0
2020-09-15,173.12,173.12,173.12,173.12,47207.73,0.0
2020-09-16,173.02,173.02,173.02,173.02,34426.29,0.0
2020-09-17,172.92,172.92,172.92,172.92,36975.78,0.0
2020-09-18,173.04,173.04,173.04,173.04,40882.5,0.0
2020-09-21,173.35,173.35,173.35,173.35,110554.66,0.0
2020-09-22,173.63,173.63,173.63,173.63,60932.46,0.0
2020-09-23,173.59,173.59,173.59,173.59,43346.94,0.0
2020-09-24,173.61,173.61,173.61,173.61,39577.1,0.0
2020-09-25,173.29,173.29,173.29,173.29,49859.22,0.0
2020-09-27,173.29,173.29,173.29,173.29,6447.0,0.0
2020-09-28,173.48,173.48,173.48,173.48,28093.22,0.0
2020-09-29,173.3,173.3,173.3,173.3,41951.16,0.0
2020-09-30,173.01,173.01,173.01,173.01,19433.49,0.0
2020-10-09,172.55,172.55,172.55,172.55,18026.16,0.0
2020-10-10,172.51,172.51,172.51,172.51,3714.55,0.0
2020-10-12,172.58,172.58,172.58,172.58,15460.92,0.0
2020-10-13,172.6,172.6,172.6,172.6,36895.67,0.0
2020-10-14,172.36,172.36,172.36,172.36,0.0,0.0
2020-10-15,172.33,172.33,172.33,172.33,2132.83,0.0
2020-10-16,172.37,172.37,172.37,172.37,33801.19,0.0
2020-10-19,172.65,172.65,172.65,172.65,92886.31,0.0
2020-10-20,172.73,172.73,172.73,172.73,35219.94,0.0
2020-10-21,172.89,172.89,172.89,172.89,5919.4,0.0
2020-10-22,173.2,173.2,173.2,173.2,30565.39,0.0
2020-10-23,172.96,172.96,172.96,172.96,32381.81,0.0
2020-10-26,172.93,172.93,172.93,172.93,19798.94,0.0
2020-10-27,173.23,173.23,173.23,173.23,18151.78,0.0
2020-10-28,173.05,173.05,173.05,173.05,17394.98,0.0
2020-10-29,173.14,173.14,173.14,173.14,30047.48,0.0
2020-10-30,173.19,173.19,173.19,173.19,19535.46,0.0
2020-11-02,173.29,173.29,173.29,173.29,101290.45,0.0
2020-11-03,173.36,173.36,173.36,173.36,31440.49,0.0
2020-11-04,173.54,173.54,173.54,173.54,49333.49,0.0
2020-11-05,173.51,173.51,173.51,173.51,9019.7,0.0
2020-11-06,173.23,173.23,173.23,173.23,330.0,0.0
2020-11-09,173.04,173.04,173.04,173.04,111156.23,0.0
2020-11-10,173.08,173.08,173.08,173.08,35224.07,0.0
2020-11-11,173.12,173.12,173.12,173.12,0.0,0.0
2020-11-12,172.82,172.82,172.82,172.82,0.0,0.0
2020-11-13,172.68,172.68,172.68,172.68,1951.1,0.0
2020-11-16,172.7,172.7,172.7,172.7,34530.25,0.0
2020-11-17,172.57,172.57,172.57,172.57,13870.21,0.0
2020-11-18,172.21,172.21,172.21,172.21,22599.47,0.0
2020-11-19,171.97,171.97,171.97,171.97,20078.69,0.0
2020-11-20,172.15,172.15,172.15,172.15,37326.54,0.0
2020-11-23,172.55,172.55,172.55,172.55,0.0,0.0
2020-11-24,172.41,172.41,172.41,172.41,0.0,0.0
2020-11-25,172.51,172.51,172.51,172.51,31870.49,0.0
2020-11-26,172.47,172.47,172.47,172.47,19411.82,0.0
2020-11-27,172.41,172.41,172.41,172.41,28189.58,0.0
2020-11-30,172.96,172.96,172.96,172.96,26508.55,0.0
2020-12-01,172.83,172.83,172.83,172.83,41983.57,0.0
2020-12-02,172.65,172.65,172.65,172.65,27763.47,0.0
2020-12-03,172.67,172.67,172.67,172.67,32143.98,0.0
2020-12-04,172.83,172.83,172.83,172.83,23674.74,0.0
2020-12-07,172.81,172.81,172.81,172.81,24631.55,0.0
2020-12-08,173.04,173.04,173.04,173.04,25857.76,0.0
2020-12-09,172.94,172.94,172.94,172.94,37708.83,0.0
2020-12-10,173.06,173.06,173.06,173.06,34670.33,0.0
2020-12-11,172.65,172.65,172.65,172.65,31820.45,0.0
2020-12-14,172.71,172.71,172.71,172.71,34442.56,0.0
2020-12-15,172.88,172.88,172.88,172.88,28092.27,0.0
2020-12-16,172.94,172.94,172.94,172.94,3345.45,0.0
2020-12-17,172.9,172.9,172.9,172.9,19360.36,0.0
2020-12-18,172.83,172.83,172.83,172.83,936.5,0.0
2020-12-21,173.11,173.11,173.11,173.11,85377.12,0.0
2020-12-22,173.6,173.6,173.6,173.6,4167.47,0.0
2020-12-23,173.65,173.65,173.65,173.65,90.0,0.0
2020-12-24,173.47,173.47,173.47,173.47,0.0,0.0
2020-12-25,173.83,173.83,173.83,173.83,33442.64,0.0
2020-12-28,174.04,174.04,174.04,174.04,21334.2,0.0
2020-12-29,174.15,174.15,174.15,174.15,11376.86,0.0
2020-12-30,174.52,174.52,174.52,174.52,19979.29,0.0
2020-12-31,174.31,174.31,174.31,174.31,14780.0,0.0
2021-01-04,174.07,174.07,174.07,174.07,2946.74,0.0
2021-01-05,174.39,174.39,174.39,174.39,39537.77,0.0
2021-01-06,174.5,174.5,174.5,174.5,44520.1,0.0
2021-01-07,174.67,174.67,174.67,174.67,47616.94,0.0
2021-01-08,174.43,174.43,174.43,174.43,9221.39,0.0
2021-01-11,174.25,174.25,174.25,174.25,43346.98,0.0
2021-01-12,174.38,174.38,174.38,174.38,43695.06,0.0
2021-01-13,174.79,174.79,174.79,174.79,35682.18,0.0
2021-01-14,175.03,175.03,175.03,175.03,50572.48,0.0
2021-01-15,174.55,174.55,174.55,174.55,23678.4,0.0
2021-01-18,174.43,174.43,174.43,174.43,33872.17,0.0
2021-01-19,174.47,174.47,174.47,174.47,42268.2,0.0
2021-01-20,174.62,174.62,174.62,174.62,7739.8,0.0
2021-01-21,174.93,174.93,174.93,174.93,50917.36,0.0
2021-01-22,175.09,175.09,175.09,175.09,11966.5,0.0
2021-01-25,175.06,175.06,175.06,175.06,142113.04,0.0
2021-01-26,174.62,174.62,174.62,174.62,45165.56,0.0
2021-01-27,174.68,174.68,174.68,174.68,41648.98,0.0
2021-01-28,174.26,174.26,174.26,174.26,38697.7,0.0
2021-01-29,174.34,174.34,174.34,174.34,48853.56,0.0
2021-02-01,174.53,174.53,174.53,174.53,53549.78,0.0
2021-02-02,174.44,174.44,174.44,174.44,33074.45,0.0
2021-02-03,174.09,174.09,174.09,174.09,44774.88,0.0
2021-02-04,173.93,173.93,173.93,173.93,62487.53,0.0
2021-02-05,173.98,173.98,173.98,173.98,45859.57,0.0
2021-02-07,174.02,174.02,174.02,174.02,4500.0,0.0
2021-02-08,173.94,173.94,173.94,173.94,49922.14,0.0
2021-02-09,174.13,174.13,174.13,174.13,33677.79,0.0
2021-02-10,173.92,173.92,173.92,173.92,16290.53,0.0
2021-02-18,173.57,173.57,173.57,173.57,8933.1,0.0
2021-02-19,173.91,173.91,173.91,173.91,35186.14,0.0
2021-02-20,173.93,173.93,173.93,173.93,4235.0,0.0
2021-02-22,173.8,173.8,173.8,173.8,24591.99,0.0
2021-02-23,173.83,173.83,173.83,173.83,34033.13,0.0
2021-02-24,173.89,173.89,173.89,173.89,39577.5,0.0
2021-02-25,173.83,173.83,173.83,173.83,41415.98,0.0
2021-02-26,173.72,173.72,173.72,173.72,33184.69,0.0
2021-03-01,174.07,174.07,174.07,174.07,66564.96,0.0
2021-03-02,174.15,174.15,174.15,174.15,48927.05,0.0
2021-03-03,174.12,174.12,174.12,174.12,43220.69,0.0
2021-03-04,174.11,174.11,174.11,174.11,40137.38,0.0
2021-03-05,174.32,174.32,174.32,174.32,32884.47,0.0
2021-03-08,174.47,174.47,174.47,174.47,86956.28,0.0
2021-03-09,174.43,174.43,174.43,174.43,36178.95,0.0
2021-03-10,174.48,174.48,174.48,174.48,33113.93,0.0
2021-03-11,174.47,174.47,174.47,174.47,44310.43,0.0
2021-03-12,174.39,174.39,174.39,174.39,36755.45,0.0
2021-03-15,174.35,174.35,174.35,174.35,33362.56,0.0
2021-03-16,174.4,174.4,174.4,174.4,33347.0,0.0
2021-03-17,174.44,174.44,174.44,174.44,23635.86,0.0
2021-03-18,174.46,174.46,174.46,174.46,26328.9,0.0
2021-03-19,174.62,174.62,174.62,174.62,23015.04,0.0
2021-03-22,174.76,174.76,174.76,174.76,73196.23,0.0
2021-03-23,174.87,174.87,174.87,174.87,33846.06,0.0
2021-03-24,175.13,175.13,175.13,175.13,38661.0,0.0
2021-03-25,175.16,175.16,175.16,175.16,49272.58,0.0
2021-03-26,175.09,175.09,175.09,175.09,34921.21,0.0
2021-03-29,175.11,175.11,175.11,175.11,32984.52,0.0
2021-03-30,175.1,175.1,175.1,175.1,29827.82,0.0
2021-03-31,175.19,175.19,175.19,175.19,38288.5,0.0
2021-04-01,175.17,175.17,175.17,175.17,38166.33,0.0
2021-04-02,175.18,175.18,175.18,175.18,19617.07,0.0
2021-04-06,175.15,175.15,175.15,175.15,19644.76,0.0
2021-04-07,175.04,175.04,175.04,175.04,24109.4,0.0
2021-04-08,174.99,174.99,174.99,174.99,33855.37,0.0
2021-04-09,175.19,175.19,175.19,175.19,34030.5,0.0
2021-04-12,175.42,175.42,175.42,175.42,84385.36,0.0
2021-04-13,175.83,175.83,175.83,175.83,35030.57,0.0
2021-04-14,175.83,175.83,175.83,175.83,61170.3,0.0
2021-04-15,175.82,175.82,175.82,175.82,36662.59,0.0
2021-04-16,175.96,175.96,175.96,175.96,28943.65,0.0
2021-04-19,176.11,176.11,176.11,176.11,32426.75,0.0
2021-04-20,176.18,176.18,176.18,176.18,27260.11,0.0
2021-04-21,176.2,176.2,176.2,176.2,39430.04,0.0
2021-04-22,176.14,176.14,176.14,176.14,51953.86,0.0
2021-04-23,176.15,176.15,176.15,176.15,41111.4,0.0
2021-04-25,176.01,176.01,176.01,176.01,8789.6,0.0
2021-04-26,175.77,175.77,175.77,175.77,73587.93,0.0
2021-04-27,175.73,175.73,175.73,175.73,40491.77,0.0
2021-04-28,175.88,175.88,175.88,175.88,45997.56,0.0
2021-04-29,176.02,176.02,176.02,176.02,34382.15,0.0
2021-04-30,176.27,176.27,176.27,176.27,24065.0,0.0
2021-05-06,176.48,176.48,176.48,176.48,39567.31,0.0
2021-05-07,176.49,176.49,176.49,176.49,46862.49,0.0
2021-05-08,176.53,176.53,176.53,176.53,5202.5,0.0
2021-05-10,176.65,176.65,176.65,176.65,31843.47,0.0
2021-05-11,176.75,176.75,176.75,176.75,35217.2,0.0
2021-05-12,176.86,176.86,176.86,176.86,41625.0,0.0
2021-05-13,176.8,176.8,176.8,176.8,56382.77,0.0
2021-05-14,176.96,176.96,176.96,176.96,41228.4,0.0
2021-05-17,176.84,176.84,176.84,176.84,37273.35,0.0
2021-05-18,176.93,176.93,176.93,176.93,46253.55,0.0
2021-05-19,177.22,177.22,177.22,177.22,28611.09,0.0
2021-05-20,177.53,177.53,177.53,177.53,56770.17,0.0
2021-05-21,177.8,177.8,177.8,177.8,64945.35,0.0
2021-05-24,177.77,177.77,177.77,177.77,62604.92,0.0
2021-05-25,177.79,177.79,177.79,177.79,53484.43,0.0
2021-05-26,178.0,178.0,178.0,178.0,48090.76,0.0
2021-05-27,177.86,177.86,177.86,177.86,66142.97,0.0
2021-05-28,177.68,177.68,177.68,177.68,52490.19,0.0
2021-05-31,177.87,177.87,177.87,177.87,31757.23,0.0
2021-06-01,177.96,177.96,177.96,177.96,52563.24,0.0
2021-06-02,177.76,177.76,177.76,177.76,50160.29,0.0
2021-06-03,177.82,177.82,177.82,177.82,70705.64,0.0
2021-06-04,177.43,177.43,177.43,177.43,51576.57,0.0
2021-06-07,177.23,177.23,177.23,177.23,122590.83,0.0
2021-06-08,177.24,177.24,177.24,177.24,77726.86,0.0
2021-06-09,177.25,177.25,177.25,177.25,45657.98,0.0
2021-06-10,177.39,177.39,177.39,177.39,45538.27,0.0
2021-06-11,177.22,177.22,177.22,177.22,40770.72,0.0
2021-06-15,177.2,177.2,177.2,177.2,50667.23,0.0
2021-06-16,177.21,177.21,177.21,177.21,44480.43,0.0
2021-06-17,177.1,177.1,177.1,177.1,58837.46,0.0
2021-06-18,177.26,177.26,177.26,177.26,43741.32,0.0
2021-06-21,177.67,177.67,177.67,177.67,131868.2,0.0
2021-06-22,177.76,177.76,177.76,177.76,56851.26,0.0
2021-06-23,177.89,177.89,177.89,177.89,47942.76,0.0
2021-06-24,177.89,177.89,177.89,177.89,50247.4,0.0
2021-06-25,177.88,177.88,177.88,177.88,45005.65,0.0
2021-06-28,177.81,177.81,177.81,177.81,17753.12,0.0
2021-06-29,177.84,177.84,177.84,177.84,42514.18,0.0
2021-06-30,177.94,177.94,177.94,177.94,43973.44,0.0
2021-07-01,177.92,177.92,177.92,177.92,30324.73,0.0
2021-07-02,177.91,177.91,177.91,177.91,66457.73,0.0
2021-07-05,178.05,178.05,178.05,178.05,37452.83,0.0
2021-07-06,178.0,178.0,178.0,178.0,37990.09,0.0
2021-07-07,178.33,178.33,178.33,178.33,23370.19,0.0
2021-07-08,179.11,179.11,179.11,179.11,56556.3,0.0
2021-07-09,178.99,178.99,178.99,178.99,82005.61,0.0
2021-07-12,179.71,179.71,179.71,179.71,163587.11,0.0
2021-07-13,179.89,179.89,179.89,179.89,65756.82,0.0
2021-07-14,180.1,180.1,180.1,180.1,56434.68,0.0
2021-07-15,179.76,179.76,179.76,179.76,63537.49,0.0
2021-07-16,179.86,179.86,179.86,179.86,54696.64,0.0
2021-07-19,179.91,179.91,179.91,179.91,35507.69,0.0
2021-07-20,180.16,180.16,180.16,180.16,31999.7,0.0
2021-07-21,180.31,180.31,180.31,180.31,39352.05,0.0
2021-07-22,180.26,180.26,180.26,180.26,47972.51,0.0
2021-07-23,180.39,180.39,180.39,180.39,32889.8,0.0
2021-07-26,180.9,180.9,180.9,180.9,131789.14,0.0
2021-07-27,180.64,180.64,180.64,180.64,54905.61,0.0
2021-07-28,180.52,180.52,180.52,180.52,74200.99,0.0
2021-07-29,180.94,180.94,180.94,180.94,48197.58,0.0
2021-07-30,181.43,181.43,181.43,181.43,46411.41,0.0
2021-08-02,181.8,181.8,181.8,181.8,63615.74,0.0
2021-08-03,181.62,181.62,181.62,181.62,71530.05,0.0
2021-08-04,181.56,181.56,181.56,181.56,46656.45,0.0
2021-08-05,181.92,181.92,181.92,181.92,49658.97,0.0
2021-08-06,181.78,181.78,181.78,181.78,53491.88,0.0
2021-08-09,181.25,181.25,181.25,181.25,102288.83,0.0
2021-08-10,181.13,181.13,181.13,181.13,70868.94,0.0
2021-08-11,180.96,180.96,180.96,180.96,59737.03,0.0
2021-08-12,181.29,181.29,181.29,181.29,50487.93,0.0
2021-08-13,181.13,181.13,181.13,181.13,44715.78,0.0
2021-08-16,181.05,181.05,181.05,181.05,38540.83,0.0
2021-08-17,181.04,181.04,181.04,181.04,32645.37,0.0
2021-08-18,181.43,181.43,181.43,181.43,36102.58,0.0
2021-08-19,181.65,181.65,181.65,181.65,63386.91,0.0
2021-08-20,181.67,181.67,181.67,181.67,52263.64,0.0
2021-08-23,181.52,181.52,181.52,181.52,105296.76,0.0
2021-08-24,181.56,181.56,181.56,181.56,39265.72,0.0
2021-08-25,181.75,181.75,181.75,181.75,41735.76,0.0
2021-08-26,181.34,181.34,181.34,181.34,57313.38,0.0
2021-08-27,181.42,181.42,181.42,181.42,51518.65,0.0
2021-08-30,181.62,181.62,181.62,181.62,39879.98,0.0
2021-08-31,181.76,181.76,181.76,181.76,40969.78,0.0
2021-09-01,182.1,182.1,182.1,182.1,50335.2,0.0
2021-09-02,182.12,182.12,182.12,182.12,81504.38,0.0
2021-09-03,182.06,182.06,182.06,182.06,41546.68,0.0
2021-09-06,182.13,182.13,182.13,182.13,76857.71,0.0
2021-09-07,181.82,181.82,181.82,181.82,36748.81,0.0
2021-09-08,181.64,181.64,181.64,181.64,40239.44,0.0
2021-09-09,181.61,181.61,181.61,181.61,43298.25,0.0
2021-09-10,181.67,181.67,181.67,181.67,38659.48,0.0
2021-09-13,181.46,181.46,181.46,181.46,38415.4,0.0
2021-09-14,181.43,181.43,181.43,181.43,56117.2,0.0
2021-09-15,181.37,181.37,181.37,181.37,52535.61,0.0
2021-09-16,181.43,181.43,181.43,181.43,55668.77,0.0
2021-09-17,181.58,181.58,181.58,181.58,49712.52,0.0
2021-09-18,181.69,181.69,181.69,181.69,2530.0,0.0
2021-09-22,181.88,181.88,181.88,181.88,96488.82,0.0
2021-09-23,181.99,181.99,181.99,181.99,60050.48,0.0
2021-09-24,181.94,181.94,181.94,181.94,46643.29,0.0
2021-09-26,181.91,181.91,181.91,181.91,3170.0,0.0
2021-09-27,181.93,181.93,181.93,181.93,47515.99,0.0
2021-09-28,181.83,181.83,181.83,181.83,53764.48,0.0
2021-09-29,181.91,181.91,181.91,181.91,46132.2,0.0
2021-09-30,181.93,181.93,181.93,181.93,51050.72,0.0
2021-10-08,181.62,181.62,181.62,181.62,47011.59,0.0
2021-10-09,181.5,181.5,181.5,181.5,4887.39,0.0
2021-10-11,181.0,181.0,181.0,181.0,31281.45,0.0
2021-10-12,180.94,180.94,180.94,180.94,58759.7,0.0
2021-10-13,180.93,180.93,180.93,180.93,47065.55,0.0
2021-10-14,180.99,180.99,180.99,180.99,36801.8,0.0
2021-10-15,180.88,180.88,180.88,180.88,29759.86,0.0
2021-10-18,180.11,180.11,180.11,180.11,52965.91,0.0
2021-10-19,180.35,180.35,180.35,180.35,68564.17,0.0
2021-10-20,180.55,180.55,180.55,180.55,63663.7,0.0
2021-10-21,180.87,180.87,180.87,180.87,57630.37,0.0
2021-10-22,180.8,180.8,180.8,180.8,40722.81,0.0
2021-10-25,180.83,180.83,180.83,180.83,35240.18,0.0
2021-10-26,180.91,180.91,180.91,180.91,28452.01,0.0
2021-10-27,181.03,181.03,181.03,181.03,24791.84,0.0
2021-10-28,181.08,181.08,181.08,181.08,31709.74,0.0
2021-10-29,181.12,181.12,181.12,181.12,34342.68,0.0
2021-11-01,181.4,181.4,181.4,181.4,57029.46,0.0
2021-11-02,181.7,181.7,181.7,181.7,41183.24,0.0
2021-11-03,181.73,181.73,181.73,181.73,46189.66,0.0
2021-11-04,181.78,181.78,181.78,181.78,44098.78,0.0
2021-11-05,182.27,182.27,182.27,182.27,34713.81,0.0
2021-11-08,182.27,182.27,182.27,182.27,134984.94,0.0
2021-11-09,182.21,182.21,182.21,182.21,48108.65,0.0
2021-11-10,182.26,182.26,182.26,182.26,51288.55,0.0
2021-11-11,182.04,182.04,182.04,182.04,61047.66,0.0
2021-11-12,182.07,182.07,182.07,182.07,57365.16,0.0
2021-11-15,182.21,182.21,182.21,182.21,36745.01,0.0
2021-11-16,182.27,182.27,182.27,182.27,42865.78,0.0
2021-11-17,182.28,182.28,182.28,182.28,30559.26,0.0
2021-11-18,182.38,182.38,182.38,182.38,52855.42,0.0
2021-11-19,182.23,182.23,182.23,182.23,45611.0,0.0
2021-11-22,182.5,182.5,182.5,182.5,64613.43,0.0
2021-11-23,182.46,182.46,182.46,182.46,71715.49,0.0
2021-11-24,182.71,182.71,182.71,182.71,46011.89,0.0
2021-11-25,182.81,182.81,182.81,182.81,67555.78,0.0
2021-11-26,183.25,183.25,183.25,183.25,50353.91,0.0
2021-11-29,183.19,183.19,183.19,183.19,77129.63,0.0
2021-11-30,183.12,183.12,183.12,183.12,63901.58,0.0
2021-12-01,183.05,183.05,183.05,183.05,54732.35,0.0
2021-12-02,182.88,182.88,182.88,182.88,57308.69,0.0
2021-12-03,182.65,182.65,182.65,182.65,42888.36,0.0
2021-12-06,183.27,183.27,183.27,183.27,110302.85,0.0
2021-12-07,183.07,183.07,183.07,183.07,88239.65,0.0
2021-12-08,182.85,182.85,182.85,182.85,56445.25,0.0
2021-12-09,182.81,182.81,182.81,182.81,43568.17,0.0
2021-12-10,183.04,183.04,183.04,183.04,51214.56,0.0
2021-12-13,182.91,182.91,182.91,182.91,37953.64,0.0
2021-12-14,183.1,183.1,183.1,183.1,48163.59,0.0
2021-12-15,183.12,183.12,183.12,183.12,42013.87,0.0
2021-12-16,183.01,183.01,183.01,183.01,44011.39,0.0
2021-12-17,183.06,183.06,183.06,183.06,51559.77,0.0
2021-12-20,183.07,183.07,183.07,183.07,120024.0,0.0
2021-12-21,183.06,183.06,183.06,183.06,43331.43,0.0
2021-12-22,183.27,183.27,183.27,183.27,45172.97,0.0
2021-12-23,183.56,183.56,183.56,183.56,62254.44,0.0
2021-12-24,183.57,183.57,183.57,183.57,56120.36,0.0
2021-12-27,183.75,183.75,183.75,183.75,25775.45,0.0
2021-12-28,183.91,183.91,183.91,183.91,53397.93,0.0
2021-12-29,184.06,184.06,184.06,184.06,46526.41,0.0
2021-12-30,184.27,184.27,184.27,184.27,39833.1,0.0
2021-12-31,184.3,184.3,184.3,184.3,23518.1,0.0
2022-01-04,184.2,184.2,184.2,184.2,44955.08,0.0
2022-01-05,184.23,184.23,184.23,184.23,62619.73,0.0
2022-01-06,183.95,183.95,183.95,183.95,60905.56,0.0
2022-01-07,183.97,183.97,183.97,183.97,61834.87,0.0
2022-01-10,184.13,184.13,184.13,184.13,47703.02,0.0
2022-01-11,184.31,184.31,184.31,184.31,57842.92,0.0
2022-01-12,184.46,184.46,184.46,184.46,70348.49,0.0
2022-01-13,184.49,184.49,184.49,184.49,74176.59,0.0
2022-01-14,184.58,184.58,184.58,184.58,65864.09,0.0
2022-01-17,184.68,184.68,184.68,184.68,142841.31,0.0
2022-01-18,185.23,185.23,185.23,185.23,113568.96,0.0
2022-01-19,185.63,185.63,185.63,185.63,129467.58,0.0
2022-01-20,185.65,185.65,185.65,185.65,103921.48,0.0
2022-01-21,185.88,185.88,185.88,185.88,76831.23,0.0
2022-01-24,186.34,186.34,186.34,186.34,89220.01,0.0
2022-01-25,186.27,186.27,186.27,186.27,113936.26,0.0
2022-01-26,185.93,185.93,185.93,185.93,102274.39,0.0
2022-01-27,185.7,185.7,185.7,185.7,73152.18,0.0
2022-01-28,185.97,185.97,185.97,185.97,52383.72,0.0
2022-01-29,186.09,186.09,186.09,186.09,4390.0,0.0
2022-01-30,186.14,186.14,186.14,186.14,500.0,0.0
2022-02-07,185.94,185.94,185.94,185.94,59166.24,0.0
2022-02-08,186.05,186.05,186.05,186.05,58802.13,0.0
2022-02-09,185.89,185.89,185.89,185.89,69427.08,0.0
2022-02-10,185.93,185.93,185.93,185.93,68808.77,0.0
2022-02-11,185.13,185.13,185.13,185.13,73896.33,0.0
2022-02-14,185.1,185.1,185.1,185.1,114114.61,0.0
2022-02-15,185.13,185.13,185.13,185.13,85581.12,0.0
2022-02-16,185.15,185.15,185.15,185.15,69286.8,0.0
2022-02-17,185.35,185.35,185.35,185.35,83959.64,0.0
2022-02-18,185.2,185.2,185.2,185.2,64808.91,0.0
2022-02-21,184.68,184.68,184.68,184.68,71029.04,0.0
2022-02-22,184.66,184.66,184.66,184.66,130334.58,0.0
2022-02-23,184.86,184.86,184.86,184.86,92123.56,0.0
2022-02-24,185.07,185.07,185.07,185.07,92593.89,0.0
2022-02-25,185.13,185.13,185.13,185.13,95423.64,0.0
2022-02-28,185.32,185.32,185.32,185.32,83378.71,0.0
2022-03-01,185.06,185.06,185.06,185.06,72205.92,0.0
2022-03-02,184.85,184.85,184.85,184.85,81654.49,0.0
2022-03-03,184.64,184.64,184.64,184.64,77824.77,0.0
2022-03-04,184.73,184.73,184.73,184.73,85391.88,0.0
2022-03-07,184.79,184.79,184.79,184.79,68189.58,0.0
2022-03-08,184.85,184.85,184.85,184.85,69931.78,0.0
2022-03-09,184.63,184.63,184.63,184.63,62715.14,0.0
2022-03-10,184.63,184.63,184.63,184.63,80573.24,0.0
2022-03-11,185.25,185.25,185.25,185.25,49270.99,0.0
2022-03-14,185.74,185.74,185.74,185.74,183088.6,0.0
2022-03-15,185.06,185.06,185.06,185.06,114360.04,0.0
2022-03-16,185.18,185.18,185.18,185.18,88299.3,0.0
2022-03-17,185.22,185.22,185.22,185.22,61230.14,0.0
2022-03-18,185.32,185.32,185.32,185.32,35480.01,0.0
2022-03-21,185.23,185.23,185.23,185.23,41207.54,0.0
2022-03-22,184.87,184.87,184.87,184.87,33760.22,0.0
2022-03-23,184.94,184.94,184.94,184.94,43127.09,0.0
2022-03-24,185.12,185.12,185.12,185.12,41966.82,0.0
2022-03-25,185.22,185.22,185.22,185.22,54564.64,0.0
2022-03-28,185.39,185.39,185.39,185.39,37009.48,0.0
2022-03-29,185.38,185.38,185.38,185.38,43524.28,0.0
2022-03-30,185.57,185.57,185.57,185.57,44341.38,0.0
2022-03-31,185.48,185.48,185.48,185.48,56413.02,0.0
2022-04-01,185.64,185.64,185.64,185.64,58596.82,0.0
2022-04-02,185.75,185.75,185.75,185.75,5690.0,0.0
2022-04-06,185.84,185.84,185.84,185.84,34678.75,0.0
2022-04-07,186.16,186.16,186.16,186.16,61661.33,0.0
2022-04-08,186.13,186.13,186.13,186.13,73141.9,0.0
2022-04-11,186.02,186.02,186.02,186.02,49476.87,0.0
2022-04-12,185.97,185.97,185.97,185.97,56861.5,0.0
2022-04-13,185.99,185.99,185.99,185.99,53175.18,0.0
2022-04-14,186.12,186.12,186.12,186.12,43263.36,0.0
2022-04-15,186.13,186.13,186.13,186.13,55374.9,0.0
2022-04-18,185.62,185.62,185.62,185.62,53228.81,0.0
2022-04-19,185.61,185.61,185.61,185.61,71726.89,0.0
2022-04-20,185.54,185.54,185.54,185.54,60830.97,0.0
2022-04-21,185.62,185.62,185.62,185.62,70720.55,0.0
2022-04-22,185.63,185.63,185.63,185.63,59758.83,0.0
2022-04-24,185.65,185.65,185.65,185.65,5132.0,0.0
2022-04-25,185.86,185.86,185.86,185.86,129744.99,0.0
2022-04-26,185.87,185.87,185.87,185.87,58555.6,0.0
2022-04-27,185.78,185.78,185.78,185.78,53850.92,0.0
2022-04-28,185.63,185.63,185.63,185.63,58775.07,0.0
2022-04-29,185.77,185.77,185.77,185.77,53732.22,0.0
2022-05-05,185.95,185.95,185.95,185.95,89897.77,0.0
2022-05-06,185.94,185.94,185.94,185.94,45959.34,0.0
2022-05-07,185.98,185.98,185.98,185.98,4063.89,0.0
2022-05-09,186.11,186.11,186.11,186.11,35814.36,0.0
2022-05-10,186.24,186.24,186.24,186.24,49456.54,0.0
2022-05-11,186.13,186.13,186.13,186.13,65112.92,0.0
2022-05-12,186.26,186.26,186.26,186.26,51000.2,0.0
2022-05-13,186.21,186.21,186.21,186.21,61938.28,0.0
2022-05-16,186.18,186.18,186.18,186.18,110357.72,0.0
2022-05-17,186.34,186.34,186.34,186.34,41919.39,0.0
2022-05-18,186.49,186.49,186.49,186.49,43458.25,0.0
2022-05-19,186.55,186.55,186.55,186.55,77246.98,0.0
2022-05-20,186.44,186.44,186.44,186.44,60145.27,0.0
2022-05-23,186.65,186.65,186.65,186.65,53284.6,0.0
2022-05-24,186.76,186.76,186.76,186.76,70538.26,0.0
2022-05-25,186.94,186.94,186.94,186.94,55782.45,0.0
2022-05-26,187.42,187.42,187.42,187.42,94656.11,0.0
2022-05-27,187.48,187.48,187.48,187.48,124313.35,0.0
2022-05-30,187.31,187.31,187.31,187.31,84312.35,0.0
2022-05-31,187.03,187.03,187.03,187.03,65485.11,0.0
2022-06-01,186.96,186.96,186.96,186.96,78578.88,0.0
2022-06-02,186.91,186.91,186.91,186.91,62701.22,0.0
2022-06-06,186.86,186.86,186.86,186.86,49843.64,0.0
2022-06-07,186.92,186.92,186.92,186.92,48414.44,0.0
2022-06-08,186.97,186.97,186.97,186.97,53825.58,0.0
2022-06-09,187.04,187.04,187.04,187.04,40009.7,0.0
2022-06-10,187.09,187.09,187.09,187.09,48702.49,0.0
2022-06-13,187.05,187.05,187.05,187.05,48221.87,0.0
2022-06-14,186.94,186.94,186.94,186.94,42267.4,0.0
2022-06-15,186.89,186.89,186.89,186.89,64928.56,0.0
2022-06-16,186.96,186.96,186.96,186.96,55517.12,0.0
2022-06-17,187.02,187.02,187.02,187.02,38081.68,0.0
2022-06-20,186.91,186.91,186.91,186.91,44809.47,0.0
2022-06-21,186.89,186.89,186.89,186.89,60880.45,0.0
2022-06-22,186.95,186.95,186.95,186.95,37618.93,0.0
2022-06-23,186.95,186.95,186.95,186.95,47048.18,0.0
2022-06-24,186.82,186.82,186.82,186.82,48691.26,0.0
2022-06-27,186.41,186.41,186.41,186.41,86393.23,0.0
2022-06-28,186.33,186.33,186.33,186.33,71590.44,0.0
2022-06-29,186.34,186.34,186.34,186.34,71036.62,0.0
2022-06-30,186.56,186.56,186.56,186.56,62538.87,0.0
2022-07-01,186.65,186.65,186.65,186.65,69660.64,0.0
2022-07-04,186.49,186.49,186.49,186.49,45286.79,0.0
2022-07-05,186.47,186.47,186.47,186.47,80885.64,0.0
2022-07-06,186.66,186.66,186.66,186.66,60115.68,0.0
2022-07-07,186.68,186.68,186.68,186.68,58369.2,0.0
2022-07-08,186.68,186.68,186.68,186.68,53300.83,0.0
2022-07-11,186.88,186.88,186.88,186.88,109440.64,0.0
2022-07-12,187.09,187.09,187.09,187.09,80488.33,0.0
2022-07-13,187.2,187.2,187.2,187.2,66949.77,0.0
2022-07-14,187.34,187.34,187.34,187.34,77371.27,0.0
2022-07-15,187.44,187.44,187.44,187.44,89335.89,0.0
2022-07-18,187.53,187.53,187.53,187.53,102133.07,0.0
2022-07-19,187.52,187.52,187.52,187.52,76865.0,0.0
2022-07-20,187.69,187.69,187.69,187.69,57273.05,0.0
2022-07-21,187.88,187.88,187.88,187.88,106807.31,0.0
2022-07-22,187.74,187.74,187.74,187.74,84168.23,0.0
2022-07-25,187.82,187.82,187.82,187.82,190365.33,0.0
2022-07-26,187.96,187.96,187.96,187.96,63458.38,0.0
2022-07-27,188.03,188.03,188.03,188.03,74600.13,0.0
2022-07-28,187.9,187.9,187.9,187.9,66524.04,0.0
2022-07-29,188.26,188.26,188.26,188.26,90780.96,0.0
2022-08-01,188.58,188.58,188.58,188.58,100448.01,0.0
2022-08-02,188.71,188.71,188.71,188.71,96671.19,0.0
2022-08-03,188.71,188.71,188.71,188.71,117724.28,0.0
2022-08-04,188.92,188.92,188.92,188.92,104046.69,0.0
2022-08-05,188.78,188.78,188.78,188.78,116519.51,0.0
2022-08-08,188.73,188.73,188.73,188.73,78005.02,0.0
2022-08-09,188.67,188.67,188.67,188.67,54857.59,0.0
2022-08-10,188.77,188.77,188.77,188.77,67844.17,0.0
2022-08-11,188.78,188.78,188.78,188.78,62470.91,0.0
2022-08-12,188.83,188.83,188.83,188.83,53610.74,0.0
2022-08-15,189.78,189.78,189.78,189.78,81058.27,0.0
2022-08-16,190.08,190.08,190.08,190.08,163566.99,0.0
2022-08-17,189.99,189.99,189.99,189.99,24815.77,0.0
2022-08-18,190.26,190.26,190.26,190.26,30533.44,0.0
2022-08-19,190.28,190.28,190.28,190.28,116456.63,0.0
2022-08-22,190.3,190.3,190.3,190.3,102454.4,0.0
2022-08-23,190.18,190.18,190.18,190.18,81262.18,0.0
2022-08-24,190.18,190.18,190.18,190.18,69284.26,0.0
2022-08-25,189.94,189.94,189.94,189.94,61962.65,0.0
2022-08-26,189.86,189.86,189.86,189.86,87877.35,0.0
2022-08-29,190.02,190.02,190.02,190.02,105673.62,0.0
2022-08-30,190.22,190.22,190.22,190.22,63206.16,0.0
2022-08-31,190.16,190.16,190.16,190.16,56513.96,0.0
2022-09-01,190.26,190.26,190.26,190.26,65415.44,0.0
2022-09-02,190.38,190.38,190.38,190.38,94824.03,0.0
2022-09-05,190.45,190.45,190.45,190.45,61553.66,0.0
2022-09-06,190.52,190.52,190.52,190.52,97689.78,0.0
2022-09-07,190.53,190.53,190.53,190.53,76530.28,0.0
2022-09-08,190.41,190.41,190.41,190.41,68167.68,0.0
2022-09-09,190.33,190.33,190.33,190.33,57441.22,0.0
2022-09-13,190.21,190.21,190.21,190.21,64978.17,0.0
2022-09-14,190.04,190.04,190.04,190.04,40075.48,0.0
2022-09-15,190.1,190.1,190.1,190.1,64272.81,0.0
2022-09-16,189.88,189.88,189.88,189.88,72880.44,0.0
2022-09-19,189.94,189.94,189.94,189.94,159762.82,0.0
2022-09-20,190.08,190.08,190.08,190.08,43397.67,0.0
2022-09-21,190.21,190.21,190.21,190.21,69588.49,0.0
2022-09-22,190.25,190.25,190.25,190.25,116248.76,0.0
2022-09-23,190.06,190.06,190.06,190.06,89449.03,0.0
2022-09-26,189.71,189.71,189.71,189.71,83032.42,0.0
2022-09-27,189.63,189.63,189.63,189.63,90027.36,0.0
2022-09-28,189.36,189.36,189.36,189.36,81064.41,0.0
2022-09-29,189.15,189.15,189.15,189.15,104642.08,0.0
2022-09-30,189.02,189.02,189.02,189.02,67640.35,0.0
2022-10-08,189.06,189.06,189.06,189.06,6373.0,0.0
2022-10-09,189.38,189.38,189.38,189.38,1700.0,0.0
2022-10-10,189.41,189.41,189.41,189.41,146567.92,0.0
2022-10-11,189.52,189.52,189.52,189.52,67597.75,0.0
2022-10-12,189.46,189.46,189.46,189.46,76701.05,0.0
2022-10-13,189.61,189.61,189.61,189.61,88793.15,0.0
2022-10-14,189.89,189.89,189.89,189.89,67739.06,0.0
2022-10-17,190.04,190.04,190.04,190.04,159056.2,0.0
2022-10-18,190.06,190.06,190.06,190.06,74860.6,0.0
2022-10-19,190.11,190.11,190.11,190.11,66598.15,0.0
2022-10-20,189.96,189.96,189.96,189.96,73586.28,0.0
2022-10-21,189.91,189.91,189.91,189.91,73591.39,0.0
2022-10-24,190.01,190.01,190.01,190.01,118868.66,0.0
2022-10-25,189.98,189.98,189.98,189.98,75138.86,0.0
2022-10-26,190.13,190.13,190.13,190.13,79937.22,0.0
2022-10-27,190.38,190.38,190.38,190.38,87704.07,0.0
2022-10-28,190.64,190.64,190.64,190.64,102742.83,0.0
2022-10-31,190.97,190.97,190.97,190.97,126127.08,0.0
2022-11-01,190.8,190.8,190.8,190.8,150365.71,0.0
2022-11-02,190.62,190.62,190.62,190.62,132040.81,0.0
2022-11-03,190.62,190.62,190.62,190.62,126440.07,0.0
2022-11-04,190.42,190.42,190.42,190.42,83146.69,0.0
2022-11-07,190.49,190.49,190.49,190.49,132752.22,0.0
2022-11-08,190.48,190.48,190.48,190.48,79400.59,0.0
2022-11-09,190.54,190.54,190.54,190.54,75217.52,0.0
2022-11-10,190.54,190.54,190.54,190.54,88723.25,0.0
2022-11-11,190.04,190.04,190.04,190.04,87106.42,0.0
2022-11-14,188.89,188.89,188.89,188.89,198528.34,0.0
2022-11-15,188.98,188.98,188.98,188.98,160717.13,0.0
2022-11-16,188.83,188.83,188.83,188.83,112683.09,0.0
2022-11-17,189.08,189.08,189.08,189.08,112006.13,0.0
2022-11-18,189.05,189.05,189.05,189.05,115823.27,0.0
2022-11-21,189.22,189.22,189.22,189.22,114555.29,0.0
2022-11-22,189.16,189.16,189.16,189.16,100429.2,0.0
2022-11-23,189.42,189.42,189.42,189.42,68104.69,0.0
2022-11-24,189.65,189.65,189.65,189.65,90941.9,0.0
2022-11-25,189.37,189.37,189.37,189.37,108728.29,0.0
2022-11-28,189.14,189.14,189.14,189.14,68088.39,0.0
2022-11-29,188.66,188.66,188.66,188.66,67814.44,0.0
2022-11-30,188.75,188.75,188.75,188.75,106501.0,0.0
2022-12-01,188.91,188.91,188.91,188.91,94849.17,0.0
2022-12-02,188.97,188.97,188.97,188.97,72981.8,0.0
2022-12-05,188.8,188.8,188.8,188.8,152760.39,0.0
2022-12-06,188.57,188.57,188.57,188.57,54832.01,0.0
2022-12-07,188.86,188.86,188.86,188.86,68199.1,0.0
2022-12-08,188.91,188.91,188.91,188.91,95151.61,0.0
2022-12-09,188.86,188.86,188.86,188.86,71949.34,0.0
2022-12-12,188.93,188.93,188.93,188.93,47085.88,0.0
2022-12-13,188.73,188.73,188.73,188.73,42198.22,0.0
2022-12-14,189.11,189.11,189.11,189.11,52924.01,0.0
2022-12-15,189.13,189.13,189.13,189.13,65243.15,0.0
2022-12-16,189.02,189.02,189.02,189.02,40178.88,0.0
2022-12-19,189.39,189.39,189.39,189.39,29876.93,0.0
2022-12-20,189.36,189.36,189.36,189.36,31762.73,0.0
2022-12-21,189.35,189.35,189.35,189.35,26023.12,0.0
2022-12-22,189.52,189.52,189.52,189.52,23457.57,0.0
2022-12-23,189.65,189.65,189.65,189.65,45338.16,0.0
2022-12-26,189.61,189.61,189.61,189.61,59495.88,0.0
2022-12-27,189.39,189.39,189.39,189.39,32024.17,0.0
2022-12-28,189.4,189.4,189.4,189.4,38416.52,0.0
2022-12-29,189.54,189.54,189.54,189.54,26159.97,0.0
2022-12-30,189.68,189.68,189.68,189.68,30163.0,0.0
2022-12-31,189.69,189.69,189.69,189.69,0.0,0.0
2023-01-03,189.84,189.84,189.84,189.84,19137.35,0.0
2023-01-04,190.07,190.07,190.07,190.07,50897.35,0.0
2023-01-05,189.97,189.97,189.97,189.97,47073.25,0.0
2023-01-06,189.83,189.83,189.83,189.83,50846.47,0.0
2023-01-09,189.86,189.86,189.86,189.86,39404.22,0.0
2023-01-10,189.67,189.67,189.67,189.67,47044.3,0.0
2023-01-11,189.62,189.62,189.62,189.62,56110.9,0.0
2023-01-12,189.7,189.7,189.7,189.7,59101.94,0.0
2023-01-13,189.52,189.52,189.52,189.52,44903.27,0.0
2023-01-16,189.31,189.31,189.31,189.31,75084.24,0.0
2023-01-17,189.42,189.42,189.42,189.42,67183.86,0.0
2023-01-18,189.46,189.46,189.46,189.46,43760.2,0.0
2023-01-19,189.43,189.43,189.43,189.43,33867.0,0.0
2023-01-20,189.33,189.33,189.33,189.33,14031.52,0.0
2023-01-28,189.44,189.44,189.44,189.44,860.0,0.0
2023-01-29,189.63,189.63,189.63,189.63,1700.0,0.0
2023-01-30,189.59,189.59,189.59,189.59,50772.83,0.0
2023-01-31,189.77,189.77,189.77,189.77,44198.12,0.0
2023-02-01,189.7,189.7,189.7,189.7,54551.71,0.0
2023-02-02,189.74,189.74,189.74,189.74,49454.62,0.0
2023-02-03,189.82,189.82,189.82,189.82,40834.3,0.0
2023-02-06,189.81,189.81,189.81,189.81,41462.19,0.0
2023-02-07,189.84,189.84,189.84,189.84,40335.69,0.0
2023-02-08,189.88,189.88,189.88,189.88,48783.85,0.0
2023-02-09,189.92,189.92,189.92,189.92,33998.53,0.0
2023-02-10,189.94,189.94,189.94,189.94,50400.4,0.0
2023-02-13,190.02,190.02,190.02,190.02,41100.69,0.0
2023-02-14,190.03,190.03,190.03,190.03,31087.19,0.0
2023-02-15,190.05,190.05,190.05,190.05,57237.65,0.0
2023-02-16,190.14,190.14,190.14,190.14,34615.42,0.0
2023-02-17,190.16,190.16,190.16,190.16,99969.58,0.0
2023-02-20,190.06,190.06,190.06,190.06,28855.17,0.0
2023-02-21,189.95,189.95,189.95,189.95,72564.11,0.0
2023-02-22,190.07,190.07,190.07,190.07,43306.16,0.0
2023-02-23,190.06,190.06,190.06,190.06,32561.5,0.0
2023-02-24,190.11,190.11,190.11,190.11,39541.85,0.0
2023-02-27,190.14,190.14,190.14,190.14,37396.93,0.0
2023-02-28,190.15,190.15,190.15,190.15,38661.09,0.0
2023-03-01,190.21,190.21,190.21,190.21,35869.85,0.0
2023-03-02,190.16,190.16,190.16,190.16,47808.03,0.0
2023-03-03,190.1,190.1,190.1,190.1,52974.87,0.0
2023-03-06,190.41,190.41,190.41,190.41,38871.46,0.0
2023-03-07,190.49,190.49,190.49,190.49,58356.87,0.0
2023-03-08,190.53,190.53,190.53,190.53,53739.85,0.0
2023-03-09,190.57,190.57,190.57,190.57,43333.35,0.0
2023-03-10,190.66,190.66,190.66,190.66,45996.96,0.0
2023-03-13,190.71,190.71,190.71,190.71,54626.45,0.0
2023-03-14,190.76,190.76,190.76,190.76,38978.53,0.0
2023-03-15,190.73,190.73,190.73,190.73,50588.75,0.0
2023-03-16,190.84,190.84,190.84,190.84,33769.51,0.0
2023-03-17,190.9,190.9,190.9,190.9,130065.71,0.0
2023-03-20,190.99,190.99,190.99,190.99,54980.68,0.0
2023-03-21,190.97,190.97,190.97,190.97,44477.11,0.0
2023-03-22,190.91,190.91,190.91,190.91,57307.89,0.0
2023-03-23,190.92,190.92,190.92,190.92,41484.47,0.0
2023-03-24,190.83,190.83,190.83,190.83,52083.96,0.0
2023-03-27,190.97,190.97,190.97,190.97,46538.56,0.0
2023-03-28,190.97,190.97,190.97,190.97,36226.26,0.0
2023-03-29,190.99,190.99,190.99,190.99,31082.25,0.0
2023-03-30,191.03,191.03,191.03,191.03,42106.38,0.0
2023-03-31,191.02,191.02,191.02,191.02,44823.46,0.0
2023-04-03,191.02,191.02,191.02,191.02,59287.5,0.0
2023-04-04,191.02,191.02,191.02,191.02,45857.85,0.0
2023-04-06,191.06,191.06,191.06,191.06,38856.83,0.0
2023-04-07,191.11,191.11,191.11,191.11,30583.16,0.0
2023-04-10,191.24,191.24,191.24,191.24,51032.44,0.0
2023-04-11,191.48,191.48,191.48,191.48,33256.26,0.0
2023-04-12,191.6,191.6,191.6,191.6,37666.68,0.0
2023-04-13,191.57,191.57,191.57,191.57,66232.76,0.0
2023-04-14,191.58,191.58,191.58,191.58,45543.48,0.0
2023-04-17,191.48,191.48,191.48,191.48,48607.28,0.0
2023-04-18,191.51,191.51,191.51,191.51,45763.76,0.0
2023-04-19,191.63,191.63,191.63,191.63,52596.13,0.0
2023-04-20,191.64,191.64,191.64,191.64,48731.86,0.0
2023-04-21,191.72,191.72,191.72,191.72,41613.47,0.0
2023-04-23,191.81,191.81,191.81,191.81,9420.0,0.0
2023-04-24,191.91,191.91,191.91,191.91,75075.47,0.0
2023-04-25,191.94,191.94,191.94,191.94,92628.79,0.0
2023-04-26,192.03,192.03,192.03,192.03,57783.63,0.0
2023-04-27,192.33,192.33,192.33,192.33,160193.73,0.0
2023-04-28,192.39,192.39,192.39,192.39,102090.53,0.0
2023-05-04,192.74,192.74,192.74,192.74,65227.27,0.0
2023-05-05,192.96,192.96,192.96,192.96,75658.9,0.0
2023-05-06,193.06,193.06,193.06,193.06,14482.48,0.0
2023-05-08,192.94,192.94,192.94,192.94,102489.56,0.0
2023-05-09,192.99,192.99,192.99,192.99,90846.77,0.0
2023-05-10,193.16,193.16,193.16,193.16,84774.93,0.0
2023-05-11,193.47,193.47,193.47,193.47,97820.17,0.0
2023-05-12,193.32,193.32,193.32,193.32,106525.72,0.0
2023-05-15,193.32,193.32,193.32,193.32,88746.76,0.0
2023-05-16,193.3,193.3,193.3,193.3,77982.91,0.0
2023-05-17,193.32,193.32,193.32,193.32,82848.26,0.0
2023-05-18,193.2,193.2,193.2,193.2,63916.65,0.0
2023-05-19,193.3,193.3,193.3,193.3,55567.24,0.0
2023-05-22,193.41,193.41,193.41,193.41,116131.47,0.0
2023-05-23,193.66,193.66,193.66,193.66,74182.67,0.0
2023-05-24,193.69,193.69,193.69,193.69,130392.6,0.0
2023-05-25,193.65,193.65,193.65,193.65,79287.55,0.0
2023-05-26,193.59,193.59,193.59,193.59,52125.99,0.0
2023-05-29,193.62,193.62,193.62,193.62,59361.77,0.0
2023-05-30,193.71,193.71,193.71,193.71,77878.38,0.0
2023-05-31,193.77,193.77,193.77,193.77,66006.96,0.0
2023-06-01,193.97,193.97,193.97,193.97,79159.38,0.0
2023-06-02,193.89,193.89,193.89,193.89,93579.93,0.0
2023-06-05,193.89,193.89,193.89,193.89,103367.7,0.0
2023-06-06,194.0,194.0,194.0,194.0,59891.36,0.0
2023-06-07,194.15,194.15,194.15,194.15,86210.2,0.0
2023-06-08,194.14,194.14,194.14,194.14,102940.91,0.0
2023-06-09,194.33,194.33,194.33,194.33,53662.54,0.0
2023-06-12,194.5,194.5,194.5,194.5,197677.49,0.0
2023-06-13,194.95,194.95,194.95,194.95,78957.26,0.0
2023-06-14,195.12,195.12,195.12,195.12,143902.33,0.0
2023-06-15,194.73,194.73,194.73,194.73,131212.86,0.0
2023-06-16,194.37,194.37,194.37,194.37,102973.34,0.0
2023-06-19,194.16,194.16,194.16,194.16,118941.59,0.0
2023-06-20,194.26,194.26,194.26,194.26,85948.54,0.0
2023-06-21,194.42,194.42,194.42,194.42,66138.05,0.0
2023-06-25,194.6,194.6,194.6,194.6,9998.54,0.0
2023-06-26,194.57,194.57,194.57,194.57,55484.25,0.0
2023-06-27,194.43,194.43,194.43,194.43,58517.42,0.0
2023-06-28,194.49,194.49,194.49,194.49,56904.54,0.0
2023-06-29,194.54,194.54,194.54,194.54,73911.38,0.0
2023-06-30,194.81,194.81,194.81,194.81,57592.27,0.0
2023-07-03,194.83,194.83,194.83,194.83,111651.9,0.0
2023-07-04,194.86,194.86,194.86,194.86,71664.89,0.0
2023-07-05,194.85,194.85,194.85,194.85,99033.28,0.0
2023-07-06,194.93,194.93,194.93,194.93,57240.6,0.0
2023-07-07,194.96,194.96,194.96,194.96,78132.74,0.0
2023-07-10,194.98,194.98,194.98,194.98,78355.42,0.0
2023-07-11,195.15,195.15,195.15,195.15,71910.65,0.0
2023-07-12,195.11,195.11,195.11,195.11,98324.58,0.0
2023-07-13,195.14,195.14,195.14,195.14,75381.08,0.0
2023-07-14,195.07,195.07,195.07,195.07,70335.06,0.0
2023-07-17,195.24,195.24,195.24,195.24,178498.63,0.0
2023-07-18,195.43,195.43,195.43,195.43,99931.95,0.0
2023-07-19,195.48,195.48,195.48,195.48,131693.48,0.0
2023-07-20,195.49,195.49,195.49,195.49,95613.76,0.0
2023-07-21,195.69,195.69,195.69,195.69,102187.4,0.0
2023-07-24,195.86,195.86,195.86,195.86,109287.52,0.0
2023-07-25,195.25,195.25,195.25,195.25,133831.35,0.0
2023-07-26,195.39,195.39,195.39,195.39,165321.81,0.0
2023-07-27,195.64,195.64,195.64,195.64,184958.74,0.0
2023-07-28,195.56,195.56,195.56,195.56,88337.56,0.0
2023-07-31,195.39,195.39,195.39,195.39,117641.52,0.0
2023-08-01,195.54,195.54,195.54,195.54,90276.32,0.0
2023-08-02,195.58,195.58,195.58,195.58,86232.32,0.0
2023-08-03,195.71,195.71,195.71,195.71,76507.91,0.0
2023-08-04,195.7,195.7,195.7,195.7,103180.94,0.0
2023-08-07,195.78,195.78,195.78,195.78,79339.85,0.0
2023-08-08,195.84,195.84,195.84,195.84,51826.02,0.0
2023-08-09,195.9,195.9,195.9,195.9,77131.49,0.0
2023-08-10,195.87,195.87,195.87,195.87,73421.73,0.0
2023-08-11,195.94,195.94,195.94,195.94,44726.44,0.0
2023-08-14,196.23,196.23,196.23,196.23,103516.92,0.0
2023-08-15,196.61,196.61,196.61,196.61,129279.46,0.0
2023-08-16,196.89,196.89,196.89,196.89,219882.3,0.0
2023-08-17,196.85,196.85,196.85,196.85,205474.5,0.0
2023-08-18,196.92,196.92,196.92,196.92,125348.15,0.0
2023-08-21,197.26,197.26,197.26,197.26,97083.92,0.0
2023-08-22,197.21,197.21,197.21,197.21,152402.17,0.0
2023-08-23,197.18,197.18,197.18,197.18,130659.36,0.0
2023-08-24,197.21,197.21,197.21,197.21,108701.3,0.0
2023-08-25,197.09,197.09,197.09,197.09,84992.86,0.0
2023-08-28,196.78,196.78,196.78,196.78,95841.61,0.0
2023-08-29,196.72,196.72,196.72,196.72,126773.85,0.0
2023-08-30,196.79,196.79,196.79,196.79,128210.58,0.0
2023-08-31,196.92,196.92,196.92,196.92,81162.62,0.0
2023-09-01,196.62,196.62,196.62,196.62,85695.34,0.0
2023-09-04,196.16,196.16,196.16,196.16,134727.45,0.0
2023-09-05,196.25,196.25,196.25,196.25,134385.69,0.0
2023-09-06,195.99,195.99,195.99,195.99,106510.76,0.0
2023-09-07,195.85,195.85,195.85,195.85,121333.8,0.0
2023-09-08,195.88,195.88,195.88,195.88,113349.78,0.0
2023-09-11,195.88,195.88,195.88,195.88,100587.71,0.0
2023-09-12,196.08,196.08,196.08,196.08,99803.35,0.0
2023-09-13,196.19,196.19,196.19,196.19,84614.51,0.0
2023-09-14,196.34,196.34,196.34,196.34,91598.04,0.0
2023-09-15,196.15,196.15,196.15,196.15,109677.25,0.0
2023-09-18,195.91,195.91,195.91,195.91,120551.6,0.0
2023-09-19,195.95,195.95,195.95,195.95,104648.86,0.0
2023-09-20,195.92,195.92,195.92,195.92,85498.6,0.0
2023-09-21,195.99,195.99,195.99,195.99,99310.28,0.0
2023-09-22,195.86,195.86,195.86,195.86,75738.88,0.0
2023-09-25,195.65,195.65,195.65,195.65,256304.83,0.0
2023-09-26,195.49,195.49,195.49,195.49,83121.44,0.0
2023-09-27,195.51,195.51,195.51,195.51,75841.83,0.0
2023-09-28,195.68,195.68,195.68,195.68,35126.88,0.0
2023-10-07,195.95,195.95,195.95,195.95,12620.0,0.0
2023-10-08,196.02,196.02,196.02,196.02,1020.0,0.0
2023-10-09,196.04,196.04,196.04,196.04,47220.69,0.0
2023-10-10,195.95,195.95,195.95,195.95,52023.02,0.0
2023-10-11,195.75,195.75,195.75,195.75,92337.76,0.0
2023-10-12,195.68,195.68,195.68,195.68,92327.81,0.0
2023-10-13,196.02,196.02,196.02,196.02,110208.06,0.0
2023-10-16,196.16,196.16,196.16,196.16,120496.99,0.0
2023-10-17,196.07,196.07,196.07,196.07,95423.93,0.0
2023-10-18,196.04,196.04,196.04,196.04,91776.32,0.0
2023-10-19,195.86,195.86,195.86,195.86,117959.91,0.0
2023-10-20,195.94,195.94,195.94,195.94,97730.57,0.0
2023-10-23,196.17,196.17,196.17,196.17,237393.07,0.0
2023-10-24,195.98,195.98,195.98,195.98,94121.58,0.0
2023-10-25,196.13,196.13,196.13,196.13,165867.43,0.0
2023-10-26,196.21,196.21,196.21,196.21,153851.87,0.0
2023-10-27,196.19,196.19,196.19,196.19,315473.98,0.0
2023-10-30,196.31,196.31,196.31,196.31,91931.31,0.0
2023-10-31,196.48,196.48,196.48,196.48,92342.03,0.0
2023-11-01,196.6,196.6,196.6,196.6,158604.76,0.0
2023-11-02,196.83,196.83,196.83,196.83,124783.99,0.0
2023-11-03,196.85,196.85,196.85,196.85,184877.24,0.0
2023-11-06,196.96,196.96,196.96,196.96,147155.38,0.0
2023-11-07,196.98,196.98,196.98,196.98,128656.02,0.0
2023-11-08,196.97,196.97,196.97,196.97,144620.53,0.0
2023-11-09,197.07,197.07,197.07,197.07,187777.43,0.0
2023-11-10,197.06,197.06,197.06,197.06,127829.6,0.0
2023-11-13,197.15,197.15,197.15,197.15,128987.33,0.0
2023-11-14,197.09,197.09,197.09,197.09,100660.16,0.0
2023-11-15,197.04,197.04,197.04,197.04,200293.61,0.0
2023-11-16,197.14,197.14,197.14,197.14,175692.93,0.0
2023-11-17,197.21,197.21,197.21,197.21,260544.78,0.0
2023-11-20,197.22,197.22,197.22,197.22,132958.97,0.0
2023-11-21,197.2,197.2,197.2,197.2,117600.8,0.0
2023-11-22,197.12,197.12,197.12,197.12,154018.67,0.0
2023-11-23,196.91,196.91,196.91,196.91,173806.24,0.0
2023-11-24,196.93,196.93,196.93,196.93,205534.41,0.0
2023-11-27,196.86,196.86,196.86,196.86,192096.73,0.0
2023-11-28,196.97,196.97,196.97,196.97,175620.15,0.0
2023-11-29,197.01,197.01,197.01,197.01,244017.41,0.0
2023-11-30,197.14,197.14,197.14,197.14,223892.39,0.0
2023-12-01,197.12,197.12,197.12,197.12,250371.59,0.0
2023-12-04,197.12,197.12,197.12,197.12,242952.47,0.0
2023-12-05,197.1,197.1,197.1,197.1,272559.56,0.0
2023-12-06,197.11,197.11,197.11,197.11,288118.53,0.0
2023-12-07,197.11,197.11,197.11,197.11,235852.46,0.0
2023-12-08,197.2,197.2,197.2,197.2,317734.01,0.0
2023-12-11,197.45,197.45,197.45,197.45,272117.02,0.0
2023-12-12,197.46,197.46,197.46,197.46,351594.66,0.0
2023-12-13,197.69,197.69,197.69,197.69,346371.06,0.0
2023-12-14,197.7,197.7,197.7,197.7,340447.64,0.0
2023-12-15,197.81,197.81,197.81,197.81,318738.09,0.0
2023-12-18,197.96,197.96,197.96,197.96,364134.91,0.0
2023-12-19,197.95,197.95,197.95,197.95,325874.36,0.0
2023-12-20,197.95,197.95,197.95,197.95,266285.95,0.0
2023-12-21,198.2,198.2,198.2,198.2,340435.89,0.0
2023-12-22,198.31,198.31,198.31,198.31,349649.36,0.0
2023-12-25,198.51,198.51,198.51,198.51,357528.21,0.0
2023-12-26,198.65,198.65,198.65,198.65,252140.59,0.0
2023-12-27,198.74,198.74,198.74,198.74,242024.31,0.0
2023-12-28,198.87,198.87,198.87,198.87,196541.54,0.0
2023-12-29,198.89,198.89,198.89,198.89,80543.85,0.0
2023-12-31,199.0,199.0,199.0,199.0,90.0,0.0
2024-01-02,198.97,198.97,198.97,198.97,122936.43,0.0
2024-01-03,198.85,198.85,198.85,198.85,326680.17,0.0
2024-01-04,199.06,199.06,199.06,199.06,363199.29,0.0
2024-01-05,199.29,199.29,199.29,199.29,358535.3,0.0
2024-01-08,199.37,199.37,199.37,199.37,368983.51,0.0
2024-01-09,199.62,199.62,199.62,199.62,235692.09,0.0
2024-01-10,199.59,199.59,199.59,199.59,352232.06,0.0
2024-01-11,199.55,199.55,199.55,199.55,337141.59,0.0
2024-01-12,199.37,199.37,199.37,199.37,396466.36,0.0
2024-01-15,199.31,199.31,199.31,199.31,452328.9,0.0
2024-01-16,199.35,199.35,199.35,199.35,410848.79,0.0
2024-01-17,199.49,199.49,199.49,199.49,330250.44,0.0
2024-01-18,199.64,199.64,199.64,199.64,379538.04,0.0
2024-01-19,199.72,199.72,199.72,199.72,370910.94,0.0
2024-01-22,199.94,199.94,199.94,199.94,440990.16,0.0
2024-01-23,199.9,199.9,199.9,199.9,446585.71,0.0
2024-01-24,199.88,199.88,199.88,199.88,355678.1,0.0
2024-01-25,199.99,199.99,199.99,199.99,469782.74,0.0
2024-01-26,200.07,200.07,200.07,200.07,392842.4,0.0
2024-01-29,200.13,200.13,200.13,200.13,297719.44,0.0
2024-01-30,200.74,200.74,200.74,200.74,360792.92,0.0
2024-01-31,201.12,201.12,201.12,201.12,411518.19,0.0
2024-02-01,201.11,201.11,201.11,201.11,434767.86,0.0
2024-02-02,201.09,201.09,201.09,201.09,356904.35,0.0
2024-02-04,201.41,201.41,201.41,201.41,53117.3,0.0
2024-02-05,201.41,201.41,201.41,201.41,205260.5,0.0
2024-02-06,200.74,200.74,200.74,200.74,378523.02,0.0
2024-02-07,201.14,201.14,201.14,201.14,421390.49,0.0
2024-02-08,201.08,201.08,201.08,201.08,196066.87,0.0
2024-02-09,201.02,201.02,201.02,201.02,2568.77,0.0
2024-02-18,201.2,201.2,201.2,201.2,2450.0,0.0
2024-02-19,201.23,201.23,201.23,201.23,119840.44,0.0
2024-02-20,201.45,201.45,201.45,201.45,324057.42,0.0
2024-02-21,201.54,201.54,201.54,201.54,428236.83,0.0
2024-02-22,201.67,201.67,201.67,201.67,447136.02,0.0
2024-02-23,201.96,201.96,201.96,201.96,423321.68,0.0
2024-02-26,202.18,202.18,202.18,202.18,392573.05,0.0
2024-02-27,202.32,202.32,202.32,202.32,441732.1,0.0
2024-02-28,202.42,202.42,202.42,202.42,429740.99,0.0
2024-02-29,202.7,202.7,202.7,202.7,407366.56,0.0
2024-03-01,202.27,202.27,202.27,202.27,435984.23,0.0
2024-03-04,202.41,202.41,202.41,202.41,428086.03,0.0
2024-03-05,202.68,202.68,202.68,202.68,405628.85,0.0
2024-03-06,203.46,203.46,203.46,203.46,545847.93,0.0
2024-03-07,203.41,203.41,203.41,203.41,520735.76,0.0
2024-03-08,203.36,203.36,203.36,203.36,496234.41,0.0
2024-03-11,203.07,203.07,203.07,203.07,401794.4,0.0
2024-03-12,202.44,202.44,202.44,202.44,502689.29,0.0
2024-03-13,202.47,202.47,202.47,202.47,574144.3,0.0
2024-03-14,202.44,202.44,202.44,202.44,538534.24,0.0
2024-03-15,202.54,202.54,202.54,202.54,446817.8,0.0
2024-03-18,202.9,202.9,202.9,202.9,453186.68,0.0
2024-03-19,203.06,203.06,203.06,203.06,630454.69,0.0
2024-03-20,202.99,202.99,202.99,202.99,542257.11,0.0
2024-03-21,203.0,203.0,203.0,203.0,374818.86,0.0
2024-03-22,202.95,202.95,202.95,202.95,328754.45,0.0
2024-03-25,202.77,202.77,202.77,202.77,374663.48,0.0
2024-03-26,202.75,202.75,202.75,202.75,359046.65,0.0
2024-03-27,202.96,202.96,202.96,202.96,348530.41,0.0
2024-03-28,203.03,203.03,203.03,203.03,439930.28,0.0
2024-03-29,203.12,203.12,203.12,203.12,330357.27,0.0
2024-04-01,202.96,202.96,202.96,202.96,373064.26,0.0
2024-04-02,203.12,203.12,203.12,203.12,341330.98,0.0
2024-04-03,203.36,203.36,203.36,203.36,327269.4,0.0
2024-04-07,203.36,203.36,203.36,203.36,34420.98,0.0
2024-04-08,203.51,203.51,203.51,203.51,161455.2,0.0
2024-04-09,203.67,203.67,203.67,203.67,339246.26,0.0
2024-04-10,203.53,203.53,203.53,203.53,551315.21,0.0
2024-04-11,203.59,203.59,203.59,203.59,427317.23,0.0
2024-04-12,203.9,203.9,203.9,203.9,390831.3,0.0
2024-04-15,204.13,204.13,204.13,204.13,537834.0,0.0
2024-04-16,204.15,204.15,204.15,204.15,459342.48,0.0
2024-04-17,204.29,204.29,204.29,204.29,396738.48,0.0
2024-04-18,204.49,204.49,204.49,204.49,449223.82,0.0
2024-04-19,204.62,204.62,204.62,204.62,387096.05,0.0
2024-04-22,204.83,204.83,204.83,204.83,218249.1,0.0
2024-04-23,205.13,205.13,205.13,205.13,194495.73,0.0
2024-04-24,204.52,204.52,204.52,204.52,315675.6,0.0
2024-04-25,204.54,204.54,204.54,204.54,343355.0,0.0
2024-04-26,204.0,204.0,204.0,204.0,247512.77,0.0
2024-04-28,203.74,203.74,203.74,203.74,21160.0,0.0
2024-04-29,203.27,203.27,203.27,203.27,245417.31,0.0
2024-04-30,203.97,203.97,203.97,203.97,189731.08,0.0
2024-05-06,204.09,204.09,204.09,204.09,178019.56,0.0
2024-05-07,204.42,204.42,204.42,204.42,186834.27,0.0
2024-05-08,204.53,204.53,204.53,204.53,268967.25,0.0
2024-05-09,204.31,204.31,204.31,204.31,191707.62,0.0
2024-05-10,204.25,204.25,204.25,204.25,225342.42,0.0
2024-05-11,203.95,203.95,203.95,203.95,20368.35,0.0
2024-05-13,204.45,204.45,204.45,204.45,176465.9,0.0
2024-05-14,204.65,204.65,204.65,204.65,224309.87,0.0
2024-05-15,204.58,204.58,204.58,204.58,220196.89,0.0
2024-05-16,204.41,204.41,204.41,204.41,215127.49,0.0
2024-05-17,204.32,204.32,204.32,204.32,215005.18,0.0
2024-05-20,204.48,204.48,204.48,204.48,229512.99,0.0
2024-05-21,204.39,204.39,204.39,204.39,148521.46,0.0
2024-05-22,204.49,204.49,204.49,204.49,156300.64,0.0
2024-05-23,204.71,204.71,204.71,204.71,135034.05,0.0
2024-05-24,204.7,204.7,204.7,204.7,180036.46,0.0
2024-05-27,204.67,204.67,204.67,204.67,166099.55,0.0
2024-05-28,204.82,204.82,204.82,204.82,139419.97,0.0
2024-05-29,205.0,205.0,205.0,205.0,214256.32,0.0
2024-05-30,204.94,204.94,204.94,204.94,193008.94,0.0
2024-05-31,204.73,204.73,204.73,204.73,186964.78,0.0
2024-06-03,204.94,204.94,204.94,204.94,206049.02,0.0
2024-06-04,205.04,205.04,205.04,205.04,167614.5,0.0
2024-06-05,205.22,205.22,205.22,205.22,168164.36,0.0
2024-06-06,205.3,205.3,205.3,205.3,182492.12,0.0
2024-06-07,205.32,205.32,205.32,205.32,129527.26,0.0
2024-06-11,205.44,205.44,205.44,205.44,83269.13,0.0
2024-06-12,205.45,205.45,205.45,205.45,108607.69,0.0
2024-06-13,205.52,205.52,205.52,205.52,135093.59,0.0
2024-06-14,205.62,205.62,205.62,205.62,140631.06,0.0
2024-06-17,205.65,205.65,205.65,205.65,229739.42,0.0
2024-06-18,205.8,205.8,205.8,205.8,152339.77,0.0
2024-06-19,205.95,205.95,205.95,205.95,198304.09,0.0
2024-06-20,206.08,206.08,206.08,206.08,238275.8,0.0
2024-06-21,205.91,205.91,205.91,205.91,191351.91,0.0
2024-06-24,206.07,206.07,206.07,206.07,196257.01,0.0
2024-06-25,206.33,206.33,206.33,206.33,172502.94,0.0
2024-06-26,206.42,206.42,206.42,206.42,179375.12,0.0
2024-06-27,206.7,206.7,206.7,206.7,171456.24,0.0
2024-06-28,206.84,206.84,206.84,206.84,182540.49,0.0
2024-07-01,206.37,206.37,206.37,206.37,181415.79,0.0
2024-07-02,206.53,206.53,206.53,206.53,252155.22,0.0
2024-07-03,206.77,206.77,206.77,206.77,200209.51,0.0
2024-07-04,206.81,206.81,206.81,206.81,199337.19,0.0
2024-07-05,206.56,206.56,206.56,206.56,153323.57,0.0
2024-07-08,206.06,206.06,206.06,206.06,198704.73,0.0
2024-07-09,206.42,206.42,206.42,206.42,202293.0,0.0
2024-07-10,206.46,206.46,206.46,206.46,167275.96,0.0
2024-07-11,206.53,206.53,206.53,206.53,124725.33,0.0
2024-07-12,206.71,206.71,206.71,206.71,118837.11,0.0
2024-07-15,206.85,206.85,206.85,206.85,161403.77,0.0
2024-07-16,206.92,206.92,206.92,206.92,131948.54,0.0
2024-07-17,206.98,206.98,206.98,206.98,158515.77,0.0
2024-07-18,206.87,206.87,206.87,206.87,143952.59,0.0
2024-07-19,206.93,206.93,206.93,206.93,133750.01,0.0
2024-07-22,207.4,207.4,207.4,207.4,114942.07,0.0
2024-07-23,207.75,207.75,207.75,207.75,212824.74,0.0
2024-07-24,207.87,207.87,207.87,207.87,201054.76,0.0
2024-07-25,208.01,208.01,208.01,208.01,163932.62,0.0
2024-07-26,208.28,208.28,208.28,208.28,214421.12,0.0
2024-07-29,208.51,208.51,208.51,208.51,192218.18,0.0
2024-07-30,208.71,208.71,208.71,208.71,170598.43,0.0
2024-07-31,208.97,208.97,208.97,208.97,181426.03,0.0
2024-08-01,209.25,209.25,209.25,209.25,210822.95,0.0
2024-08-02,209.36,209.36,209.36,209.36,185694.75,0.0
2024-08-05,209.48,209.48,209.48,209.48,185471.41,0.0
2024-08-06,209.38,209.38,209.38,209.38,326305.41,0.0
2024-08-07,209.55,209.55,209.55,209.55,259158.94,0.0
2024-08-08,208.95,208.95,208.95,208.95,205863.64,0.0
2024-08-09,208.57,208.57,208.57,208.57,227124.23,0.0
2024-08-12,207.63,207.63,207.63,207.63,107875.65,0.0
2024-08-13,207.87,207.87,207.87,207.87,108786.76,0.0
2024-08-14,208.46,208.46,208.46,208.46,134013.51,0.0
2024-08-15,208.35,208.35,208.35,208.35,137130.39,0.0
2024-08-16,208.44,208.44,208.44,208.44,92735.36,0.0
2024-08-19,208.62,208.62,208.62,208.62,65059.05,0.0
2024-08-20,208.71,208.71,208.71,208.71,99206.75,0.0
2024-08-21,208.64,208.64,208.64,208.64,59491.18,0.0
2024-08-22,208.91,208.91,208.91,208.91,66835.19,0.0
2024-08-23,208.96,208.96,208.96,208.96,71774.09,0.0
2024-08-26,209.03,209.03,209.03,209.03,62323.21,0.0
2024-08-27,208.58,208.58,208.58,208.58,64711.15,0.0
2024-08-28,208.69,208.69,208.69,208.69,85875.43,0.0
2024-08-29,208.74,208.74,208.74,208.74,87776.06,0.0
2024-08-30,208.6,208.6,208.6,208.6,58616.09,0.0
2024-09-02,209.1,209.1,209.1,209.1,67441.57,0.0
2024-09-03,209.25,209.25,209.25,209.25,94321.96,0.0
2024-09-04,209.43,209.43,209.43,209.43,97694.7,0.0
2024-09-05,209.64,209.64,209.64,209.64,109585.91,0.0
2024-09-06,209.56,209.56,209.56,209.56,118970.91,0.0
2024-09-09,209.77,209.77,209.77,209.77,73395.49,0.0
2024-09-10,210.02,210.02,210.02,210.02,77332.57,0.0
2024-09-11,210.31,210.31,210.31,210.31,111068.83,0.0
2024-09-12,210.35,210.35,210.35,210.35,112511.76,0.0
2024-09-13,210.7,210.7,210.7,210.7,104053.93,0.0
2024-09-14,211.05,211.05,211.05,211.05,5781.86,0.0
2024-09-18,211.12,211.12,211.12,211.12,80797.94,0.0
2024-09-19,211.15,211.15,211.15,211.15,81965.48,0.0
2024-09-20,211.06,211.06,211.06,211.06,119038.57,0.0
2024-09-23,211.2,211.2,211.2,211.2,106033.09,0.0
2024-09-24,210.69,210.69,210.69,210.69,82941.58,0.0
2024-09-25,211.22,211.22,211.22,211.22,206612.9,0.0
2024-09-26,210.71,210.71,210.71,210.71,152196.26,0.0
2024-09-27,209.07,209.07,209.07,209.07,261840.98,0.0
2024-09-29,207.83,207.83,207.83,207.83,14784.34,0.0
2024-09-30,208.93,208.93,208.93,208.93,162141.26,0.0
2024-10-08,208.59,208.59,208.59,208.59,156299.42,0.0
2024-10-09,208.79,208.79,208.79,208.79,98649.82,0.0
2024-10-10,209.47,209.47,209.47,209.47,107515.36,0.0
2024-10-11,209.64,209.64,209.64,209.64,125186.99,0.0
2024-10-12,209.64,209.64,209.64,209.64,8443.6,0.0
2024-10-14,209.67,209.67,209.67,209.67,147206.44,0.0
2024-10-15,209.8,209.8,209.8,209.8,99430.05,0.0
2024-10-16,209.94,209.94,209.94,209.94,124716.25,0.0
2024-10-17,210.13,210.13,210.13,210.13,89422.69,0.0
2024-10-18,210.19,210.19,210.19,210.19,113261.58,0.0
2024-10-21,210.07,210.07,210.07,210.07,142080.07,0.0
2024-10-22,209.78,209.78,209.78,209.78,70412.03,0.0
2024-10-23,209.56,209.56,209.56,209.56,108653.85,0.0
2024-10-24,209.6,209.6,209.6,209.6,113973.6,0.0
2024-10-25,209.49,209.49,209.49,209.49,97931.97,0.0
2024-10-28,209.48,209.48,209.48,209.48,89422.09,0.0
2024-10-29,209.53,209.53,209.53,209.53,134352.6,0.0
2024-10-30,209.59,209.59,209.59,209.59,109600.56,0.0
2024-10-31,209.69,209.69,209.69,209.69,65306.45,0.0
2024-11-01,209.93,209.93,209.93,209.93,106713.34,0.0
2024-11-04,210.09,210.09,210.09,210.09,105942.24,0.0
2024-11-05,210.22,210.22,210.22,210.22,99149.49,0.0
2024-11-06,210.35,210.35,210.35,210.35,126033.39,0.0
2024-11-07,210.42,210.42,210.42,210.42,122239.59,0.0
2024-11-08,210.57,210.57,210.57,210.57,103824.97,0.0
2024-11-11,210.69,210.69,210.69,210.69,109810.12,0.0
2024-11-12,210.98,210.98,210.98,210.98,84292.96,0.0
2024-11-13,211.04,211.04,211.04,211.04,123508.1,0.0
2024-11-14,211.03,211.03,211.03,211.03,115362.14,0.0
2024-11-15,211.11,211.11,211.11,211.11,86377.25,0.0
2024-11-18,210.92,210.92,210.92,210.92,103343.39,0.0
2024-11-19,210.99,210.99,210.99,210.99,113456.58,0.0
2024-11-20,211.07,211.07,211.07,211.07,93522.1,0.0
2024-11-21,211.26,211.26,211.26,211.26,79292.56,0.0
2024-11-22,211.39,211.39,211.39,211.39,117109.07,0.0
2024-11-25,211.6,211.6,211.6,211.6,96717.76,0.0
2024-11-26,211.76,211.76,211.76,211.76,122971.44,0.0
2024-11-27,211.82,211.82,211.82,211.82,98773.94,0.0
2024-11-28,211.95,211.95,211.95,211.95,121839.81,0.0
2024-11-29,212.21,212.21,212.21,212.21,115142.28,0.0
2024-12-02,212.88,212.88,212.88,212.88,147230.93,0.0
2024-12-03,212.87,212.87,212.87,212.87,151127.67,0.0
2024-12-04,213.23,213.23,213.23,213.23,147962.57,0.0
2024-12-05,213.34,213.34,213.34,213.34,115466.84,0.0
2024-12-06,213.42,213.42,213.42,213.42,113340.31,0.0
2024-12-09,213.91,213.91,213.91,213.91,11729.92,0.0
2024-12-10,214.95,214.95,214.95,214.95,125038.63,0.0
2024-12-11,215.28,215.28,215.28,215.28,136902.95,0.0
2024-12-12,215.5,215.5,215.5,215.5,139971.19,0.0
2024-12-13,216.16,216.16,216.16,216.16,116987.15,0.0
2024-12-16,216.86,216.86,216.86,216.86,124391.28,0.0
2024-12-17,216.72,216.72,216.72,216.72,121029.52,0.0
2024-12-18,216.52,216.52,216.52,216.52,116468.38,0.0
2024-12-19,216.5,216.5,216.5,216.5,166750.55,0.0
2024-12-20,217.24,217.24,217.24,217.24,110497.55,0.0
2024-12-23,217.22,217.22,217.22,217.22,87158.81,0.0
2024-12-24,216.9,216.9,216.9,216.9,86122.61,0.0
2024-12-25,216.63,216.63,216.63,216.63,108332.35,0.0
2024-12-26,216.86,216.86,216.86,216.86,93010.69,0.0
2024-12-27,217.27,217.27,217.27,217.27,100231.6,0.0
2024-12-30,217.14,217.14,217.14,217.14,70940.02,0.0
2024-12-31,217.6,217.6,217.6,217.6,27203.46,0.0
2025-01-02,218.57,218.57,218.57,218.57,73550.34,0.0
2025-01-03,218.84,218.84,218.84,218.84,128846.49,0.0
2025-01-06,218.99,218.99,218.99,218.99,154465.66,0.0
2025-01-07,218.87,218.87,218.87,218.87,116884.52,0.0
2025-01-08,218.9,218.9,218.9,218.9,123959.03,0.0
2025-01-09,218.39,218.39,218.39,218.39,91910.48,0.0
2025-01-10,218.55,218.55,218.55,218.55,143438.03,0.0
2025-01-13,218.22,218.22,218.22,218.22,167068.13,0.0
2025-01-14,218.5,218.5,218.5,218.5,112430.58,0.0
2025-01-15,218.71,218.71,218.71,218.71,162046.25,0.0
2025-01-16,218.54,218.54,218.54,218.54,107510.68,0.0
2025-01-17,218.36,218.36,218.36,218.36,76825.55,0.0
2025-01-20,218.17,218.17,218.17,218.17,71800.22,0.0
2025-01-21,218.43,218.43,218.43,218.43,71514.85,0.0
2025-01-22,218.47,218.47,218.47,218.47,96003.86,0.0
2025-01-23,218.3,218.3,218.3,218.3,79663.87,0.0
2025-01-24,218.17,218.17,218.17,218.17,58624.13,0.0
2025-01-26,218.3,218.3,218.3,218.3,7850.0,0.0
2025-01-27,218.67,218.67,218.67,218.67,61592.76,0.0
2025-02-05,218.94,218.94,218.94,218.94,31468.86,0.0
2025-02-06,219.19,219.19,219.19,219.19,84462.36,0.0
2025-02-07,219.27,219.27,219.27,219.27,123475.66,0.0
2025-02-08,219.2,219.2,219.2,219.2,8577.81,0.0
2025-02-10,218.93,218.93,218.93,218.93,71731.33,0.0
2025-02-11,218.93,218.93,218.93,218.93,91609.08,0.0
2025-02-12,218.94,218.94,218.94,218.94,86185.47,0.0
2025-02-13,218.86,218.86,218.86,218.86,82919.77,0.0
2025-02-14,218.57,218.57,218.57,218.57,63932.22,0.0
2025-02-17,218.1,218.1,218.1,218.1,107867.85,0.0
2025-02-18,217.77,217.77,217.77,217.77,121867.89,0.0
2025-02-19,217.9,217.9,217.9,217.9,148649.1,0.0
2025-02-20,217.62,217.62,217.62,217.62,137330.26,0.0
2025-02-21,217.08,217.08,217.08,217.08,112550.99,0.0
2025-02-24,216.46,216.46,216.46,216.46,186419.83,0.0
2025-02-25,216.77,216.77,216.77,216.77,163991.71,0.0
2025-02-26,216.97,216.97,216.97,216.97,195385.6,0.0
2025-02-27,216.56,216.56,216.56,216.56,153676.87,0.0
2025-02-28,216.9,216.9,216.9,216.9,113355.39,0.0
2025-03-03,217.26,217.26,217.26,217.26,124647.2,0.0
2025-03-04,217.32,217.32,217.32,217.32,136449.72,0.0
2025-03-05,217.35,217.35,217.35,217.35,117364.36,0.0
2025-03-06,216.85,216.85,216.85,216.85,104483.44,0.0
2025-03-07,215.93,215.93,215.93,215.93,117130.57,0.0
2025-03-10,215.74,215.74,215.74,215.74,156379.2,0.0
2025-03-11,214.69,214.69,214.69,214.69,120223.79,0.0
2025-03-12,215.29,215.29,215.29,215.29,261368.2,0.0
2025-03-13,215.16,215.16,215.16,215.16,185208.24,0.0
2025-03-14,215.3,215.3,215.3,215.3,161059.87,0.0
2025-03-17,214.44,214.44,214.44,214.44,127729.32,0.0
2025-03-18,214.59,214.59,214.59,214.59,125208.89,0.0
2025-03-19,214.64,214.64,214.64,214.64,131314.76,0.0
2025-03-20,215.34,215.34,215.34,215.34,117144.44,0.0
2025-03-21,215.31,215.31,215.31,215.31,140383.48,0.0
2025-03-24,215.3,215.3,215.3,215.3,105149.09,0.0
2025-03-25,215.71,215.71,215.71,215.71,114904.89,0.0
2025-03-26,216.03,216.03,216.03,216.03,134166.73,0.0
2025-03-27,216.01,216.01,216.01,216.01,117477.57,0.0
2025-03-28,215.98,215.98,215.98,215.98,160790.84,0.0
2025-03-31,215.96,215.96,215.96,215.96,104679.71,0.0
2025-04-01,216.03,216.03,216.03,216.03,113213.22,0.0
2025-04-02,216.3,216.3,216.3,216.3,128355.07,0.0
2025-04-03,217.57,217.57,217.57,217.57,122533.08,0.0
2025-04-07,218.78,218.78,218.78,218.78,158475.0,0.0
2025-04-08,218.28,218.28,218.28,218.28,296267.89,0.0
2025-04-09,218.48,218.48,218.48,218.48,169109.1,0.0
2025-04-10,218.41,218.41,218.41,218.41,174770.57,0.0
2025-04-11,218.55,218.55,218.55,218.55,155717.25,0.0
2025-04-14,218.38,218.38,218.38,218.38,139221.09,0.0
2025-04-15,218.51,218.51,218.51,218.51,93531.88,0.0
2025-04-16,218.83,218.83,218.83,218.83,210421.43,0.0
2025-04-17,218.79,218.79,218.79,218.79,148760.69,0.0
2025-04-18,218.75,218.75,218.75,218.75,94096.64,0.0
2025-04-21,218.6,218.6,218.6,218.6,78657.75,0.0
2025-04-22,218.68,218.68,218.68,218.68,85752.99,0.0
2025-04-23,218.47,218.47,218.47,218.47,84405.74,0.0
2025-04-24,218.52,218.52,218.52,218.52,90489.46,0.0
2025-04-25,218.51,218.51,218.51,218.51,92487.24,0.0
2025-04-27,218.52,218.52,218.52,218.52,3330.0,0.0
2025-04-28,218.69,218.69,218.69,218.69,59096.23,0.0
2025-04-29,219.02,219.02,219.02,219.02,102226.75,0.0
2025-04-30,219.1,219.1,219.1,219.1,93776.12,0.0
2025-05-06,219.2,219.2,219.2,219.2,71010.44,0.0
2025-05-07,219.13,219.13,219.13,219.13,72740.48,0.0
2025-05-08,219.23,219.23,219.23,219.23,163142.52,0.0
2025-05-09,219.34,219.34,219.34,219.34,116701.0,0.0
2025-05-12,218.54,218.54,218.54,218.54,104738.0,0.0
2025-05-13,218.72,218.72,218.72,218.72,224750.39,0.0
2025-05-14,218.69,218.69,218.69,218.69,135686.72,0.0
2025-05-15,218.61,218.61,218.61,218.61,105321.14,0.0
2025-05-16,218.45,218.45,218.45,218.45,88216.35,0.0
2025-05-19,218.69,218.69,218.69,218.69,85714.99,0.0
2025-05-20,218.82,218.82,218.82,218.82,104511.88,0.0
2025-05-21,218.76,218.76,218.76,218.76,94697.34,0.0
2025-05-22,218.73,218.73,218.73,218.73,73670.31,0.0
2025-05-23,218.66,218.66,218.66,218.66,105724.09,0.0
2025-05-26,218.84,218.84,218.84,218.84,138907.11,0.0
2025-05-27,218.77,218.77,218.77,218.77,85070.27,0.0
2025-05-28,218.67,218.67,218.67,218.67,76316.32,0.0
2025-05-29,218.4,218.4,218.4,218.4,123082.05,0.0
2025-05-30,218.75,218.75,218.75,218.75,120849.12,0.0
2025-06-03,218.79,218.79,218.79,218.79,107640.09,0.0
2025-06-04,218.85,218.85,218.85,218.85,70381.29,0.0
2025-06-05,218.93,218.93,218.93,218.93,92756.37,0.0
2025-06-06,219.12,219.12,219.12,219.12,105404.87,0.0
2025-06-09,219.29,219.29,219.29,219.29,155134.47,0.0
2025-06-10,219.31,219.31,219.31,219.31,109745.18,0.0
2025-06-11,219.41,219.41,219.41,219.41,122803.8,0.0
2025-06-12,219.42,219.42,219.42,219.42,123659.58,0.0
2025-06-13,219.41,219.41,219.41,219.41,104651.04,0.0
2025-06-16,219.48,219.48,219.48,219.48,94264.33,0.0
2025-06-17,219.55,219.55,219.55,219.55,117580.1,0.0
2025-06-18,219.64,219.64,219.64,219.64,267453.23,0.0
2025-06-19,219.72,219.72,219.72,219.72,108246.82,0.0
2025-06-20,219.73,219.73,219.73,219.73,142179.46,0.0
2025-06-23,219.77,219.77,219.77,219.77,84146.25,0.0
2025-06-24,219.64,219.64,219.64,219.64,87258.44,0.0
2025-06-25,219.55,219.55,219.55,219.55,89055.47,0.0
2025-06-26,219.48,219.48,219.48,219.48,131285.13,0.0
2025-06-27,219.58,219.58,219.58,219.58,96990.8,0.0
2025-06-30,219.54,219.54,219.54,219.54,80992.74,0.0
2025-07-01,219.65,219.65,219.65,219.65,99702.27,0.0
2025-07-02,219.89,219.89,219.89,219.89,105558.52,0.0
2025-07-03,219.96,219.96,219.96,219.96,135547.84,0.0
2025-07-04,219.99,219.99,219.99,219.99,98540.5,0.0
2025-07-07,220.04,220.04,220.04,220.04,86665.04,0.0
2025-07-08,219.93,219.93,219.93,219.93,68413.97,0.0
2025-07-09,219.91,219.91,219.91,219.91,223667.76,0.0
2025-07-10,219.79,219.79,219.79,219.79,86388.41,0.0
2025-07-11,219.6,219.6,219.6,219.6,133289.28,0.0
2025-07-14,219.5,219.5,219.5,219.5,110655.68,0.0
2025-07-15,219.75,219.75,219.75,219.75,104974.38,0.0
2025-07-16,219.81,219.81,219.81,219.81,97647.9,0.0
2025-07-17,219.81,219.81,219.81,219.81,54163.66,0.0
2025-07-18,219.74,219.74,219.74,219.74,61545.29,0.0
2025-07-21,219.57,219.57,219.57,219.57,74703.44,0.0
2025-07-22,219.47,219.47,219.47,219.47,109369.1,0.0
2025-07-23,219.05,219.05,219.05,219.05,129577.44,0.0
2025-07-24,218.7,218.7,218.7,218.7,171838.01,0.0
2025-07-25,218.64,218.64,218.64,218.64,153336.06,0.0
2025-07-28,218.89,218.89,218.89,218.89,125999.12,0.0
2025-07-29,218.51,218.51,218.51,218.51,103710.39,0.0
2025-07-30,218.82,218.82,218.82,218.82,95249.86,0.0
2025-07-31,219.12,219.12,219.12,219.12,107692.47,0.0
2025-08-01,219.15,219.15,219.15,219.15,131023.01,0.0
2025-08-04,219.35,219.35,219.35,219.35,105289.25,0.0
2025-08-05,219.28,219.28,219.28,219.28,109760.59,0.0
2025-08-06,219.4,219.4,219.4,219.4,95210.62,0.0
2025-08-07,219.55,219.55,219.55,219.55,80382.81,0.0
2025-08-08,219.58,219.58,219.58,219.58,100020.96,0.0
2025-08-11,219.36,219.36,219.36,219.36,84630.53,0.0
2025-08-12,219.09,219.09,219.09,219.09,98580.64,0.0
2025-08-13,219.13,219.13,219.13,219.13,138960.02,0.0
2025-08-14,219.06,219.06,219.06,219.06,85677.77,0.0
2025-08-15,218.94,218.94,218.94,218.94,101693.89,0.0
2025-08-18,218.32,218.32,218.32,218.32,108475.85,0.0
2025-08-19,218.33,218.33,218.33,218.33,106811.75,0.0
2025-08-20,218.34,218.34,218.34,218.34,102642.21,0.0
2025-08-21,218.34,218.34,218.34,218.34,112560.5,0.0
2025-08-22,218.31,218.31,218.31,218.31,88014.55,0.0
2025-08-25,218.5,218.5,218.5,218.5,98613.17,0.0
2025-08-26,218.56,218.56,218.56,218.56,107179.23,0.0
2025-08-27,218.56,218.56,218.56,218.56,85158.14,0.0
2025-08-28,218.3,218.3,218.3,218.3,98907.53,0.0
2025-08-29,218.26,218.26,218.26,218.26,92475.16,0.0
2025-09-01,218.4,218.4,218.4,218.4,62748.08,0.0
2025-09-02,218.53,218.53,218.53,218.53,67274.57,0.0
2025-09-03,218.77,218.77,218.77,218.77,67883.36,0.0
2025-09-04,218.96,218.96,218.96,218.96,100562.82,0.0
2025-09-05,218.61,218.61,218.61,218.61,103749.07,0.0
2025-09-08,218.33,218.33,218.33,218.33,94798.4,0.0
2025-09-09,218.19,218.19,218.19,218.19,61425.83,0.0
2025-09-10,217.78,217.78,217.78,217.78,119224.04,0.0
2025-09-11,217.94,217.94,217.94,217.94,136152.37,0.0
2025-09-12,218.13,218.13,218.13,218.13,138444.92,0.0
2025-09-15,218.28,218.28,218.28,218.28,112921.53,0.0
2025-09-16,218.47,218.47,218.47,218.47,97768.53,0.0
2025-09-17,218.75,218.75,218.75,218.75,98549.75,0.0
2025-09-18,218.59,218.59,218.59,218.59,149598.02,0.0
2025-09-19,218.28,218.28,218.28,218.28,105865.32,0.0
2025-09-22,218.37,218.37,218.37,218.37,132221.44,0.0
2025-09-23,218.27,218.27,218.27,218.27,88312.63,0.0
2025-09-24,217.93,217.93,217.93,217.93,193075.55,0.0
2025-09-25,217.88,217.88,217.88,217.88,120214.24,0.0
2025-09-26,217.97,217.97,217.97,217.97,172927.27,0.0
2025-09-28,218.11,218.11,218.11,218.11,24433.0,0.0
2025-09-29,218.06,218.06,218.06,218.06,73220.85,0.0
2025-09-30,218.33,218.33,218.33,218.33,69677.36,0.0
2025-10-09,218.68,218.68,218.68,218.68,40374.26,0.0
2025-10-10,218.81,218.81,218.81,218.81,90870.34,0.0
2025-10-11,219.19,219.19,219.19,219.19,6665.04,0.0
2025-10-13,219.08,219.08,219.08,219.08,104466.8,0.0
2025-10-14,219.03,219.03,219.03,219.03,95893.25,0.0
2025-10-15,219.11,219.11,219.11,219.11,140979.79,0.0
2025-10-16,219.09,219.09,219.09,219.09,86667.77,0.0
2025-10-17,219.28,219.28,219.28,219.28,92956.55,0.0
2025-10-20,219.17,219.17,219.17,219.17,104986.08,0.0
2025-10-21,219.1,219.1,219.1,219.1,97380.42,0.0
2025-10-22,219.19,219.19,219.19,219.19,85608.85,0.0
2025-10-23,219.14,219.14,219.14,219.14,281785.66,0.0
2025-10-24,218.99,218.99,218.99,218.99,97860.5,0.0
2025-10-27,219.02,219.02,219.02,219.02,67004.57,0.0
2025-10-28,219.55,219.55,219.55,219.55,144813.22,0.0
2025-10-29,219.53,219.53,219.53,219.53,161398.74,0.0
2025-10-30,219.65,219.65,219.65,219.65,124480.85,0.0
2025-10-31,219.91,219.91,219.91,219.91,97103.42,0.0
2025-11-03,220.0,220.0,220.0,220.0,117361.72,0.0
2025-11-04,219.99,219.99,219.99,219.99,95753.2,0.0
2025-11-05,220.09,220.09,220.09,220.09,84555.63,0.0
2025-11-06,219.94,219.94,219.94,219.94,88499.65,0.0
2025-11-07,219.84,219.84,219.84,219.84,79048.54,0.0
2025-11-10,219.79,219.79,219.79,219.79,69945.08,0.0
2025-11-11,219.85,219.85,219.85,219.85,60344.77,0.0
2025-11-12,219.9,219.9,219.9,219.9,68721.22,0.0
2025-11-13,219.82,219.82,219.82,219.82,63249.32,0.0
2025-11-14,219.83,219.83,219.83,219.83,80931.9,0.0
2025-11-17,219.88,219.88,219.88,219.88,78375.58,0.0
2025-11-18,219.91,219.91,219.91,219.91,58971.49,0.0
2025-11-19,219.84,219.84,219.84,219.84,58066.55,0.0
2025-11-20,219.85,219.85,219.85,219.85,64530.12,0.0
2025-11-21,219.89,219.89,219.89,219.89,89790.07,0.0
2025-11-24,219.89,219.89,219.89,219.89,121890.19,0.0
2025-11-25,219.85,219.85,219.85,219.85,70495.21,0.0
2025-11-26,219.6,219.6,219.6,219.6,90666.79,0.0
2025-11-27,219.45,219.45,219.45,219.45,113151.33,0.0
2025-11-28,219.4,219.4,219.4,219.4,79724.13,0.0
2025-12-01,219.52,219.52,219.52,219.52,78383.41,0.0
2025-12-02,219.53,219.53,219.53,219.53,72013.15,0.0
2025-12-03,219.47,219.47,219.47,219.47,62417.17,0.0
2025-12-04,219.1,219.1,219.1,219.1,71004.68,0.0
2025-12-05,219.21,219.21,219.21,219.21,121632.53,0.0
2025-12-08,219.27,219.27,219.27,219.27,79678.66,0.0
2025-12-09,219.41,219.41,219.41,219.41,85311.66,0.0
2025-12-10,219.39,219.39,219.39,219.39,96627.17,0.0
2025-12-11,219.58,219.58,219.58,219.58,80098.37,0.0
2025-12-12,219.52,219.52,219.52,219.52,88349.39,0.0
2025-12-15,219.31,219.31,219.31,219.31,97038.62,0.0
2025-12-16,219.26,219.26,219.26,219.26,79903.11,0.0
2025-12-17,219.45,219.45,219.45,219.45,105545.72,0.0
2025-12-18,219.59,219.59,219.59,219.59,86949.14,0.0
2025-12-19,219.7,219.7,219.7,219.7,71840.52,0.0
2025-12-22,219.67,219.67,219.67,219.67,56797.16,0.0
2025-12-23,219.73,219.73,219.73,219.73,54319.94,0.0
2025-12-24,219.87,219.87,219.87,219.87,74101.0,0.0
2025-12-25,219.84,219.84,219.84,219.84,51088.04,0.0
2025-12-26,219.84,219.84,219.84,219.84,54468.89,0.0
2025-12-29,219.48,219.48,219.48,219.48,58066.13,0.0
2025-12-30,219.38,219.38,219.38,219.38,89786.12,0.0
2025-12-31,219.41,219.41,219.41,219.41,57216.57,0.0
2026-01-04,219.57,219.57,219.57,219.57,3480.0,0.0
2026-01-05,219.44,219.44,219.44,219.44,60174.04,0.0
2026-01-06,219.15,219.15,219.15,219.15,86726.51,0.0
2026-01-07,218.95,218.95,218.95,218.95,119165.89,0.0
2026-01-08,219.14,219.14,219.14,219.14,56054.06,0.0
2026-01-09,219.22,219.22,219.22,219.22,112836.84,0.0
2026-01-12,219.44,219.44,219.44,219.44,105703.25,0.0
2026-01-13,219.58,219.58,219.58,219.58,98097.71,0.0
2026-01-14,219.74,219.74,219.74,219.74,203868.92,0.0
2026-01-15,219.95,219.95,219.95,219.95,132090.63,0.0
2026-01-16,220.04,220.04,220.04,220.04,137999.44,0.0
2026-01-19,220.21,220.21,220.21,220.21,118978.33,0.0
2026-01-20,220.3,220.3,220.3,220.3,84784.06,0.0
2026-01-21,220.39,220.39,220.39,220.39,135874.06,0.0
2026-01-22,220.41,220.41,220.41,220.41,144673.33,0.0
2026-01-23,220.44,220.44,220.44,220.44,64913.04,0.0
2026-01-26,220.57,220.57,220.57,220.57,133681.56,0.0
2026-01-27,220.59,220.59,220.59,220.59,86422.5,0.0
2026-01-28,220.69,220.69,220.69,220.69,88510.4,0.0
2026-01-29,220.84,220.84,220.84,220.84,106295.89,0.0
2026-01-30,220.85,220.85,220.85,220.85,92099.09,0.0
2026-02-02,220.95,220.95,220.95,220.95,110678.29,0.0
2026-02-03,220.8,220.8,220.8,220.8,85580.2,0.0
2026-02-04,220.84,220.84,220.84,220.84,83278.83,0.0
